id,session_id,device_id,recorded_at,esp32_uptime_ms,elapsed_seconds,mode,temp_air_in,rh_in,temp_air_out,rh_out,temp_media,soil_raw,heater_status,fan_intake_pwm,fan_exhaust_pwm,wifi_rssi,note,created_at,test_stage,phase_name,target_temp_min,target_temp_max,delta_temp,delta_rh,temp_trend,heater_demand,safety_state,sensor_error_flags,http_success
004e77f0-da25-44b3-8f35-0d1e3e01211f,77211883-4c4d-4c93-ad77-9456d4aba557,69527257-2ee0-48be-a172-dbed4bc62b1b,2026-07-08 10:20:02.922779+00,4418276,4417,fuzzy_strong_heating,26.30,77.00,26.20,70.30,26.56,3136,true,206,41,-57,"method=fuzzy_time_proportioning, target=28-30C, temp_filtered=26.28, error=2.72, trend_c_per_min=0.07, heater_demand_pct=97.9, intake_pwm=206, exhaust_pwm=41, relay=ON",2026-07-08 10:20:02.922779+00,,,,,,,,,,,true
005afc64-87e5-4273-8d78-f895c7ed7201,77211883-4c4d-4c93-ad77-9456d4aba557,69527257-2ee0-48be-a172-dbed4bc62b1b,2026-07-08 15:00:32.50185+00,21248438,21247,fuzzy_strong_heating,27.20,76.30,,,26.94,3137,true,180,50,-53,"method=fuzzy_time_proportioning, target=28-30C, temp_filtered=27.13, error=1.87, trend_c_per_min=0.28, heater_demand_pct=80.0, intake_pwm=180, exhaust_pwm=50, relay=ON",2026-07-08 15:00:32.50185+00,,,,,,,,,,,true
007ce289-85df-4ff3-a335-ffc6c63afa25,77211883-4c4d-4c93-ad77-9456d4aba557,69527257-2ee0-48be-a172-dbed4bc62b1b,2026-07-08 16:56:32.729461+00,28208464,28207,fuzzy_strong_heating,27.30,77.10,,,27.13,3125,true,175,50,-56,"method=fuzzy_time_proportioning, target=28-30C, temp_filtered=27.36, error=1.64, trend_c_per_min=-0.22, heater_demand_pct=73.2, intake_pwm=175, exhaust_pwm=50, relay=ON",2026-07-08 16:56:32.729461+00,,,,,,,,,,,true
00939624-a0d7-4852-a0b3-d20460330981,77211883-4c4d-4c93-ad77-9456d4aba557,69527257-2ee0-48be-a172-dbed4bc62b1b,2026-07-08 13:38:01.951612+00,16298438,16297,fuzzy_strong_heating,26.40,78.20,,,26.63,3115,true,202,43,-51,"method=fuzzy_time_proportioning, target=28-30C, temp_filtered=26.38, error=2.62, trend_c_per_min=0.07, heater_demand_pct=94.5, intake_pwm=202, exhaust_pwm=43, relay=ON",2026-07-08 13:38:01.951612+00,,,,,,,,,,,true
00dccb13-bcba-41f1-8a30-4ae5e18d85ce,77211883-4c4d-4c93-ad77-9456d4aba557,69527257-2ee0-48be-a172-dbed4bc62b1b,2026-07-08 14:31:02.191007+00,19478438,19477,fuzzy_strong_heating,26.80,73.60,,,26.81,3119,true,187,47,-57,"method=fuzzy_time_proportioning, target=28-30C, temp_filtered=26.79, error=2.21, trend_c_per_min=0.03, heater_demand_pct=85.2, intake_pwm=187, exhaust_pwm=47, relay=ON",2026-07-08 14:31:02.191007+00,,,,,,,,,,,true
00ee6e44-fe5d-4a88-b298-fc2ebcf0ddce,77211883-4c4d-4c93-ad77-9456d4aba557,69527257-2ee0-48be-a172-dbed4bc62b1b,2026-07-08 14:21:31.268815+00,18908438,18907,fuzzy_strong_heating,26.30,72.20,,,26.56,3137,true,206,41,-57,"method=fuzzy_time_proportioning, target=28-30C, temp_filtered=26.30, error=2.70, trend_c_per_min=0.00, heater_demand_pct=97.5, intake_pwm=206, exhaust_pwm=41, relay=ON",2026-07-08 14:21:31.268815+00,,,,,,,,,,,true
011ffc22-9853-48d9-9a8b-6f06c1507f1a,77211883-4c4d-4c93-ad77-9456d4aba557,69527257-2ee0-48be-a172-dbed4bc62b1b,2026-07-08 09:50:01.185134+00,2618276,2617,fuzzy_strong_heating,26.70,76.20,26.20,69.60,26.75,3140,true,191,46,-52,"method=fuzzy_time_proportioning, target=28-30C, temp_filtered=26.70, error=2.30, trend_c_per_min=-0.00, heater_demand_pct=87.5, intake_pwm=191, exhaust_pwm=46, relay=ON",2026-07-08 09:50:01.185134+00,,,,,,,,,,,true
01744f3b-61ad-48f8-aa1e-f4578b634317,77211883-4c4d-4c93-ad77-9456d4aba557,69527257-2ee0-48be-a172-dbed4bc62b1b,2026-07-08 11:44:31.68306+00,9488417,9487,fuzzy_strong_heating,26.50,73.30,,,26.69,3115,true,198,43,-52,"method=fuzzy_time_proportioning, target=28-30C, temp_filtered=26.50, error=2.50, trend_c_per_min=-0.01, heater_demand_pct=92.5, intake_pwm=198, exhaust_pwm=43, relay=ON",2026-07-08 11:44:31.68306+00,,,,,,,,,,,true
017b24e4-72c0-438b-acf5-6d4f333636e3,77211883-4c4d-4c93-ad77-9456d4aba557,69527257-2ee0-48be-a172-dbed4bc62b1b,2026-07-08 12:39:31.494066+00,12788417,12787,fuzzy_strong_heating,26.30,71.50,,,26.63,3109,true,205,41,-55,"method=fuzzy_time_proportioning, target=28-30C, temp_filtered=26.31, error=2.69, trend_c_per_min=-0.04, heater_demand_pct=97.2, intake_pwm=205, exhaust_pwm=41, relay=ON",2026-07-08 12:39:31.494066+00,,,,,,,,,,,true
01ccd2a9-77a7-4fc2-b584-59e554656769,77211883-4c4d-4c93-ad77-9456d4aba557,69527257-2ee0-48be-a172-dbed4bc62b1b,2026-07-08 14:55:31.273417+00,20948438,20947,fuzzy_strong_heating,27.10,75.90,,,26.88,3132,true,180,50,-53,"method=fuzzy_time_proportioning, target=28-30C, temp_filtered=27.10, error=1.90, trend_c_per_min=0.00, heater_demand_pct=80.0, intake_pwm=180, exhaust_pwm=50, relay=ON",2026-07-08 14:55:31.273417+00,,,,,,,,,,,true
01d3d1a9-24c9-4a72-a08b-9b6754e00bc2,77211883-4c4d-4c93-ad77-9456d4aba557,69527257-2ee0-48be-a172-dbed4bc62b1b,2026-07-08 11:58:31.691857+00,10328417,10327,fuzzy_strong_heating,26.40,77.00,,,26.69,3135,true,202,42,-53,"method=fuzzy_time_proportioning, target=28-30C, temp_filtered=26.40, error=2.60, trend_c_per_min=0.00, heater_demand_pct=95.0, intake_pwm=202, exhaust_pwm=42, relay=ON",2026-07-08 11:58:31.691857+00,,,,,,,,,,,true
0243bfc9-c0cd-4f96-8a80-98ec3194872b,77211883-4c4d-4c93-ad77-9456d4aba557,69527257-2ee0-48be-a172-dbed4bc62b1b,2026-07-08 13:48:05.204714+00,16898438,16897,fuzzy_strong_heating,26.50,74.70,,,26.63,3120,true,198,43,-60,"method=fuzzy_time_proportioning, target=28-30C, temp_filtered=26.50, error=2.50, trend_c_per_min=-0.00, heater_demand_pct=92.5, intake_pwm=198, exhaust_pwm=43, relay=ON",2026-07-08 13:48:05.204714+00,,,,,,,,,,,true
02444cb9-f2e6-4223-8c25-16d1b9dd6744,77211883-4c4d-4c93-ad77-9456d4aba557,69527257-2ee0-48be-a172-dbed4bc62b1b,2026-07-08 10:07:30.804316+00,3668276,3667,fuzzy_strong_heating,26.00,69.20,25.70,64.30,26.50,3104,true,210,40,-52,"method=fuzzy_time_proportioning, target=28-30C, temp_filtered=26.01, error=2.99, trend_c_per_min=-0.03, heater_demand_pct=100.0, intake_pwm=210, exhaust_pwm=40, relay=ON",2026-07-08 10:07:30.804316+00,,,,,,,,,,,true
02766bda-5bc0-485d-afb3-3eae8efdd4e7,77211883-4c4d-4c93-ad77-9456d4aba557,69527257-2ee0-48be-a172-dbed4bc62b1b,2026-07-08 17:45:02.304446+00,31118529,31117,fuzzy_strong_heating,27.00,73.40,26.80,66.50,27.00,3120,true,176,50,-51,"method=fuzzy_time_proportioning, target=28-30C, temp_filtered=27.04, error=1.96, trend_c_per_min=-0.17, heater_demand_pct=74.5, intake_pwm=176, exhaust_pwm=50, relay=ON",2026-07-08 17:45:02.304446+00,,,,,,,,,,,true
029e23ba-01e7-4c02-853b-a89290a36398,77211883-4c4d-4c93-ad77-9456d4aba557,69527257-2ee0-48be-a172-dbed4bc62b1b,2026-07-08 13:32:01.699182+00,15938449,15937,fuzzy_strong_heating,26.10,70.40,,,26.50,3120,true,210,40,-51,"method=fuzzy_time_proportioning, target=28-30C, temp_filtered=26.11, error=2.89, trend_c_per_min=-0.03, heater_demand_pct=100.0, intake_pwm=210, exhaust_pwm=40, relay=ON",2026-07-08 13:32:01.699182+00,,,,,,,,,,,true
02da1272-9856-444c-a406-73ba45f70813,77211883-4c4d-4c93-ad77-9456d4aba557,69527257-2ee0-48be-a172-dbed4bc62b1b,2026-07-08 14:10:01.256608+00,18218438,18217,fuzzy_strong_heating,26.60,75.80,,,26.69,3118,true,187,46,-56,"method=fuzzy_time_proportioning, target=28-30C, temp_filtered=26.63, error=2.37, trend_c_per_min=-0.13, heater_demand_pct=82.5, intake_pwm=187, exhaust_pwm=46, relay=ON",2026-07-08 14:10:01.256608+00,,,,,,,,,,,true
033c309a-949b-4e04-b379-ff5345ccd9e9,77211883-4c4d-4c93-ad77-9456d4aba557,69527257-2ee0-48be-a172-dbed4bc62b1b,2026-07-08 16:28:31.825401+00,26528438,26527,fuzzy_strong_heating,27.30,76.90,,,27.13,3135,true,180,50,-52,"method=fuzzy_time_proportioning, target=28-30C, temp_filtered=27.30, error=1.70, trend_c_per_min=-0.01, heater_demand_pct=80.0, intake_pwm=180, exhaust_pwm=50, relay=ON",2026-07-08 16:28:31.825401+00,,,,,,,,,,,true
03466e02-cdf7-4602-aeba-63c197a1875d,77211883-4c4d-4c93-ad77-9456d4aba557,69527257-2ee0-48be-a172-dbed4bc62b1b,2026-07-08 09:40:01.633828+00,2018276,2017,fuzzy_strong_heating,26.30,79.60,26.00,73.10,26.56,3139,true,200,52,-51,"method=fuzzy_time_proportioning, target=28-30C, temp_filtered=26.30, error=2.70, trend_c_per_min=0.00, heater_demand_pct=90.4, intake_pwm=200, exhaust_pwm=52, relay=ON",2026-07-08 09:40:01.633828+00,,,,,,,,,,,true
035ff637-bdee-4d2f-b783-2f8a17b7798e,77211883-4c4d-4c93-ad77-9456d4aba557,69527257-2ee0-48be-a172-dbed4bc62b1b,2026-07-08 16:42:31.460369+00,27368438,27367,fuzzy_strong_heating,27.30,77.20,,,27.13,3123,true,177,50,-56,"method=fuzzy_time_proportioning, target=28-30C, temp_filtered=27.33, error=1.67, trend_c_per_min=-0.14, heater_demand_pct=75.7, intake_pwm=177, exhaust_pwm=50, relay=ON",2026-07-08 16:42:31.460369+00,,,,,,,,,,,true
038882f7-39f0-4a7f-844e-2c6e4ed17798,77211883-4c4d-4c93-ad77-9456d4aba557,69527257-2ee0-48be-a172-dbed4bc62b1b,2026-07-08 12:29:31.093597+00,12188417,12187,fuzzy_strong_heating,26.70,80.40,,,26.75,3125,true,186,60,-52,"method=fuzzy_time_proportioning, target=28-30C, temp_filtered=26.70, error=2.30, trend_c_per_min=0.01, heater_demand_pct=80.0, intake_pwm=186, exhaust_pwm=60, relay=ON",2026-07-08 12:29:31.093597+00,,,,,,,,,,,true
03c010c2-05d5-4e18-8405-2387d2b103f1,77211883-4c4d-4c93-ad77-9456d4aba557,69527257-2ee0-48be-a172-dbed4bc62b1b,2026-07-08 17:01:01.589194+00,28478453,28477,fuzzy_strong_heating,27.30,77.10,,,27.13,3130,true,179,50,-56,"method=fuzzy_time_proportioning, target=28-30C, temp_filtered=27.32, error=1.68, trend_c_per_min=-0.07, heater_demand_pct=78.7, intake_pwm=179, exhaust_pwm=50, relay=ON",2026-07-08 17:01:01.589194+00,,,,,,,,,,,true
04ca1141-ec49-416c-8449-93af5ca876cc,77211883-4c4d-4c93-ad77-9456d4aba557,69527257-2ee0-48be-a172-dbed4bc62b1b,2026-07-08 14:01:32.543001+00,17708438,17707,fuzzy_strong_heating,26.40,78.10,,,26.56,3120,true,203,42,-55,"method=fuzzy_time_proportioning, target=28-30C, temp_filtered=26.35, error=2.65, trend_c_per_min=0.19, heater_demand_pct=95.7, intake_pwm=203, exhaust_pwm=42, relay=ON",2026-07-08 14:01:32.543001+00,,,,,,,,,,,true
052bf979-f66d-4cdf-a8ed-bd7378b985f6,77211883-4c4d-4c93-ad77-9456d4aba557,69527257-2ee0-48be-a172-dbed4bc62b1b,2026-07-08 15:31:32.565647+00,23108438,23107,fuzzy_strong_heating,27.30,77.30,,,27.00,3120,true,180,50,-53,"method=fuzzy_time_proportioning, target=28-30C, temp_filtered=27.30, error=1.70, trend_c_per_min=0.01, heater_demand_pct=80.0, intake_pwm=180, exhaust_pwm=50, relay=ON",2026-07-08 15:31:32.565647+00,,,,,,,,,,,true
058710ce-3296-412d-89c4-b3834256f1be,77211883-4c4d-4c93-ad77-9456d4aba557,69527257-2ee0-48be-a172-dbed4bc62b1b,2026-07-08 16:41:01.724527+00,27278438,27277,fuzzy_strong_heating,27.30,77.20,,,27.13,3138,true,175,50,-57,"method=fuzzy_time_proportioning, target=28-30C, temp_filtered=27.36, error=1.64, trend_c_per_min=-0.23, heater_demand_pct=73.1, intake_pwm=175, exhaust_pwm=50, relay=ON",2026-07-08 16:41:01.724527+00,,,,,,,,,,,true
06037ad1-4a6d-4556-bdf9-fac650c60adf,77211883-4c4d-4c93-ad77-9456d4aba557,69527257-2ee0-48be-a172-dbed4bc62b1b,2026-07-08 11:03:31.32807+00,7028366,7027,fuzzy_soft_heating,27.10,86.50,,,26.94,3121,true,175,79,-53,"method=fuzzy_time_proportioning, target=28-30C, temp_filtered=27.10, error=1.90, trend_c_per_min=0.00, heater_demand_pct=67.9, intake_pwm=175, exhaust_pwm=79, relay=ON",2026-07-08 11:03:31.32807+00,,,,,,,,,,,true
062c01fb-aa3e-455d-afe2-dc74abbb66e4,77211883-4c4d-4c93-ad77-9456d4aba557,69527257-2ee0-48be-a172-dbed4bc62b1b,2026-07-08 09:57:31.986586+00,3068276,3067,fuzzy_strong_heating,26.40,72.00,25.90,66.60,26.63,3133,true,202,42,-53,"method=fuzzy_time_proportioning, target=28-30C, temp_filtered=26.40, error=2.60, trend_c_per_min=0.00, heater_demand_pct=95.0, intake_pwm=202, exhaust_pwm=42, relay=ON",2026-07-08 09:57:31.986586+00,,,,,,,,,,,true
06417cd7-8046-461b-a474-5948aef297ae,77211883-4c4d-4c93-ad77-9456d4aba557,69527257-2ee0-48be-a172-dbed4bc62b1b,2026-07-08 15:56:32.692003+00,24608438,24607,fuzzy_strong_heating,27.30,77.30,,,27.06,3131,true,180,50,-57,"method=fuzzy_time_proportioning, target=28-30C, temp_filtered=27.30, error=1.70, trend_c_per_min=0.00, heater_demand_pct=80.0, intake_pwm=180, exhaust_pwm=50, relay=ON",2026-07-08 15:56:32.692003+00,,,,,,,,,,,true
06818203-fdf9-40b4-82b3-b8b487b5d5be,77211883-4c4d-4c93-ad77-9456d4aba557,69527257-2ee0-48be-a172-dbed4bc62b1b,2026-07-08 09:47:31.583662+00,2468276,2467,fuzzy_strong_heating,26.80,78.90,26.50,71.00,26.81,3120,true,185,53,-56,"method=fuzzy_time_proportioning, target=28-30C, temp_filtered=26.80, error=2.20, trend_c_per_min=0.00, heater_demand_pct=82.0, intake_pwm=185, exhaust_pwm=53, relay=ON",2026-07-08 09:47:31.583662+00,,,,,,,,,,,true
06d45036-f2e0-408c-baf4-a4421b2d1aee,77211883-4c4d-4c93-ad77-9456d4aba557,69527257-2ee0-48be-a172-dbed4bc62b1b,2026-07-08 16:53:32.192717+00,28028464,28027,fuzzy_strong_heating,27.40,77.10,,,27.13,3115,true,180,50,-55,"method=fuzzy_time_proportioning, target=28-30C, temp_filtered=27.36, error=1.64, trend_c_per_min=0.15, heater_demand_pct=80.0, intake_pwm=180, exhaust_pwm=50, relay=ON",2026-07-08 16:53:32.192717+00,,,,,,,,,,,true
0771df29-a324-47ad-b58f-7e3e91c7e8f3,77211883-4c4d-4c93-ad77-9456d4aba557,69527257-2ee0-48be-a172-dbed4bc62b1b,2026-07-08 11:31:03.020484+00,8678417,8677,fuzzy_strong_heating,26.30,77.60,,,26.69,3131,true,206,41,-56,"method=fuzzy_time_proportioning, target=28-30C, temp_filtered=26.30, error=2.70, trend_c_per_min=0.01, heater_demand_pct=97.5, intake_pwm=206, exhaust_pwm=41, relay=ON",2026-07-08 11:31:03.020484+00,,,,,,,,,,,true
07c40756-f72e-49c5-9ebc-137ca68969f5,77211883-4c4d-4c93-ad77-9456d4aba557,69527257-2ee0-48be-a172-dbed4bc62b1b,2026-07-08 12:24:04.250382+00,11858417,11857,fuzzy_strong_heating,26.40,77.30,,,26.63,3119,true,202,42,-55,"method=fuzzy_time_proportioning, target=28-30C, temp_filtered=26.40, error=2.60, trend_c_per_min=0.01, heater_demand_pct=95.1, intake_pwm=202, exhaust_pwm=42, relay=ON",2026-07-08 12:24:04.250382+00,,,,,,,,,,,true
07c44c00-a61b-4e25-8669-47d756b48421,77211883-4c4d-4c93-ad77-9456d4aba557,69527257-2ee0-48be-a172-dbed4bc62b1b,2026-07-08 14:56:01.268173+00,20978438,20977,fuzzy_strong_heating,27.10,76.10,,,26.94,3131,true,180,50,-53,"method=fuzzy_time_proportioning, target=28-30C, temp_filtered=27.10, error=1.90, trend_c_per_min=0.00, heater_demand_pct=80.0, intake_pwm=180, exhaust_pwm=50, relay=ON",2026-07-08 14:56:01.268173+00,,,,,,,,,,,true
07c72c76-f6f6-48e4-b6c2-4c3b36f60ff8,77211883-4c4d-4c93-ad77-9456d4aba557,69527257-2ee0-48be-a172-dbed4bc62b1b,2026-07-08 12:11:32.978841+00,11108417,11107,fuzzy_strong_heating,26.50,72.70,,,26.69,3127,true,198,43,-56,"method=fuzzy_time_proportioning, target=28-30C, temp_filtered=26.50, error=2.50, trend_c_per_min=-0.00, heater_demand_pct=92.5, intake_pwm=198, exhaust_pwm=43, relay=ON",2026-07-08 12:11:32.978841+00,,,,,,,,,,,true
0818ce9a-63e3-487d-8a78-af85493ebd87,77211883-4c4d-4c93-ad77-9456d4aba557,69527257-2ee0-48be-a172-dbed4bc62b1b,2026-07-08 16:27:32.204668+00,26468438,26467,fuzzy_strong_heating,27.40,76.90,,,27.13,3133,true,180,50,-52,"method=fuzzy_time_proportioning, target=28-30C, temp_filtered=27.36, error=1.64, trend_c_per_min=0.14, heater_demand_pct=80.0, intake_pwm=180, exhaust_pwm=50, relay=ON",2026-07-08 16:27:32.204668+00,,,,,,,,,,,true
0896758b-1495-496c-ab01-f831095f8f6b,77211883-4c4d-4c93-ad77-9456d4aba557,69527257-2ee0-48be-a172-dbed4bc62b1b,2026-07-08 11:46:01.889004+00,9578417,9577,fuzzy_strong_heating,26.50,72.50,,,26.69,3111,true,198,43,-52,"method=fuzzy_time_proportioning, target=28-30C, temp_filtered=26.50, error=2.50, trend_c_per_min=-0.00, heater_demand_pct=92.5, intake_pwm=198, exhaust_pwm=43, relay=ON",2026-07-08 11:46:01.889004+00,,,,,,,,,,,true
08986238-178d-4be0-b19a-e26ec65e67b2,77211883-4c4d-4c93-ad77-9456d4aba557,69527257-2ee0-48be-a172-dbed4bc62b1b,2026-07-08 11:08:01.353658+00,7298366,7297,fuzzy_strong_heating,26.90,80.10,,,26.88,3120,true,176,58,-53,"method=fuzzy_time_proportioning, target=28-30C, temp_filtered=26.94, error=2.06, trend_c_per_min=-0.17, heater_demand_pct=72.4, intake_pwm=176, exhaust_pwm=58, relay=ON",2026-07-08 11:08:01.353658+00,,,,,,,,,,,true
08b83d9b-c32f-440c-b0b5-5d615f908846,77211883-4c4d-4c93-ad77-9456d4aba557,69527257-2ee0-48be-a172-dbed4bc62b1b,2026-07-08 13:18:02.062945+00,15098449,15097,fuzzy_strong_heating,26.60,80.80,,,26.69,3136,true,188,61,-53,"method=fuzzy_time_proportioning, target=28-30C, temp_filtered=26.60, error=2.40, trend_c_per_min=0.00, heater_demand_pct=80.9, intake_pwm=188, exhaust_pwm=61, relay=ON",2026-07-08 13:18:02.062945+00,,,,,,,,,,,true
09340b68-be13-476e-bbfa-ecf597196983,77211883-4c4d-4c93-ad77-9456d4aba557,69527257-2ee0-48be-a172-dbed4bc62b1b,2026-07-08 15:19:02.514038+00,22358438,22357,fuzzy_strong_heating,27.20,77.10,,,27.00,3137,true,180,50,-54,"method=fuzzy_time_proportioning, target=28-30C, temp_filtered=27.20, error=1.80, trend_c_per_min=0.00, heater_demand_pct=80.0, intake_pwm=180, exhaust_pwm=50, relay=ON",2026-07-08 15:19:02.514038+00,,,,,,,,,,,true
0953c6f7-23c1-401d-9642-1638586e58d8,77211883-4c4d-4c93-ad77-9456d4aba557,69527257-2ee0-48be-a172-dbed4bc62b1b,2026-07-08 12:47:02.549027+00,13238417,13237,fuzzy_strong_heating,26.30,76.40,,,26.63,3138,true,206,41,-52,"method=fuzzy_time_proportioning, target=28-30C, temp_filtered=26.30, error=2.70, trend_c_per_min=0.01, heater_demand_pct=97.5, intake_pwm=206, exhaust_pwm=41, relay=ON",2026-07-08 12:47:02.549027+00,,,,,,,,,,,true
099d9d6c-c6a9-407c-9381-a729a90ff3f0,77211883-4c4d-4c93-ad77-9456d4aba557,69527257-2ee0-48be-a172-dbed4bc62b1b,2026-07-08 16:58:01.840768+00,28298464,28297,fuzzy_strong_heating,27.40,77.20,,,27.13,3123,true,180,50,-57,"method=fuzzy_time_proportioning, target=28-30C, temp_filtered=27.39, error=1.61, trend_c_per_min=0.03, heater_demand_pct=80.0, intake_pwm=180, exhaust_pwm=50, relay=ON",2026-07-08 16:58:01.840768+00,,,,,,,,,,,true
0a273dfa-5dbf-477f-aafa-a217a08ac859,77211883-4c4d-4c93-ad77-9456d4aba557,69527257-2ee0-48be-a172-dbed4bc62b1b,2026-07-08 11:10:01.419588+00,7418366,7417,fuzzy_strong_heating,26.80,78.30,,,26.81,3120,true,184,49,-52,"method=fuzzy_time_proportioning, target=28-30C, temp_filtered=26.82, error=2.18, trend_c_per_min=-0.08, heater_demand_pct=81.3, intake_pwm=184, exhaust_pwm=49, relay=ON",2026-07-08 11:10:01.419588+00,,,,,,,,,,,true
0a4e80ed-3912-43c2-8d6d-254e99c93b6c,77211883-4c4d-4c93-ad77-9456d4aba557,69527257-2ee0-48be-a172-dbed4bc62b1b,2026-07-08 15:15:01.708522+00,22118438,22117,fuzzy_strong_heating,27.20,76.90,,,27.00,3134,true,180,50,-53,"method=fuzzy_time_proportioning, target=28-30C, temp_filtered=27.20, error=1.80, trend_c_per_min=0.00, heater_demand_pct=80.0, intake_pwm=180, exhaust_pwm=50, relay=ON",2026-07-08 15:15:01.708522+00,,,,,,,,,,,true
0a5a8cea-da4a-4999-8033-970ed799ba1d,77211883-4c4d-4c93-ad77-9456d4aba557,69527257-2ee0-48be-a172-dbed4bc62b1b,2026-07-08 10:08:01.225421+00,3698276,3697,fuzzy_strong_heating,26.00,69.10,25.60,64.10,26.50,3127,true,209,40,-53,"method=fuzzy_time_proportioning, target=28-30C, temp_filtered=26.00, error=3.00, trend_c_per_min=-0.01, heater_demand_pct=100.0, intake_pwm=209, exhaust_pwm=40, relay=ON",2026-07-08 10:08:01.225421+00,,,,,,,,,,,true
0b07f9b9-7fc2-402f-bd90-e29898a45941,77211883-4c4d-4c93-ad77-9456d4aba557,69527257-2ee0-48be-a172-dbed4bc62b1b,2026-07-08 15:05:02.686697+00,21518438,21517,fuzzy_strong_heating,27.10,76.60,,,26.94,3139,true,177,50,-52,"method=fuzzy_time_proportioning, target=28-30C, temp_filtered=27.13, error=1.87, trend_c_per_min=-0.14, heater_demand_pct=75.8, intake_pwm=177, exhaust_pwm=50, relay=ON",2026-07-08 15:05:02.686697+00,,,,,,,,,,,true
0b4a734f-6d5a-49cd-b89d-790b8d7902e7,77211883-4c4d-4c93-ad77-9456d4aba557,69527257-2ee0-48be-a172-dbed4bc62b1b,2026-07-08 16:47:01.871984+00,27638464,27637,fuzzy_strong_heating,27.40,77.20,,,27.13,3111,true,180,50,-56,"method=fuzzy_time_proportioning, target=28-30C, temp_filtered=27.39, error=1.61, trend_c_per_min=0.03, heater_demand_pct=80.0, intake_pwm=180, exhaust_pwm=50, relay=ON",2026-07-08 16:47:01.871984+00,,,,,,,,,,,true
0bd07790-29c4-425d-9081-95443c304b79,77211883-4c4d-4c93-ad77-9456d4aba557,69527257-2ee0-48be-a172-dbed4bc62b1b,2026-07-08 15:28:31.723712+00,22928438,22927,fuzzy_strong_heating,27.20,77.30,,,27.00,3127,true,179,50,-53,"method=fuzzy_time_proportioning, target=28-30C, temp_filtered=27.22, error=1.78, trend_c_per_min=-0.08, heater_demand_pct=78.6, intake_pwm=179, exhaust_pwm=50, relay=ON",2026-07-08 15:28:31.723712+00,,,,,,,,,,,true
0bd53a7e-0fd8-40b3-a4f3-3ec3cee0247d,77211883-4c4d-4c93-ad77-9456d4aba557,69527257-2ee0-48be-a172-dbed4bc62b1b,2026-07-08 14:20:01.280269+00,18818438,18817,fuzzy_strong_heating,26.30,71.80,,,26.56,3118,true,206,41,-56,"method=fuzzy_time_proportioning, target=28-30C, temp_filtered=26.30, error=2.70, trend_c_per_min=0.00, heater_demand_pct=97.5, intake_pwm=206, exhaust_pwm=41, relay=ON",2026-07-08 14:20:01.280269+00,,,,,,,,,,,true
0c4de9b4-bc6b-4ade-9aaa-4708dac3c4ba,77211883-4c4d-4c93-ad77-9456d4aba557,69527257-2ee0-48be-a172-dbed4bc62b1b,2026-07-08 16:24:31.727483+00,26288438,26287,fuzzy_strong_heating,27.30,76.80,,,27.13,3107,true,180,50,-55,"method=fuzzy_time_proportioning, target=28-30C, temp_filtered=27.30, error=1.70, trend_c_per_min=-0.00, heater_demand_pct=80.0, intake_pwm=180, exhaust_pwm=50, relay=ON",2026-07-08 16:24:31.727483+00,,,,,,,,,,,true
0c8fdeb6-5831-4ce0-bdc9-7cf9150f9e47,77211883-4c4d-4c93-ad77-9456d4aba557,69527257-2ee0-48be-a172-dbed4bc62b1b,2026-07-08 16:32:01.941749+00,26738438,26737,fuzzy_strong_heating,27.30,77.00,,,27.13,3134,true,180,50,-52,"method=fuzzy_time_proportioning, target=28-30C, temp_filtered=27.30, error=1.70, trend_c_per_min=0.00, heater_demand_pct=80.0, intake_pwm=180, exhaust_pwm=50, relay=ON",2026-07-08 16:32:01.941749+00,,,,,,,,,,,true
0cc49f13-d146-48a3-b786-179439900057,77211883-4c4d-4c93-ad77-9456d4aba557,69527257-2ee0-48be-a172-dbed4bc62b1b,2026-07-08 14:06:31.199569+00,18008438,18007,fuzzy_strong_heating,26.70,80.50,,,26.69,3117,true,186,61,-51,"method=fuzzy_time_proportioning, target=28-30C, temp_filtered=26.70, error=2.30, trend_c_per_min=0.00, heater_demand_pct=79.8, intake_pwm=186, exhaust_pwm=61, relay=ON",2026-07-08 14:06:31.199569+00,,,,,,,,,,,true
0d503d6e-b5df-4bc1-b457-52078ff99c3b,77211883-4c4d-4c93-ad77-9456d4aba557,69527257-2ee0-48be-a172-dbed4bc62b1b,2026-07-08 11:14:32.605365+00,7688428,7687,fuzzy_strong_heating,26.50,75.60,,,26.75,3136,true,187,46,-52,"method=fuzzy_time_proportioning, target=28-30C, temp_filtered=26.58, error=2.42, trend_c_per_min=-0.30, heater_demand_pct=82.4, intake_pwm=187, exhaust_pwm=46, relay=ON",2026-07-08 11:14:32.605365+00,,,,,,,,,,,true
0da3888a-e332-4c0a-9fe9-8f65a88ea7ac,77211883-4c4d-4c93-ad77-9456d4aba557,69527257-2ee0-48be-a172-dbed4bc62b1b,2026-07-08 14:14:32.041963+00,18488438,18487,fuzzy_strong_heating,26.40,72.70,,,26.63,3130,true,202,42,-53,"method=fuzzy_time_proportioning, target=28-30C, temp_filtered=26.40, error=2.60, trend_c_per_min=-0.01, heater_demand_pct=94.9, intake_pwm=202, exhaust_pwm=42, relay=ON",2026-07-08 14:14:32.041963+00,,,,,,,,,,,true
0db62c85-7e73-4210-9d50-b943edf7f2d6,77211883-4c4d-4c93-ad77-9456d4aba557,69527257-2ee0-48be-a172-dbed4bc62b1b,2026-07-08 17:43:02.518714+00,30998529,30997,fuzzy_strong_heating,27.20,75.00,,,27.13,3135,true,180,50,-52,"method=fuzzy_time_proportioning, target=28-30C, temp_filtered=27.20, error=1.80, trend_c_per_min=-0.01, heater_demand_pct=80.0, intake_pwm=180, exhaust_pwm=50, relay=ON",2026-07-08 17:43:02.518714+00,,,,,,,,,,,true
0dca2c0e-d4ad-4f18-aa5e-2d93c39e0e6d,77211883-4c4d-4c93-ad77-9456d4aba557,69527257-2ee0-48be-a172-dbed4bc62b1b,2026-07-08 12:46:31.525398+00,13208417,13207,fuzzy_strong_heating,26.30,75.90,,,26.56,3113,true,206,41,-51,"method=fuzzy_time_proportioning, target=28-30C, temp_filtered=26.29, error=2.71, trend_c_per_min=0.04, heater_demand_pct=97.8, intake_pwm=206, exhaust_pwm=41, relay=ON",2026-07-08 12:46:31.525398+00,,,,,,,,,,,true
0dd2fe74-9d0e-4f62-afa5-84d239e9208c,77211883-4c4d-4c93-ad77-9456d4aba557,69527257-2ee0-48be-a172-dbed4bc62b1b,2026-07-08 12:28:01.746933+00,12098417,12097,fuzzy_strong_heating,26.60,80.60,,,26.75,3120,true,188,60,-52,"method=fuzzy_time_proportioning, target=28-30C, temp_filtered=26.60, error=2.40, trend_c_per_min=0.00, heater_demand_pct=81.4, intake_pwm=188, exhaust_pwm=60, relay=ON",2026-07-08 12:28:01.746933+00,,,,,,,,,,,true
0dfd30f8-73c0-4562-a803-f77539f28a8d,77211883-4c4d-4c93-ad77-9456d4aba557,69527257-2ee0-48be-a172-dbed4bc62b1b,2026-07-08 17:19:02.493197+00,29558529,29557,fuzzy_strong_heating,27.30,77.40,,,27.19,3409,true,175,50,-54,"method=fuzzy_time_proportioning, target=28-30C, temp_filtered=27.37, error=1.63, trend_c_per_min=-0.28, heater_demand_pct=72.5, intake_pwm=175, exhaust_pwm=50, relay=ON",2026-07-08 17:19:02.493197+00,,,,,,,,,,,true
0e27ccff-6900-4a13-9710-14718515d354,77211883-4c4d-4c93-ad77-9456d4aba557,69527257-2ee0-48be-a172-dbed4bc62b1b,2026-07-08 10:07:01.59789+00,3638276,3637,fuzzy_strong_heating,26.00,69.30,25.70,64.30,26.56,3135,true,210,40,-55,"method=fuzzy_time_proportioning, target=28-30C, temp_filtered=26.05, error=2.95, trend_c_per_min=-0.18, heater_demand_pct=100.0, intake_pwm=210, exhaust_pwm=40, relay=ON",2026-07-08 10:07:01.59789+00,,,,,,,,,,,true
0e7dd29a-e328-4c21-899e-c0ea2f796784,77211883-4c4d-4c93-ad77-9456d4aba557,69527257-2ee0-48be-a172-dbed4bc62b1b,2026-07-08 16:33:32.162884+00,26828438,26827,fuzzy_strong_heating,27.40,77.10,,,27.13,3126,true,179,50,-52,"method=fuzzy_time_proportioning, target=28-30C, temp_filtered=27.35, error=1.65, trend_c_per_min=0.21, heater_demand_pct=80.0, intake_pwm=179, exhaust_pwm=50, relay=ON",2026-07-08 16:33:32.162884+00,,,,,,,,,,,true
0eab286e-dea6-49dc-b051-bfcd3469b9c7,77211883-4c4d-4c93-ad77-9456d4aba557,69527257-2ee0-48be-a172-dbed4bc62b1b,2026-07-08 14:09:31.359581+00,18188438,18187,fuzzy_strong_heating,26.70,76.40,,,26.69,3134,true,191,46,-53,"method=fuzzy_time_proportioning, target=28-30C, temp_filtered=26.70, error=2.30, trend_c_per_min=0.00, heater_demand_pct=87.5, intake_pwm=191, exhaust_pwm=46, relay=ON",2026-07-08 14:09:31.359581+00,,,,,,,,,,,true
0eacddd2-ee8c-41d8-a9f4-eedf49b20fca,77211883-4c4d-4c93-ad77-9456d4aba557,69527257-2ee0-48be-a172-dbed4bc62b1b,2026-07-08 15:03:02.145749+00,21398438,21397,fuzzy_strong_heating,27.20,76.50,,,26.94,3118,true,180,50,-53,"method=fuzzy_time_proportioning, target=28-30C, temp_filtered=27.17, error=1.83, trend_c_per_min=0.11, heater_demand_pct=80.0, intake_pwm=180, exhaust_pwm=50, relay=ON",2026-07-08 15:03:02.145749+00,,,,,,,,,,,true
0ec68ff3-845c-4403-8629-26c6703b2cb1,77211883-4c4d-4c93-ad77-9456d4aba557,69527257-2ee0-48be-a172-dbed4bc62b1b,2026-07-08 09:15:01.43331+00,518476,517,fuzzy_strong_heating,26.20,73.90,25.50,68.60,26.81,3170,true,203,41,-56,"method=fuzzy_time_proportioning, target=28-30C, temp_filtered=26.28, error=2.72, trend_c_per_min=-0.32, heater_demand_pct=95.0, intake_pwm=203, exhaust_pwm=41, relay=ON",2026-07-08 09:15:01.43331+00,,,,,,,,,,,true
0f12b111-e709-4542-bead-7c570d919f6e,77211883-4c4d-4c93-ad77-9456d4aba557,69527257-2ee0-48be-a172-dbed4bc62b1b,2026-07-08 13:26:31.162643+00,15608449,15607,fuzzy_strong_heating,26.40,73.00,,,26.63,3135,true,202,42,-53,"method=fuzzy_time_proportioning, target=28-30C, temp_filtered=26.40, error=2.60, trend_c_per_min=-0.00, heater_demand_pct=95.0, intake_pwm=202, exhaust_pwm=42, relay=ON",2026-07-08 13:26:31.162643+00,,,,,,,,,,,true
0f7c225f-e537-4edc-a85a-5ec5ed0b5a80,77211883-4c4d-4c93-ad77-9456d4aba557,69527257-2ee0-48be-a172-dbed4bc62b1b,2026-07-08 13:47:01.637472+00,16838438,16837,fuzzy_strong_heating,26.50,75.40,,,26.69,3120,true,189,45,-58,"method=fuzzy_time_proportioning, target=28-30C, temp_filtered=26.53, error=2.47, trend_c_per_min=-0.13, heater_demand_pct=84.3, intake_pwm=189, exhaust_pwm=45, relay=ON",2026-07-08 13:47:01.637472+00,,,,,,,,,,,true
0f8a924d-5d11-452f-950b-e00c61d54ed7,77211883-4c4d-4c93-ad77-9456d4aba557,69527257-2ee0-48be-a172-dbed4bc62b1b,2026-07-08 16:43:31.823899+00,27428438,27427,fuzzy_strong_heating,27.40,77.20,,,27.13,3142,true,180,50,-55,"method=fuzzy_time_proportioning, target=28-30C, temp_filtered=27.36, error=1.64, trend_c_per_min=0.17, heater_demand_pct=80.0, intake_pwm=180, exhaust_pwm=50, relay=ON",2026-07-08 16:43:31.823899+00,,,,,,,,,,,true
0f8bdc3d-a1f3-4efa-8b68-dd84fe4f33bb,77211883-4c4d-4c93-ad77-9456d4aba557,69527257-2ee0-48be-a172-dbed4bc62b1b,2026-07-08 16:18:31.743907+00,25928438,25927,fuzzy_strong_heating,27.30,76.70,,,27.13,3113,true,180,50,-52,"method=fuzzy_time_proportioning, target=28-30C, temp_filtered=27.30, error=1.70, trend_c_per_min=0.00, heater_demand_pct=80.0, intake_pwm=180, exhaust_pwm=50, relay=ON",2026-07-08 16:18:31.743907+00,,,,,,,,,,,true
0f9c088b-e68d-4800-abf8-3c29f04a4705,77211883-4c4d-4c93-ad77-9456d4aba557,69527257-2ee0-48be-a172-dbed4bc62b1b,2026-07-08 16:24:02.302081+00,26258438,26257,fuzzy_strong_heating,27.30,76.90,,,27.13,3133,true,180,50,-52,"method=fuzzy_time_proportioning, target=28-30C, temp_filtered=27.30, error=1.70, trend_c_per_min=-0.00, heater_demand_pct=80.0, intake_pwm=180, exhaust_pwm=50, relay=ON",2026-07-08 16:24:02.302081+00,,,,,,,,,,,true
0fcbceaa-1892-437c-8ead-4be1404dd31b,77211883-4c4d-4c93-ad77-9456d4aba557,69527257-2ee0-48be-a172-dbed4bc62b1b,2026-07-08 16:09:03.106039+00,25358438,25357,fuzzy_strong_heating,27.30,77.10,,,27.06,3134,true,180,50,-53,"method=fuzzy_time_proportioning, target=28-30C, temp_filtered=27.30, error=1.70, trend_c_per_min=0.00, heater_demand_pct=80.0, intake_pwm=180, exhaust_pwm=50, relay=ON",2026-07-08 16:09:03.106039+00,,,,,,,,,,,true
0ff8ba2a-ba2d-4e09-be24-e12904b410bc,77211883-4c4d-4c93-ad77-9456d4aba557,69527257-2ee0-48be-a172-dbed4bc62b1b,2026-07-08 16:13:32.261822+00,25628438,25627,fuzzy_strong_heating,27.30,77.00,,,27.06,3135,true,180,50,-53,"method=fuzzy_time_proportioning, target=28-30C, temp_filtered=27.30, error=1.70, trend_c_per_min=0.00, heater_demand_pct=80.0, intake_pwm=180, exhaust_pwm=50, relay=ON",2026-07-08 16:13:32.261822+00,,,,,,,,,,,true
102f0923-7b6b-4e79-9b05-df941da15584,77211883-4c4d-4c93-ad77-9456d4aba557,69527257-2ee0-48be-a172-dbed4bc62b1b,2026-07-08 12:31:01.52988+00,12278417,12277,fuzzy_strong_heating,26.70,78.20,,,26.75,3120,true,190,47,-54,"method=fuzzy_time_proportioning, target=28-30C, temp_filtered=26.70, error=2.30, trend_c_per_min=0.00, heater_demand_pct=86.7, intake_pwm=190, exhaust_pwm=47, relay=ON",2026-07-08 12:31:01.52988+00,,,,,,,,,,,true
104ca6c4-f95d-469b-b28f-c40383976897,77211883-4c4d-4c93-ad77-9456d4aba557,69527257-2ee0-48be-a172-dbed4bc62b1b,2026-07-08 11:25:01.877346+00,8318417,8317,fuzzy_strong_heating,26.20,71.20,,,26.63,3132,true,209,40,-56,"method=fuzzy_time_proportioning, target=28-30C, temp_filtered=26.20, error=2.80, trend_c_per_min=-0.00, heater_demand_pct=100.0, intake_pwm=209, exhaust_pwm=40, relay=ON",2026-07-08 11:25:01.877346+00,,,,,,,,,,,true
10e81aa7-5bb7-44c9-ade4-78e3399c0c18,77211883-4c4d-4c93-ad77-9456d4aba557,69527257-2ee0-48be-a172-dbed4bc62b1b,2026-07-08 14:51:01.695191+00,20678438,20677,fuzzy_strong_heating,27.10,75.70,,,26.94,3117,true,180,50,-52,"method=fuzzy_time_proportioning, target=28-30C, temp_filtered=27.10, error=1.90, trend_c_per_min=0.00, heater_demand_pct=80.0, intake_pwm=180, exhaust_pwm=50, relay=ON",2026-07-08 14:51:01.695191+00,,,,,,,,,,,true
10fc2464-b8bd-4c71-b01a-2a7bf76b7f42,77211883-4c4d-4c93-ad77-9456d4aba557,69527257-2ee0-48be-a172-dbed4bc62b1b,2026-07-08 17:55:02.406496+00,31718529,31717,fuzzy_strong_heating,26.30,69.90,25.90,65.00,26.75,3110,true,206,41,-51,"method=fuzzy_time_proportioning, target=28-30C, temp_filtered=26.31, error=2.69, trend_c_per_min=-0.02, heater_demand_pct=97.4, intake_pwm=206, exhaust_pwm=41, relay=ON",2026-07-08 17:55:02.406496+00,,,,,,,,,,,true
11909024-16c6-4732-8346-d90244d2b207,77211883-4c4d-4c93-ad77-9456d4aba557,69527257-2ee0-48be-a172-dbed4bc62b1b,2026-07-08 13:45:01.95897+00,16718438,16717,fuzzy_strong_heating,26.60,77.90,,,26.69,3111,true,194,45,-57,"method=fuzzy_time_proportioning, target=28-30C, temp_filtered=26.61, error=2.39, trend_c_per_min=-0.03, heater_demand_pct=89.8, intake_pwm=194, exhaust_pwm=45, relay=ON",2026-07-08 13:45:01.95897+00,,,,,,,,,,,true
11c5dd6a-c3fd-4900-8149-f10405123320,77211883-4c4d-4c93-ad77-9456d4aba557,69527257-2ee0-48be-a172-dbed4bc62b1b,2026-07-08 16:52:01.803682+00,27938464,27937,fuzzy_strong_heating,27.30,77.20,,,27.13,3126,true,176,50,-56,"method=fuzzy_time_proportioning, target=28-30C, temp_filtered=27.34, error=1.66, trend_c_per_min=-0.17, heater_demand_pct=74.5, intake_pwm=176, exhaust_pwm=50, relay=ON",2026-07-08 16:52:01.803682+00,,,,,,,,,,,true
1217cfb7-0cbd-44f5-ac03-4ff4bd8b6c87,77211883-4c4d-4c93-ad77-9456d4aba557,69527257-2ee0-48be-a172-dbed4bc62b1b,2026-07-08 11:57:01.986844+00,10238417,10237,fuzzy_strong_heating,26.30,75.10,,,26.63,3137,true,206,41,-52,"method=fuzzy_time_proportioning, target=28-30C, temp_filtered=26.30, error=2.70, trend_c_per_min=0.00, heater_demand_pct=97.5, intake_pwm=206, exhaust_pwm=41, relay=ON",2026-07-08 11:57:01.986844+00,,,,,,,,,,,true
1273c506-27bb-4e68-9a8b-7ca509e01fdf,77211883-4c4d-4c93-ad77-9456d4aba557,69527257-2ee0-48be-a172-dbed4bc62b1b,2026-07-08 15:01:01.744757+00,21278438,21277,fuzzy_strong_heating,27.10,76.30,,,26.94,3120,true,180,50,-54,"method=fuzzy_time_proportioning, target=28-30C, temp_filtered=27.11, error=1.89, trend_c_per_min=-0.02, heater_demand_pct=80.0, intake_pwm=180, exhaust_pwm=50, relay=ON",2026-07-08 15:01:01.744757+00,,,,,,,,,,,true
12b58f6a-6ac0-4c00-8b13-8880730e5410,77211883-4c4d-4c93-ad77-9456d4aba557,69527257-2ee0-48be-a172-dbed4bc62b1b,2026-07-08 13:56:31.817851+00,17408438,17407,fuzzy_strong_heating,26.10,71.40,,,26.50,3126,true,210,40,-54,"method=fuzzy_time_proportioning, target=28-30C, temp_filtered=26.10, error=2.90, trend_c_per_min=-0.00, heater_demand_pct=100.0, intake_pwm=210, exhaust_pwm=40, relay=ON",2026-07-08 13:56:31.817851+00,,,,,,,,,,,true
12cd8f67-feaa-485c-a1c7-4a41909e5221,77211883-4c4d-4c93-ad77-9456d4aba557,69527257-2ee0-48be-a172-dbed4bc62b1b,2026-07-08 17:37:02.627522+00,30638529,30637,fuzzy_strong_heating,27.40,76.30,,,27.19,3109,true,180,50,-61,"method=fuzzy_time_proportioning, target=28-30C, temp_filtered=27.39, error=1.61, trend_c_per_min=0.03, heater_demand_pct=80.0, intake_pwm=180, exhaust_pwm=50, relay=ON",2026-07-08 17:37:02.627522+00,,,,,,,,,,,true
12e7efd0-8b08-4489-8567-8d70d5aa1b58,77211883-4c4d-4c93-ad77-9456d4aba557,69527257-2ee0-48be-a172-dbed4bc62b1b,2026-07-08 14:35:01.660972+00,19718438,19717,fuzzy_strong_heating,26.90,74.20,,,26.81,3136,true,183,48,-57,"method=fuzzy_time_proportioning, target=28-30C, temp_filtered=26.90, error=2.10, trend_c_per_min=0.00, heater_demand_pct=82.5, intake_pwm=183, exhaust_pwm=48, relay=ON",2026-07-08 14:35:01.660972+00,,,,,,,,,,,true
131c0b03-53fa-40e1-8f29-4f5ede43c2cd,77211883-4c4d-4c93-ad77-9456d4aba557,69527257-2ee0-48be-a172-dbed4bc62b1b,2026-07-08 12:59:01.742696+00,13958417,13957,fuzzy_strong_heating,26.50,74.40,,,26.63,3115,true,198,43,-53,"method=fuzzy_time_proportioning, target=28-30C, temp_filtered=26.50, error=2.50, trend_c_per_min=-0.01, heater_demand_pct=92.4, intake_pwm=198, exhaust_pwm=43, relay=ON",2026-07-08 12:59:01.742696+00,,,,,,,,,,,true
1341b46c-5102-4a2e-9ca0-6913319433ac,77211883-4c4d-4c93-ad77-9456d4aba557,69527257-2ee0-48be-a172-dbed4bc62b1b,2026-07-08 17:59:32.030611+00,31988529,31987,fuzzy_strong_heating,26.10,68.80,25.70,64.40,26.69,3124,true,210,40,-49,"method=fuzzy_time_proportioning, target=28-30C, temp_filtered=26.10, error=2.90, trend_c_per_min=-0.01, heater_demand_pct=100.0, intake_pwm=210, exhaust_pwm=40, relay=ON",2026-07-08 17:59:32.030611+00,,,,,0.4,4.4,,,,,true
1360d4d8-f5a0-4272-b681-da37f59daf0e,77211883-4c4d-4c93-ad77-9456d4aba557,69527257-2ee0-48be-a172-dbed4bc62b1b,2026-07-08 11:37:02.566362+00,9038417,9037,fuzzy_strong_heating,26.70,80.90,,,26.75,3110,true,185,63,-53,"method=fuzzy_time_proportioning, target=28-30C, temp_filtered=26.69, error=2.31, trend_c_per_min=0.03, heater_demand_pct=79.0, intake_pwm=185, exhaust_pwm=63, relay=ON",2026-07-08 11:37:02.566362+00,,,,,,,,,,,true
13923516-8fc0-40a5-8277-842467747000,77211883-4c4d-4c93-ad77-9456d4aba557,69527257-2ee0-48be-a172-dbed4bc62b1b,2026-07-08 10:33:01.734591+00,5198276,5197,fuzzy_strong_heating,26.90,83.70,26.90,74.90,26.81,3120,true,178,74,-55,"method=fuzzy_time_proportioning, target=28-30C, temp_filtered=26.90, error=2.10, trend_c_per_min=0.00, heater_demand_pct=71.1, intake_pwm=178, exhaust_pwm=74, relay=ON",2026-07-08 10:33:01.734591+00,,,,,,,,,,,true
13c70e06-a3d8-4c89-85d6-32972d061a90,77211883-4c4d-4c93-ad77-9456d4aba557,69527257-2ee0-48be-a172-dbed4bc62b1b,2026-07-08 16:06:01.876624+00,25178438,25177,fuzzy_strong_heating,27.30,77.10,,,27.13,3120,true,180,50,-53,"method=fuzzy_time_proportioning, target=28-30C, temp_filtered=27.30, error=1.70, trend_c_per_min=0.00, heater_demand_pct=80.0, intake_pwm=180, exhaust_pwm=50, relay=ON",2026-07-08 16:06:01.876624+00,,,,,,,,,,,true
13d13267-47bd-4920-b14a-b83adf548855,77211883-4c4d-4c93-ad77-9456d4aba557,69527257-2ee0-48be-a172-dbed4bc62b1b,2026-07-08 15:45:02.097874+00,23918438,23917,fuzzy_strong_heating,27.30,77.50,,,27.00,3122,true,180,50,-57,"method=fuzzy_time_proportioning, target=28-30C, temp_filtered=27.30, error=1.70, trend_c_per_min=0.00, heater_demand_pct=80.0, intake_pwm=180, exhaust_pwm=50, relay=ON",2026-07-08 15:45:02.097874+00,,,,,,,,,,,true
13f4183c-c39f-4a57-9b5e-4902bae495f1,77211883-4c4d-4c93-ad77-9456d4aba557,69527257-2ee0-48be-a172-dbed4bc62b1b,2026-07-08 17:26:01.933371+00,29978529,29977,fuzzy_strong_heating,27.40,77.00,,,27.19,3107,true,180,50,-54,"method=fuzzy_time_proportioning, target=28-30C, temp_filtered=27.39, error=1.61, trend_c_per_min=0.06, heater_demand_pct=80.0, intake_pwm=180, exhaust_pwm=50, relay=ON",2026-07-08 17:26:01.933371+00,,,,,,,,,,,true
1408676b-eb5d-4dba-8cdf-42ab1a1b093a,77211883-4c4d-4c93-ad77-9456d4aba557,69527257-2ee0-48be-a172-dbed4bc62b1b,2026-07-08 12:06:31.836441+00,10808417,10807,fuzzy_strong_heating,26.70,77.00,,,26.75,3133,true,191,46,-55,"method=fuzzy_time_proportioning, target=28-30C, temp_filtered=26.70, error=2.30, trend_c_per_min=0.00, heater_demand_pct=87.5, intake_pwm=191, exhaust_pwm=46, relay=ON",2026-07-08 12:06:31.836441+00,,,,,,,,,,,true
1424e3bb-a7c5-4422-8c94-b5f359c7c8bd,77211883-4c4d-4c93-ad77-9456d4aba557,69527257-2ee0-48be-a172-dbed4bc62b1b,2026-07-08 16:42:02.20674+00,27338438,27337,fuzzy_strong_heating,27.30,77.20,,,27.13,3123,true,176,50,-55,"method=fuzzy_time_proportioning, target=28-30C, temp_filtered=27.34, error=1.66, trend_c_per_min=-0.16, heater_demand_pct=74.8, intake_pwm=176, exhaust_pwm=50, relay=ON",2026-07-08 16:42:02.20674+00,,,,,,,,,,,true
1428da8b-1d58-43c4-9d76-73d76f96157e,77211883-4c4d-4c93-ad77-9456d4aba557,69527257-2ee0-48be-a172-dbed4bc62b1b,2026-07-08 16:13:02.099861+00,25598438,25597,fuzzy_strong_heating,27.30,77.00,,,27.06,3141,true,180,50,-53,"method=fuzzy_time_proportioning, target=28-30C, temp_filtered=27.30, error=1.70, trend_c_per_min=0.00, heater_demand_pct=80.0, intake_pwm=180, exhaust_pwm=50, relay=ON",2026-07-08 16:13:02.099861+00,,,,,,,,,,,true
142b7b44-2280-4a1e-8bbc-ec24efbf4bbc,77211883-4c4d-4c93-ad77-9456d4aba557,69527257-2ee0-48be-a172-dbed4bc62b1b,2026-07-08 18:07:31.572542+00,32468529,32467,fuzzy_strong_heating,25.90,67.40,25.20,63.60,26.50,3135,true,210,40,-49,"method=fuzzy_time_proportioning, target=28-30C, temp_filtered=25.90, error=3.10, trend_c_per_min=-0.00, heater_demand_pct=100.0, intake_pwm=210, exhaust_pwm=40, relay=ON",2026-07-08 18:07:31.572542+00,,,,,0.7,3.8,,,,,true
145b3e87-18ba-4e0e-981b-66fc22c6d6ab,77211883-4c4d-4c93-ad77-9456d4aba557,69527257-2ee0-48be-a172-dbed4bc62b1b,2026-07-08 10:45:01.239103+00,5918276,5917,fuzzy_strong_heating,27.20,82.10,26.90,73.70,26.94,3149,true,177,67,-64,"method=fuzzy_time_proportioning, target=28-30C, temp_filtered=27.20, error=1.80, trend_c_per_min=0.00, heater_demand_pct=72.7, intake_pwm=177, exhaust_pwm=67, relay=ON",2026-07-08 10:45:01.239103+00,,,,,,,,,,,true
150b1a88-e45f-443e-beb0-5546d2090c91,77211883-4c4d-4c93-ad77-9456d4aba557,69527257-2ee0-48be-a172-dbed4bc62b1b,2026-07-08 13:42:31.889862+00,16568438,16567,fuzzy_strong_heating,26.60,81.10,,,26.69,3127,true,188,63,-56,"method=fuzzy_time_proportioning, target=28-30C, temp_filtered=26.60, error=2.40, trend_c_per_min=0.00, heater_demand_pct=80.2, intake_pwm=188, exhaust_pwm=63, relay=ON",2026-07-08 13:42:31.889862+00,,,,,,,,,,,true
15246957-7029-4a0d-b141-696da02c4642,77211883-4c4d-4c93-ad77-9456d4aba557,69527257-2ee0-48be-a172-dbed4bc62b1b,2026-07-08 13:15:31.155541+00,14948449,14947,fuzzy_strong_heating,26.50,79.30,,,26.69,3130,true,194,52,-55,"method=fuzzy_time_proportioning, target=28-30C, temp_filtered=26.50, error=2.50, trend_c_per_min=0.02, heater_demand_pct=87.4, intake_pwm=194, exhaust_pwm=52, relay=ON",2026-07-08 13:15:31.155541+00,,,,,,,,,,,true
154e5b3a-63da-4d3b-80dd-4fb20455d79a,77211883-4c4d-4c93-ad77-9456d4aba557,69527257-2ee0-48be-a172-dbed4bc62b1b,2026-07-08 09:54:01.631231+00,2858276,2857,fuzzy_strong_heating,26.40,74.00,26.00,68.10,26.69,3123,true,192,45,-51,"method=fuzzy_time_proportioning, target=28-30C, temp_filtered=26.48, error=2.52, trend_c_per_min=-0.30, heater_demand_pct=85.9, intake_pwm=192, exhaust_pwm=45, relay=ON",2026-07-08 09:54:01.631231+00,,,,,,,,,,,true
157bbdd3-173e-41df-ac40-518133513951,77211883-4c4d-4c93-ad77-9456d4aba557,69527257-2ee0-48be-a172-dbed4bc62b1b,2026-07-08 09:12:31.769835+00,368476,367,fuzzy_strong_heating,26.50,76.40,25.80,70.00,26.88,3169,true,198,43,-57,"method=fuzzy_time_proportioning, target=28-30C, temp_filtered=26.50, error=2.50, trend_c_per_min=-0.01, heater_demand_pct=92.5, intake_pwm=198, exhaust_pwm=43, relay=ON",2026-07-08 09:12:31.769835+00,,,,,,,,,,,true
15973e4f-9a87-4fbc-b172-12217f131d46,77211883-4c4d-4c93-ad77-9456d4aba557,69527257-2ee0-48be-a172-dbed4bc62b1b,2026-07-08 14:02:31.649152+00,17768438,17767,fuzzy_strong_heating,26.40,79.80,,,26.63,3120,true,196,54,-54,"method=fuzzy_time_proportioning, target=28-30C, temp_filtered=26.40, error=2.60, trend_c_per_min=0.01, heater_demand_pct=87.7, intake_pwm=196, exhaust_pwm=54, relay=ON",2026-07-08 14:02:31.649152+00,,,,,,,,,,,true
15c077b4-c48f-4406-bb80-ed355e52980c,77211883-4c4d-4c93-ad77-9456d4aba557,69527257-2ee0-48be-a172-dbed4bc62b1b,2026-07-08 10:10:00.811683+00,3818276,3817,fuzzy_strong_heating,26.00,68.80,25.60,63.80,26.50,3136,true,210,40,-55,"method=fuzzy_time_proportioning, target=28-30C, temp_filtered=26.00, error=3.00, trend_c_per_min=0.00, heater_demand_pct=100.0, intake_pwm=210, exhaust_pwm=40, relay=ON",2026-07-08 10:10:00.811683+00,,,,,,,,,,,true
15c2934e-1515-4da0-a440-7801ba06a5a1,77211883-4c4d-4c93-ad77-9456d4aba557,69527257-2ee0-48be-a172-dbed4bc62b1b,2026-07-08 15:16:02.522719+00,22178438,22177,fuzzy_strong_heating,27.20,76.90,,,27.00,3123,true,180,50,-53,"method=fuzzy_time_proportioning, target=28-30C, temp_filtered=27.20, error=1.80, trend_c_per_min=0.00, heater_demand_pct=80.0, intake_pwm=180, exhaust_pwm=50, relay=ON",2026-07-08 15:16:02.522719+00,,,,,,,,,,,true
15e3821b-78ed-4343-84d1-de2a0249f12a,77211883-4c4d-4c93-ad77-9456d4aba557,69527257-2ee0-48be-a172-dbed4bc62b1b,2026-07-08 17:16:01.902755+00,29378529,29377,fuzzy_strong_heating,27.40,77.40,,,27.19,3107,true,180,50,-54,"method=fuzzy_time_proportioning, target=28-30C, temp_filtered=27.40, error=1.60, trend_c_per_min=0.01, heater_demand_pct=80.0, intake_pwm=180, exhaust_pwm=50, relay=ON",2026-07-08 17:16:01.902755+00,,,,,,,,,,,true
15fc8e5c-df9c-4e13-b73a-5daa08fac58b,77211883-4c4d-4c93-ad77-9456d4aba557,69527257-2ee0-48be-a172-dbed4bc62b1b,2026-07-08 17:39:02.63493+00,30758529,30757,fuzzy_strong_heating,27.30,76.50,,,27.19,3112,true,175,50,-62,"method=fuzzy_time_proportioning, target=28-30C, temp_filtered=27.36, error=1.64, trend_c_per_min=-0.24, heater_demand_pct=72.8, intake_pwm=175, exhaust_pwm=50, relay=ON",2026-07-08 17:39:02.63493+00,,,,,,,,,,,true
160de82a-ec18-45aa-bd69-e9eb5e7946d0,77211883-4c4d-4c93-ad77-9456d4aba557,69527257-2ee0-48be-a172-dbed4bc62b1b,2026-07-08 09:11:01.764776+00,278476,277,fuzzy_strong_heating,26.60,79.10,26.20,71.80,26.88,3184,true,192,52,-56,"method=fuzzy_time_proportioning, target=28-30C, temp_filtered=26.60, error=2.40, trend_c_per_min=0.00, heater_demand_pct=85.8, intake_pwm=192, exhaust_pwm=52, relay=ON",2026-07-08 09:11:01.764776+00,,,,,,,,,,,true
161882cf-b392-45ff-9ca6-36dc3e08014c,77211883-4c4d-4c93-ad77-9456d4aba557,69527257-2ee0-48be-a172-dbed4bc62b1b,2026-07-08 17:49:31.953003+00,31388529,31387,fuzzy_strong_heating,26.60,71.30,26.10,66.00,26.88,3167,true,184,47,-52,"method=fuzzy_time_proportioning, target=28-30C, temp_filtered=26.66, error=2.34, trend_c_per_min=-0.25, heater_demand_pct=79.9, intake_pwm=184, exhaust_pwm=47, relay=ON",2026-07-08 17:49:31.953003+00,,,,,,,,,,,true
16796d92-3526-45a6-9604-fca1a617d0e5,77211883-4c4d-4c93-ad77-9456d4aba557,69527257-2ee0-48be-a172-dbed4bc62b1b,2026-07-08 16:12:31.32749+00,25568438,25567,fuzzy_strong_heating,27.30,77.10,,,27.13,3129,true,180,50,-53,"method=fuzzy_time_proportioning, target=28-30C, temp_filtered=27.30, error=1.70, trend_c_per_min=0.00, heater_demand_pct=80.0, intake_pwm=180, exhaust_pwm=50, relay=ON",2026-07-08 16:12:31.32749+00,,,,,,,,,,,true
16988a38-3009-4c4b-beac-aeeded80fc38,77211883-4c4d-4c93-ad77-9456d4aba557,69527257-2ee0-48be-a172-dbed4bc62b1b,2026-07-08 17:12:32.76897+00,29168529,29167,fuzzy_strong_heating,27.40,77.30,,,27.13,3199,true,180,50,-57,"method=fuzzy_time_proportioning, target=28-30C, temp_filtered=27.37, error=1.63, trend_c_per_min=0.10, heater_demand_pct=80.0, intake_pwm=180, exhaust_pwm=50, relay=ON",2026-07-08 17:12:32.76897+00,,,,,,,,,,,true
169a8b84-0637-428f-b6ec-024a77bdb877,77211883-4c4d-4c93-ad77-9456d4aba557,69527257-2ee0-48be-a172-dbed4bc62b1b,2026-07-08 10:09:31.994541+00,3788276,3787,fuzzy_strong_heating,26.00,68.80,25.60,64.00,26.50,3106,true,210,40,-55,"method=fuzzy_time_proportioning, target=28-30C, temp_filtered=26.00, error=3.00, trend_c_per_min=-0.00, heater_demand_pct=100.0, intake_pwm=210, exhaust_pwm=40, relay=ON",2026-07-08 10:09:31.994541+00,,,,,,,,,,,true
16ad117d-551c-4b06-ad5c-ca2002c8c20f,77211883-4c4d-4c93-ad77-9456d4aba557,69527257-2ee0-48be-a172-dbed4bc62b1b,2026-07-08 14:45:02.186603+00,20318438,20317,fuzzy_strong_heating,27.00,75.10,,,26.88,3111,true,180,49,-52,"method=fuzzy_time_proportioning, target=28-30C, temp_filtered=27.00, error=2.00, trend_c_per_min=0.00, heater_demand_pct=80.0, intake_pwm=180, exhaust_pwm=49, relay=ON",2026-07-08 14:45:02.186603+00,,,,,,,,,,,true
171dbe9f-0710-4996-a200-78c932418e77,77211883-4c4d-4c93-ad77-9456d4aba557,69527257-2ee0-48be-a172-dbed4bc62b1b,2026-07-08 14:08:01.726392+00,18098438,18097,fuzzy_strong_heating,26.70,78.30,,,26.69,3136,true,190,48,-52,"method=fuzzy_time_proportioning, target=28-30C, temp_filtered=26.70, error=2.30, trend_c_per_min=0.00, heater_demand_pct=86.3, intake_pwm=190, exhaust_pwm=48, relay=ON",2026-07-08 14:08:01.726392+00,,,,,,,,,,,true
17210a69-6ce9-412f-b905-2cd27b5d90b2,77211883-4c4d-4c93-ad77-9456d4aba557,69527257-2ee0-48be-a172-dbed4bc62b1b,2026-07-08 08:58:44.190247+00,848160,847,baseline_off,26.30,78.60,25.80,68.90,26.94,3196,false,0,0,-56,,2026-07-08 08:58:44.190247+00,,,,,,,,,,,true
17325749-4865-4faa-b255-7b8cb9ffffb8,77211883-4c4d-4c93-ad77-9456d4aba557,69527257-2ee0-48be-a172-dbed4bc62b1b,2026-07-08 12:28:31.486055+00,12128417,12127,fuzzy_strong_heating,26.60,80.90,,,26.75,3114,true,183,59,-52,"method=fuzzy_time_proportioning, target=28-30C, temp_filtered=26.63, error=2.37, trend_c_per_min=-0.13, heater_demand_pct=76.6, intake_pwm=183, exhaust_pwm=59, relay=ON",2026-07-08 12:28:31.486055+00,,,,,,,,,,,true
1752cb59-ec8a-4764-8f5e-39f42b005bfa,77211883-4c4d-4c93-ad77-9456d4aba557,69527257-2ee0-48be-a172-dbed4bc62b1b,2026-07-08 10:40:01.237148+00,5618276,5617,fuzzy_soft_heating,27.10,85.30,27.10,76.20,26.88,3067,true,175,76,-56,"method=fuzzy_time_proportioning, target=28-30C, temp_filtered=27.10, error=1.90, trend_c_per_min=0.00, heater_demand_pct=68.8, intake_pwm=175, exhaust_pwm=76, relay=ON",2026-07-08 10:40:01.237148+00,,,,,,,,,,,true
17654719-1038-442a-a895-5082eff50aea,77211883-4c4d-4c93-ad77-9456d4aba557,69527257-2ee0-48be-a172-dbed4bc62b1b,2026-07-08 12:48:31.19645+00,13328417,13327,fuzzy_strong_heating,26.40,78.00,,,26.63,3134,true,202,42,-51,"method=fuzzy_time_proportioning, target=28-30C, temp_filtered=26.40, error=2.60, trend_c_per_min=0.01, heater_demand_pct=95.1, intake_pwm=202, exhaust_pwm=42, relay=ON",2026-07-08 12:48:31.19645+00,,,,,,,,,,,true
17796ecc-65d1-40cf-9985-93c515019daf,77211883-4c4d-4c93-ad77-9456d4aba557,69527257-2ee0-48be-a172-dbed4bc62b1b,2026-07-08 12:24:31.924348+00,11888417,11887,fuzzy_strong_heating,26.40,77.90,,,26.69,3126,true,202,42,-53,"method=fuzzy_time_proportioning, target=28-30C, temp_filtered=26.40, error=2.60, trend_c_per_min=0.00, heater_demand_pct=95.0, intake_pwm=202, exhaust_pwm=42, relay=ON",2026-07-08 12:24:31.924348+00,,,,,,,,,,,true
17d3c8e9-b0ee-4132-94c7-60ea45e8bbd0,77211883-4c4d-4c93-ad77-9456d4aba557,69527257-2ee0-48be-a172-dbed4bc62b1b,2026-07-08 16:53:02.296904+00,27998464,27997,fuzzy_strong_heating,27.30,77.20,,,27.13,3110,true,177,50,-55,"method=fuzzy_time_proportioning, target=28-30C, temp_filtered=27.33, error=1.67, trend_c_per_min=-0.11, heater_demand_pct=76.5, intake_pwm=177, exhaust_pwm=50, relay=ON",2026-07-08 16:53:02.296904+00,,,,,,,,,,,true
17e986c6-d82e-4337-82f8-5b5838e4dca9,77211883-4c4d-4c93-ad77-9456d4aba557,69527257-2ee0-48be-a172-dbed4bc62b1b,2026-07-08 14:46:02.557591+00,20378438,20377,fuzzy_strong_heating,27.00,75.30,,,26.88,3118,true,180,49,-52,"method=fuzzy_time_proportioning, target=28-30C, temp_filtered=27.00, error=2.00, trend_c_per_min=0.00, heater_demand_pct=80.0, intake_pwm=180, exhaust_pwm=49, relay=ON",2026-07-08 14:46:02.557591+00,,,,,,,,,,,true
1812b601-7ca3-4c70-a6ce-e3c885fd668b,77211883-4c4d-4c93-ad77-9456d4aba557,69527257-2ee0-48be-a172-dbed4bc62b1b,2026-07-08 15:40:31.684367+00,23648438,23647,fuzzy_strong_heating,27.30,77.50,,,27.06,3136,true,180,50,-56,"method=fuzzy_time_proportioning, target=28-30C, temp_filtered=27.30, error=1.70, trend_c_per_min=0.00, heater_demand_pct=80.0, intake_pwm=180, exhaust_pwm=50, relay=ON",2026-07-08 15:40:31.684367+00,,,,,,,,,,,true
1812e2f0-d099-4e10-bd46-8e8e2635d5ec,77211883-4c4d-4c93-ad77-9456d4aba557,69527257-2ee0-48be-a172-dbed4bc62b1b,2026-07-08 15:46:31.643419+00,24008438,24007,fuzzy_strong_heating,27.30,77.50,,,27.06,3599,true,180,50,-56,"method=fuzzy_time_proportioning, target=28-30C, temp_filtered=27.30, error=1.70, trend_c_per_min=0.00, heater_demand_pct=80.0, intake_pwm=180, exhaust_pwm=50, relay=ON",2026-07-08 15:46:31.643419+00,,,,,,,,,,,true
183aad47-bd08-401c-a212-9bb10e9bb7cf,77211883-4c4d-4c93-ad77-9456d4aba557,69527257-2ee0-48be-a172-dbed4bc62b1b,2026-07-08 18:18:32.945309+00,33128529,33127,fuzzy_strong_heating,25.70,66.00,25.30,62.10,26.44,3130,true,210,40,-52,"method=fuzzy_time_proportioning, target=28-30C, temp_filtered=25.70, error=3.30, trend_c_per_min=0.00, heater_demand_pct=100.0, intake_pwm=210, exhaust_pwm=40, relay=ON",2026-07-08 18:18:32.945309+00,,,,,0.4,3.9,,,,,true
1889f0c1-815e-47a9-9ff4-9f5de3c2b966,77211883-4c4d-4c93-ad77-9456d4aba557,69527257-2ee0-48be-a172-dbed4bc62b1b,2026-07-08 10:56:01.771069+00,6578276,6577,fuzzy_soft_heating,27.00,87.70,26.90,78.50,26.88,3114,true,175,79,-53,"method=fuzzy_time_proportioning, target=28-30C, temp_filtered=27.00, error=2.00, trend_c_per_min=0.00, heater_demand_pct=67.5, intake_pwm=175, exhaust_pwm=79, relay=ON",2026-07-08 10:56:01.771069+00,,,,,,,,,,,true
18970814-3c70-4d9b-9a34-de65c10bae74,77211883-4c4d-4c93-ad77-9456d4aba557,69527257-2ee0-48be-a172-dbed4bc62b1b,2026-07-08 11:50:01.626832+00,9818417,9817,fuzzy_strong_heating,26.30,70.70,,,26.63,3119,true,205,41,-52,"method=fuzzy_time_proportioning, target=28-30C, temp_filtered=26.31, error=2.69, trend_c_per_min=-0.04, heater_demand_pct=97.3, intake_pwm=205, exhaust_pwm=41, relay=ON",2026-07-08 11:50:01.626832+00,,,,,,,,,,,true
18aaf677-8325-4c22-b5be-7a9c7acfda08,77211883-4c4d-4c93-ad77-9456d4aba557,69527257-2ee0-48be-a172-dbed4bc62b1b,2026-07-08 10:53:00.886314+00,6398276,6397,fuzzy_soft_heating,27.00,87.20,26.80,78.20,26.88,3117,true,175,79,-53,"method=fuzzy_time_proportioning, target=28-30C, temp_filtered=27.00, error=2.00, trend_c_per_min=0.00, heater_demand_pct=67.5, intake_pwm=175, exhaust_pwm=79, relay=ON",2026-07-08 10:53:00.886314+00,,,,,,,,,,,true
18b89536-2330-4c15-b164-423623963d3f,77211883-4c4d-4c93-ad77-9456d4aba557,69527257-2ee0-48be-a172-dbed4bc62b1b,2026-07-08 15:34:01.288331+00,23258438,23257,fuzzy_strong_heating,27.20,77.40,,,27.06,3126,true,175,50,-53,"method=fuzzy_time_proportioning, target=28-30C, temp_filtered=27.27, error=1.73, trend_c_per_min=-0.27, heater_demand_pct=72.7, intake_pwm=175, exhaust_pwm=50, relay=ON",2026-07-08 15:34:01.288331+00,,,,,,,,,,,true
18c9433f-4c40-4dcb-a8ab-e82e1ff375e8,77211883-4c4d-4c93-ad77-9456d4aba557,69527257-2ee0-48be-a172-dbed4bc62b1b,2026-07-08 11:01:01.697102+00,6878355,6877,fuzzy_soft_heating,27.10,87.80,27.00,78.20,26.88,3137,true,174,79,-52,"method=fuzzy_time_proportioning, target=28-30C, temp_filtered=27.04, error=1.96, trend_c_per_min=0.24, heater_demand_pct=67.5, intake_pwm=174, exhaust_pwm=79, relay=ON",2026-07-08 11:01:01.697102+00,,,,,,,,,,,true
194c0a17-ca3a-4576-a0d4-e317c194b4fa,77211883-4c4d-4c93-ad77-9456d4aba557,69527257-2ee0-48be-a172-dbed4bc62b1b,2026-07-08 13:33:01.600098+00,15998449,15997,fuzzy_strong_heating,26.10,72.00,,,26.50,3120,true,210,40,-50,"method=fuzzy_time_proportioning, target=28-30C, temp_filtered=26.10, error=2.90, trend_c_per_min=-0.00, heater_demand_pct=100.0, intake_pwm=210, exhaust_pwm=40, relay=ON",2026-07-08 13:33:01.600098+00,,,,,,,,,,,true
1986f86e-00f6-461a-b64d-fa6cb8355118,77211883-4c4d-4c93-ad77-9456d4aba557,69527257-2ee0-48be-a172-dbed4bc62b1b,2026-07-08 17:06:01.90127+00,28778540,28777,fuzzy_strong_heating,27.40,77.00,,,27.13,3115,true,180,50,-56,"method=fuzzy_time_proportioning, target=28-30C, temp_filtered=27.34, error=1.66, trend_c_per_min=0.24, heater_demand_pct=80.0, intake_pwm=180, exhaust_pwm=50, relay=ON",2026-07-08 17:06:01.90127+00,,,,,,,,,,,true
19f88e10-0bae-4ba3-80f9-b7fda2e58eeb,77211883-4c4d-4c93-ad77-9456d4aba557,69527257-2ee0-48be-a172-dbed4bc62b1b,2026-07-08 09:52:01.304448+00,2738276,2737,fuzzy_strong_heating,26.50,74.90,26.10,68.90,26.69,3120,true,187,46,-52,"method=fuzzy_time_proportioning, target=28-30C, temp_filtered=26.58, error=2.42, trend_c_per_min=-0.30, heater_demand_pct=82.4, intake_pwm=187, exhaust_pwm=46, relay=ON",2026-07-08 09:52:01.304448+00,,,,,,,,,,,true
1a728b01-ddb5-48c5-a91a-f35b14c64b8a,77211883-4c4d-4c93-ad77-9456d4aba557,69527257-2ee0-48be-a172-dbed4bc62b1b,2026-07-08 13:28:01.626387+00,15698449,15697,fuzzy_strong_heating,26.30,72.20,,,26.56,3136,true,206,41,-53,"method=fuzzy_time_proportioning, target=28-30C, temp_filtered=26.30, error=2.70, trend_c_per_min=-0.00, heater_demand_pct=97.5, intake_pwm=206, exhaust_pwm=41, relay=ON",2026-07-08 13:28:01.626387+00,,,,,,,,,,,true
1ab6c1ce-21cf-4997-bf30-4296c35b4d6b,77211883-4c4d-4c93-ad77-9456d4aba557,69527257-2ee0-48be-a172-dbed4bc62b1b,2026-07-08 10:02:31.57441+00,3368276,3367,fuzzy_strong_heating,26.20,70.30,25.80,65.30,26.56,3127,true,209,40,-54,"method=fuzzy_time_proportioning, target=28-30C, temp_filtered=26.20, error=2.80, trend_c_per_min=-0.00, heater_demand_pct=100.0, intake_pwm=209, exhaust_pwm=40, relay=ON",2026-07-08 10:02:31.57441+00,,,,,,,,,,,true
1b0a3710-0f1f-498d-a938-356e8b33975b,77211883-4c4d-4c93-ad77-9456d4aba557,69527257-2ee0-48be-a172-dbed4bc62b1b,2026-07-08 11:41:01.877688+00,9278417,9277,fuzzy_strong_heating,26.60,75.80,,,26.75,3116,true,190,45,-55,"method=fuzzy_time_proportioning, target=28-30C, temp_filtered=26.62, error=2.38, trend_c_per_min=-0.08, heater_demand_pct=85.8, intake_pwm=190, exhaust_pwm=45, relay=ON",2026-07-08 11:41:01.877688+00,,,,,,,,,,,true
1b4debcb-f5f6-464c-9b65-82171aa4662f,77211883-4c4d-4c93-ad77-9456d4aba557,69527257-2ee0-48be-a172-dbed4bc62b1b,2026-07-08 13:08:32.006388+00,14528448,14527,fuzzy_strong_heating,26.10,70.70,,,26.56,3105,true,210,40,-50,"method=fuzzy_time_proportioning, target=28-30C, temp_filtered=26.18, error=2.82, trend_c_per_min=-0.30, heater_demand_pct=100.0, intake_pwm=210, exhaust_pwm=40, relay=ON",2026-07-08 13:08:32.006388+00,,,,,,,,,,,true
1b727d82-50d9-4ede-8c8b-5e36191fdf3c,77211883-4c4d-4c93-ad77-9456d4aba557,69527257-2ee0-48be-a172-dbed4bc62b1b,2026-07-08 10:49:31.61643+00,6188276,6187,fuzzy_soft_heating,27.00,85.40,26.60,78.20,26.88,3122,true,175,78,-60,"method=fuzzy_time_proportioning, target=28-30C, temp_filtered=26.99, error=2.01, trend_c_per_min=0.02, heater_demand_pct=68.1, intake_pwm=175, exhaust_pwm=78, relay=ON",2026-07-08 10:49:31.61643+00,,,,,,,,,,,true
1b7b1cf4-cec0-4743-a35d-986ad15ab664,77211883-4c4d-4c93-ad77-9456d4aba557,69527257-2ee0-48be-a172-dbed4bc62b1b,2026-07-08 18:25:07.867926+00,33518529,33517,fuzzy_strong_heating,25.60,65.70,25.20,61.70,26.44,3120,true,210,40,-52,"method=fuzzy_time_proportioning, target=28-30C, temp_filtered=25.62, error=3.38, trend_c_per_min=-0.06, heater_demand_pct=100.0, intake_pwm=210, exhaust_pwm=40, relay=ON",2026-07-08 18:25:07.867926+00,,,,,0.4,4,,,,,true
1bb12e59-1ce2-48a5-8c40-08e4b96b4a4f,77211883-4c4d-4c93-ad77-9456d4aba557,69527257-2ee0-48be-a172-dbed4bc62b1b,2026-07-08 13:48:31.648139+00,16928438,16927,fuzzy_strong_heating,26.40,74.30,,,26.63,3131,true,192,44,-58,"method=fuzzy_time_proportioning, target=28-30C, temp_filtered=26.46, error=2.54, trend_c_per_min=-0.24, heater_demand_pct=86.5, intake_pwm=192, exhaust_pwm=44, relay=ON",2026-07-08 13:48:31.648139+00,,,,,,,,,,,true
1bcf528c-a081-4c56-8888-e540c23c2ac4,77211883-4c4d-4c93-ad77-9456d4aba557,69527257-2ee0-48be-a172-dbed4bc62b1b,2026-07-08 11:46:31.221158+00,9608417,9607,fuzzy_strong_heating,26.40,72.30,,,26.69,3123,true,195,44,-50,"method=fuzzy_time_proportioning, target=28-30C, temp_filtered=26.42, error=2.58, trend_c_per_min=-0.09, heater_demand_pct=89.0, intake_pwm=195, exhaust_pwm=44, relay=ON",2026-07-08 11:46:31.221158+00,,,,,,,,,,,true
1bf4e886-876e-4f4b-85d2-eabffaf6638a,77211883-4c4d-4c93-ad77-9456d4aba557,69527257-2ee0-48be-a172-dbed4bc62b1b,2026-07-08 13:47:31.739116+00,16868438,16867,fuzzy_strong_heating,26.50,75.00,,,26.63,3136,true,198,43,-58,"method=fuzzy_time_proportioning, target=28-30C, temp_filtered=26.51, error=2.49, trend_c_per_min=-0.02, heater_demand_pct=92.4, intake_pwm=198, exhaust_pwm=43, relay=ON",2026-07-08 13:47:31.739116+00,,,,,,,,,,,true
1c1e5edf-e880-4b16-982c-c135452cccaa,77211883-4c4d-4c93-ad77-9456d4aba557,69527257-2ee0-48be-a172-dbed4bc62b1b,2026-07-08 10:42:02.070547+00,5738276,5737,fuzzy_soft_heating,27.20,85.40,27.20,76.10,26.94,3125,true,175,75,-59,"method=fuzzy_time_proportioning, target=28-30C, temp_filtered=27.20, error=1.80, trend_c_per_min=0.00, heater_demand_pct=69.4, intake_pwm=175, exhaust_pwm=75, relay=ON",2026-07-08 10:42:02.070547+00,,,,,,,,,,,true
1c3b16d8-496e-4d28-b979-092cadb85bdb,77211883-4c4d-4c93-ad77-9456d4aba557,69527257-2ee0-48be-a172-dbed4bc62b1b,2026-07-08 11:12:03.30515+00,7538366,7537,fuzzy_strong_heating,26.70,77.20,,,26.81,3113,true,191,46,-56,"method=fuzzy_time_proportioning, target=28-30C, temp_filtered=26.70, error=2.30, trend_c_per_min=-0.01, heater_demand_pct=87.5, intake_pwm=191, exhaust_pwm=46, relay=ON",2026-07-08 11:12:03.30515+00,,,,,,,,,,,true
1c4d8168-e5f1-40db-944b-ef21a24e5d6d,77211883-4c4d-4c93-ad77-9456d4aba557,69527257-2ee0-48be-a172-dbed4bc62b1b,2026-07-08 12:20:01.056952+00,11618417,11617,fuzzy_strong_heating,26.20,71.20,,,26.56,3120,true,209,40,-55,"method=fuzzy_time_proportioning, target=28-30C, temp_filtered=26.20, error=2.80, trend_c_per_min=-0.02, heater_demand_pct=99.9, intake_pwm=209, exhaust_pwm=40, relay=ON",2026-07-08 12:20:01.056952+00,,,,,,,,,,,true
1c5e2985-ba8a-478b-8cae-b34fd682ebb2,77211883-4c4d-4c93-ad77-9456d4aba557,69527257-2ee0-48be-a172-dbed4bc62b1b,2026-07-08 11:48:31.660452+00,9728417,9727,fuzzy_strong_heating,26.40,71.50,,,26.63,3137,true,202,42,-53,"method=fuzzy_time_proportioning, target=28-30C, temp_filtered=26.40, error=2.60, trend_c_per_min=-0.00, heater_demand_pct=95.0, intake_pwm=202, exhaust_pwm=42, relay=ON",2026-07-08 11:48:31.660452+00,,,,,,,,,,,true
1cdcf5bf-3f62-48c2-bc0d-ba9daa31a723,77211883-4c4d-4c93-ad77-9456d4aba557,69527257-2ee0-48be-a172-dbed4bc62b1b,2026-07-08 15:04:31.912491+00,21488438,21487,fuzzy_strong_heating,27.10,76.50,,,26.94,3135,true,178,50,-52,"method=fuzzy_time_proportioning, target=28-30C, temp_filtered=27.12, error=1.88, trend_c_per_min=-0.10, heater_demand_pct=77.4, intake_pwm=178, exhaust_pwm=50, relay=ON",2026-07-08 15:04:31.912491+00,,,,,,,,,,,true
1d13e353-4f74-492e-93c6-dc832ba7c879,77211883-4c4d-4c93-ad77-9456d4aba557,69527257-2ee0-48be-a172-dbed4bc62b1b,2026-07-08 16:29:31.766524+00,26588438,26587,fuzzy_strong_heating,27.30,76.90,,,27.13,3136,true,180,50,-53,"method=fuzzy_time_proportioning, target=28-30C, temp_filtered=27.30, error=1.70, trend_c_per_min=-0.00, heater_demand_pct=80.0, intake_pwm=180, exhaust_pwm=50, relay=ON",2026-07-08 16:29:31.766524+00,,,,,,,,,,,true
1d219f3f-f326-4ea6-9986-04579981e692,77211883-4c4d-4c93-ad77-9456d4aba557,69527257-2ee0-48be-a172-dbed4bc62b1b,2026-07-08 11:23:31.059282+00,8228417,8227,fuzzy_strong_heating,26.20,71.70,,,26.63,3127,true,209,40,-54,"method=fuzzy_time_proportioning, target=28-30C, temp_filtered=26.20, error=2.80, trend_c_per_min=-0.01, heater_demand_pct=99.9, intake_pwm=209, exhaust_pwm=40, relay=ON",2026-07-08 11:23:31.059282+00,,,,,,,,,,,true
1d3cb60f-32b6-417b-b7d8-da05a01da9a0,77211883-4c4d-4c93-ad77-9456d4aba557,69527257-2ee0-48be-a172-dbed4bc62b1b,2026-07-08 09:22:31.872167+00,968276,967,fuzzy_strong_heating,26.60,80.80,26.30,73.70,26.88,3157,true,190,61,-71,"method=fuzzy_time_proportioning, target=28-30C, temp_filtered=26.52, error=2.48, trend_c_per_min=0.31, heater_demand_pct=82.4, intake_pwm=190, exhaust_pwm=61, relay=ON",2026-07-08 09:22:31.872167+00,,,,,,,,,,,true
1d3d57ce-3808-42f3-87c1-c1208e295487,77211883-4c4d-4c93-ad77-9456d4aba557,69527257-2ee0-48be-a172-dbed4bc62b1b,2026-07-08 14:07:32.519328+00,18068438,18067,fuzzy_strong_heating,26.70,79.00,,,26.75,3135,true,188,53,-52,"method=fuzzy_time_proportioning, target=28-30C, temp_filtered=26.70, error=2.30, trend_c_per_min=0.00, heater_demand_pct=83.9, intake_pwm=188, exhaust_pwm=53, relay=ON",2026-07-08 14:07:32.519328+00,,,,,,,,,,,true
1d4202af-09eb-4d2a-87db-398842a92dbf,77211883-4c4d-4c93-ad77-9456d4aba557,69527257-2ee0-48be-a172-dbed4bc62b1b,2026-07-08 11:06:01.170729+00,7178367,7177,fuzzy_strong_heating,27.10,82.60,,,26.94,3115,true,176,70,-52,"method=fuzzy_time_proportioning, target=28-30C, temp_filtered=27.10, error=1.90, trend_c_per_min=0.00, heater_demand_pct=71.5, intake_pwm=176, exhaust_pwm=70, relay=ON",2026-07-08 11:06:01.170729+00,,,,,,,,,,,true
1d97a21d-864d-4f69-b04b-c2e85ae9eda5,77211883-4c4d-4c93-ad77-9456d4aba557,69527257-2ee0-48be-a172-dbed4bc62b1b,2026-07-08 14:49:31.2665+00,20588438,20587,fuzzy_strong_heating,27.10,75.60,,,26.88,3119,true,180,50,-54,"method=fuzzy_time_proportioning, target=28-30C, temp_filtered=27.09, error=1.91, trend_c_per_min=0.03, heater_demand_pct=80.0, intake_pwm=180, exhaust_pwm=50, relay=ON",2026-07-08 14:49:31.2665+00,,,,,,,,,,,true
1dc1bee6-ea79-42c3-9f65-c1a11286bbfd,77211883-4c4d-4c93-ad77-9456d4aba557,69527257-2ee0-48be-a172-dbed4bc62b1b,2026-07-08 09:58:31.195444+00,3128276,3127,fuzzy_strong_heating,26.30,71.70,25.90,66.10,26.63,3120,true,206,41,-53,"method=fuzzy_time_proportioning, target=28-30C, temp_filtered=26.31, error=2.69, trend_c_per_min=-0.03, heater_demand_pct=97.3, intake_pwm=206, exhaust_pwm=41, relay=ON",2026-07-08 09:58:31.195444+00,,,,,,,,,,,true
1ddcc979-594f-475d-9fed-da92a2ac3f16,77211883-4c4d-4c93-ad77-9456d4aba557,69527257-2ee0-48be-a172-dbed4bc62b1b,2026-07-08 10:36:31.618299+00,5408276,5407,fuzzy_soft_heating,27.00,84.60,27.00,75.60,26.81,3123,true,175,77,-59,"method=fuzzy_time_proportioning, target=28-30C, temp_filtered=27.00, error=2.00, trend_c_per_min=0.00, heater_demand_pct=68.7, intake_pwm=175, exhaust_pwm=77, relay=ON",2026-07-08 10:36:31.618299+00,,,,,,,,,,,true
1e103d77-eecd-4e62-b428-09536d5a2008,77211883-4c4d-4c93-ad77-9456d4aba557,69527257-2ee0-48be-a172-dbed4bc62b1b,2026-07-08 09:20:01.393896+00,818476,817,fuzzy_strong_heating,26.20,79.50,26.00,73.00,26.81,3164,true,203,50,-62,"method=fuzzy_time_proportioning, target=28-30C, temp_filtered=26.19, error=2.81, trend_c_per_min=0.04, heater_demand_pct=93.0, intake_pwm=203, exhaust_pwm=50, relay=ON",2026-07-08 09:20:01.393896+00,,,,,,,,,,,true
1e12efcf-fc27-4347-ba65-bc0ee8aec3a8,77211883-4c4d-4c93-ad77-9456d4aba557,69527257-2ee0-48be-a172-dbed4bc62b1b,2026-07-08 16:47:31.357442+00,27668464,27667,fuzzy_strong_heating,27.40,77.20,,,27.13,3119,true,179,50,-56,"method=fuzzy_time_proportioning, target=28-30C, temp_filtered=27.40, error=1.60, trend_c_per_min=0.01, heater_demand_pct=80.0, intake_pwm=179, exhaust_pwm=50, relay=ON",2026-07-08 16:47:31.357442+00,,,,,,,,,,,true
1e14731b-5e96-476a-9a00-81f89e669e9d,77211883-4c4d-4c93-ad77-9456d4aba557,69527257-2ee0-48be-a172-dbed4bc62b1b,2026-07-08 11:40:01.459588+00,9218417,9217,fuzzy_strong_heating,26.70,76.90,,,26.75,3114,true,191,46,-57,"method=fuzzy_time_proportioning, target=28-30C, temp_filtered=26.70, error=2.30, trend_c_per_min=0.00, heater_demand_pct=87.5, intake_pwm=191, exhaust_pwm=46, relay=ON",2026-07-08 11:40:01.459588+00,,,,,,,,,,,true
1e232c58-c051-4365-9be2-dc96cd1251c8,77211883-4c4d-4c93-ad77-9456d4aba557,69527257-2ee0-48be-a172-dbed4bc62b1b,2026-07-08 12:59:31.517834+00,13988417,13987,fuzzy_strong_heating,26.50,74.00,,,26.63,3126,true,198,43,-52,"method=fuzzy_time_proportioning, target=28-30C, temp_filtered=26.50, error=2.50, trend_c_per_min=-0.00, heater_demand_pct=92.5, intake_pwm=198, exhaust_pwm=43, relay=ON",2026-07-08 12:59:31.517834+00,,,,,,,,,,,true
1e2c0a2b-7c71-47b1-9b7e-757f1a89145a,77211883-4c4d-4c93-ad77-9456d4aba557,69527257-2ee0-48be-a172-dbed4bc62b1b,2026-07-08 18:27:32.167571+00,33668529,33667,fuzzy_strong_heating,25.60,64.80,25.00,61.50,26.38,3122,true,210,40,-52,"method=fuzzy_time_proportioning, target=28-30C, temp_filtered=25.60, error=3.40, trend_c_per_min=-0.00, heater_demand_pct=100.0, intake_pwm=210, exhaust_pwm=40, relay=ON",2026-07-08 18:27:32.167571+00,,,,,0.6,3.3,,,,,true
1e7c50bb-3c24-40bf-9af8-383bbe27957e,77211883-4c4d-4c93-ad77-9456d4aba557,69527257-2ee0-48be-a172-dbed4bc62b1b,2026-07-08 18:13:31.958401+00,32828529,32827,fuzzy_strong_heating,25.80,66.50,25.20,62.80,26.50,3120,true,210,40,-51,"method=fuzzy_time_proportioning, target=28-30C, temp_filtered=25.78, error=3.22, trend_c_per_min=0.08, heater_demand_pct=100.0, intake_pwm=210, exhaust_pwm=40, relay=ON",2026-07-08 18:13:31.958401+00,,,,,0.6,3.7,,,,,true
1e7e3cd8-ca6c-4762-afc8-d7371632258f,77211883-4c4d-4c93-ad77-9456d4aba557,69527257-2ee0-48be-a172-dbed4bc62b1b,2026-07-08 12:13:32.724041+00,11228417,11227,fuzzy_strong_heating,26.40,71.60,,,26.63,3135,true,202,42,-56,"method=fuzzy_time_proportioning, target=28-30C, temp_filtered=26.40, error=2.60, trend_c_per_min=-0.01, heater_demand_pct=94.9, intake_pwm=202, exhaust_pwm=42, relay=ON",2026-07-08 12:13:32.724041+00,,,,,,,,,,,true
1e8a244c-6df7-4e70-a2ba-234f050e7a2a,77211883-4c4d-4c93-ad77-9456d4aba557,69527257-2ee0-48be-a172-dbed4bc62b1b,2026-07-08 09:10:31.781113+00,248485,247,fuzzy_strong_heating,26.60,79.80,26.20,72.20,26.94,3188,true,190,56,-55,"method=fuzzy_time_proportioning, target=28-30C, temp_filtered=26.60, error=2.40, trend_c_per_min=0.02, heater_demand_pct=83.7, intake_pwm=190, exhaust_pwm=56, relay=ON",2026-07-08 09:10:31.781113+00,,,,,,,,,,,true
1ea3c568-c3a1-4eb8-94ff-445ff7523f21,77211883-4c4d-4c93-ad77-9456d4aba557,69527257-2ee0-48be-a172-dbed4bc62b1b,2026-07-08 14:48:02.567303+00,20498438,20497,fuzzy_strong_heating,27.10,75.50,,,26.88,3115,true,179,50,-53,"method=fuzzy_time_proportioning, target=28-30C, temp_filtered=27.06, error=1.94, trend_c_per_min=0.16, heater_demand_pct=80.0, intake_pwm=179, exhaust_pwm=50, relay=ON",2026-07-08 14:48:02.567303+00,,,,,,,,,,,true
1f007fb6-bc1c-4d60-8de3-dd803a6536c9,77211883-4c4d-4c93-ad77-9456d4aba557,69527257-2ee0-48be-a172-dbed4bc62b1b,2026-07-08 13:13:31.612661+00,14828449,14827,fuzzy_strong_heating,26.40,77.60,,,26.63,3120,true,203,42,-53,"method=fuzzy_time_proportioning, target=28-30C, temp_filtered=26.37, error=2.63, trend_c_per_min=0.13, heater_demand_pct=95.8, intake_pwm=203, exhaust_pwm=42, relay=ON",2026-07-08 13:13:31.612661+00,,,,,,,,,,,true
1f0ef422-7d16-4e52-945b-e810c17e9076,77211883-4c4d-4c93-ad77-9456d4aba557,69527257-2ee0-48be-a172-dbed4bc62b1b,2026-07-08 11:43:31.039682+00,9428417,9427,fuzzy_strong_heating,26.50,73.90,,,26.75,3135,true,188,46,-53,"method=fuzzy_time_proportioning, target=28-30C, temp_filtered=26.56, error=2.44, trend_c_per_min=-0.25, heater_demand_pct=82.8, intake_pwm=188, exhaust_pwm=46, relay=ON",2026-07-08 11:43:31.039682+00,,,,,,,,,,,true
1f3e8842-fc31-487d-9c04-67bb11e264f0,77211883-4c4d-4c93-ad77-9456d4aba557,69527257-2ee0-48be-a172-dbed4bc62b1b,2026-07-08 17:01:31.874167+00,28508453,28507,fuzzy_strong_heating,27.40,77.00,,,27.13,2742,true,180,50,-56,"method=fuzzy_time_proportioning, target=28-30C, temp_filtered=27.38, error=1.62, trend_c_per_min=0.08, heater_demand_pct=80.0, intake_pwm=180, exhaust_pwm=50, relay=ON",2026-07-08 17:01:31.874167+00,,,,,,,,,,,true
1f423fe4-2d9b-49d9-a7fc-7df8e60bc26a,77211883-4c4d-4c93-ad77-9456d4aba557,69527257-2ee0-48be-a172-dbed4bc62b1b,2026-07-08 16:03:01.810806+00,24998438,24997,fuzzy_strong_heating,27.30,77.00,,,27.06,3131,true,180,50,-53,"method=fuzzy_time_proportioning, target=28-30C, temp_filtered=27.30, error=1.70, trend_c_per_min=0.00, heater_demand_pct=80.0, intake_pwm=180, exhaust_pwm=50, relay=ON",2026-07-08 16:03:01.810806+00,,,,,,,,,,,true
1f5ec49e-64f9-479b-8c4f-1090a70e1113,77211883-4c4d-4c93-ad77-9456d4aba557,69527257-2ee0-48be-a172-dbed4bc62b1b,2026-07-08 13:22:32.311817+00,15368449,15367,fuzzy_strong_heating,26.60,76.00,,,26.69,3120,true,194,45,-56,"method=fuzzy_time_proportioning, target=28-30C, temp_filtered=26.60, error=2.40, trend_c_per_min=-0.00, heater_demand_pct=90.0, intake_pwm=194, exhaust_pwm=45, relay=ON",2026-07-08 13:22:32.311817+00,,,,,,,,,,,true
1fcaa370-7dc4-4913-ac44-48624448a1a3,77211883-4c4d-4c93-ad77-9456d4aba557,69527257-2ee0-48be-a172-dbed4bc62b1b,2026-07-08 15:42:31.709086+00,23768438,23767,fuzzy_strong_heating,27.30,77.60,,,27.06,3119,true,180,50,-56,"method=fuzzy_time_proportioning, target=28-30C, temp_filtered=27.30, error=1.70, trend_c_per_min=0.00, heater_demand_pct=80.0, intake_pwm=180, exhaust_pwm=50, relay=ON",2026-07-08 15:42:31.709086+00,,,,,,,,,,,true
1fef2025-fbc4-4615-9548-b7838bce062d,77211883-4c4d-4c93-ad77-9456d4aba557,69527257-2ee0-48be-a172-dbed4bc62b1b,2026-07-08 14:41:02.129048+00,20078438,20077,fuzzy_strong_heating,27.00,74.90,,,26.81,3125,true,180,49,-53,"method=fuzzy_time_proportioning, target=28-30C, temp_filtered=27.00, error=2.00, trend_c_per_min=0.00, heater_demand_pct=80.0, intake_pwm=180, exhaust_pwm=49, relay=ON",2026-07-08 14:41:02.129048+00,,,,,,,,,,,true
2029fcf5-164b-4b4a-be88-b8853f42305f,77211883-4c4d-4c93-ad77-9456d4aba557,69527257-2ee0-48be-a172-dbed4bc62b1b,2026-07-08 13:44:31.192085+00,16688438,16687,fuzzy_strong_heating,26.70,78.90,,,26.69,3118,true,191,52,-57,"method=fuzzy_time_proportioning, target=28-30C, temp_filtered=26.64, error=2.36, trend_c_per_min=0.23, heater_demand_pct=85.5, intake_pwm=191, exhaust_pwm=52, relay=ON",2026-07-08 13:44:31.192085+00,,,,,,,,,,,true
2031d172-1eb7-49e6-a7fe-c3c62a5e68b1,77211883-4c4d-4c93-ad77-9456d4aba557,69527257-2ee0-48be-a172-dbed4bc62b1b,2026-07-08 12:04:01.892224+00,10658417,10657,fuzzy_strong_heating,26.70,80.30,,,26.75,3123,true,186,60,-53,"method=fuzzy_time_proportioning, target=28-30C, temp_filtered=26.70, error=2.30, trend_c_per_min=0.01, heater_demand_pct=80.3, intake_pwm=186, exhaust_pwm=60, relay=ON",2026-07-08 12:04:01.892224+00,,,,,,,,,,,true
20bc1876-4afb-436c-b5a0-5321855956fe,77211883-4c4d-4c93-ad77-9456d4aba557,69527257-2ee0-48be-a172-dbed4bc62b1b,2026-07-08 09:31:30.795451+00,1508276,1507,fuzzy_strong_heating,26.50,75.60,26.00,69.70,26.63,3130,true,188,46,-52,"method=fuzzy_time_proportioning, target=28-30C, temp_filtered=26.54, error=2.46, trend_c_per_min=-0.17, heater_demand_pct=83.5, intake_pwm=188, exhaust_pwm=46, relay=ON",2026-07-08 09:31:30.795451+00,,,,,,,,,,,true
21078d40-73cb-4cd2-8e95-22dd2b826b0a,77211883-4c4d-4c93-ad77-9456d4aba557,69527257-2ee0-48be-a172-dbed4bc62b1b,2026-07-08 09:37:01.926576+00,1838276,1837,fuzzy_strong_heating,26.20,76.00,25.70,70.60,26.56,3115,true,209,40,-51,"method=fuzzy_time_proportioning, target=28-30C, temp_filtered=26.20, error=2.80, trend_c_per_min=-0.01, heater_demand_pct=100.0, intake_pwm=209, exhaust_pwm=40, relay=ON",2026-07-08 09:37:01.926576+00,,,,,,,,,,,true
21426e26-8db1-43be-b20f-2aeffc98e7e9,77211883-4c4d-4c93-ad77-9456d4aba557,69527257-2ee0-48be-a172-dbed4bc62b1b,2026-07-08 09:19:31.510996+00,788476,787,fuzzy_strong_heating,26.20,78.90,25.80,72.70,26.81,3149,true,206,46,-63,"method=fuzzy_time_proportioning, target=28-30C, temp_filtered=26.15, error=2.85, trend_c_per_min=0.20, heater_demand_pct=95.7, intake_pwm=206, exhaust_pwm=46, relay=ON",2026-07-08 09:19:31.510996+00,,,,,,,,,,,true
21564ede-f84c-4cfe-bfd3-c28cc28caf92,77211883-4c4d-4c93-ad77-9456d4aba557,69527257-2ee0-48be-a172-dbed4bc62b1b,2026-07-08 12:27:01.529497+00,12038417,12037,fuzzy_strong_heating,26.60,79.80,,,26.69,3127,true,190,56,-54,"method=fuzzy_time_proportioning, target=28-30C, temp_filtered=26.59, error=2.41, trend_c_per_min=0.04, heater_demand_pct=83.8, intake_pwm=190, exhaust_pwm=56, relay=ON",2026-07-08 12:27:01.529497+00,,,,,,,,,,,true
21de71b3-84bc-4461-a88d-ecba644c4210,77211883-4c4d-4c93-ad77-9456d4aba557,69527257-2ee0-48be-a172-dbed4bc62b1b,2026-07-08 14:55:01.729241+00,20918438,20917,fuzzy_strong_heating,27.10,75.90,,,26.88,3118,true,180,50,-53,"method=fuzzy_time_proportioning, target=28-30C, temp_filtered=27.10, error=1.90, trend_c_per_min=0.00, heater_demand_pct=80.0, intake_pwm=180, exhaust_pwm=50, relay=ON",2026-07-08 14:55:01.729241+00,,,,,,,,,,,true
21f3082d-8ef8-47b9-bdfa-48cbfb36125d,77211883-4c4d-4c93-ad77-9456d4aba557,69527257-2ee0-48be-a172-dbed4bc62b1b,2026-07-08 10:01:31.2671+00,3308276,3307,fuzzy_strong_heating,26.20,70.60,25.80,65.30,26.56,3125,true,209,40,-54,"method=fuzzy_time_proportioning, target=28-30C, temp_filtered=26.20, error=2.80, trend_c_per_min=-0.01, heater_demand_pct=99.9, intake_pwm=209, exhaust_pwm=40, relay=ON",2026-07-08 10:01:31.2671+00,,,,,,,,,,,true
22287d04-22e5-4d1b-b21e-c30d82fcd3c8,77211883-4c4d-4c93-ad77-9456d4aba557,69527257-2ee0-48be-a172-dbed4bc62b1b,2026-07-08 14:36:31.258051+00,19808438,19807,fuzzy_strong_heating,26.90,74.30,,,26.81,3120,true,183,48,-57,"method=fuzzy_time_proportioning, target=28-30C, temp_filtered=26.90, error=2.10, trend_c_per_min=0.00, heater_demand_pct=82.5, intake_pwm=183, exhaust_pwm=48, relay=ON",2026-07-08 14:36:31.258051+00,,,,,,,,,,,true
2271c49a-fe97-46aa-8163-07dc3a130704,77211883-4c4d-4c93-ad77-9456d4aba557,69527257-2ee0-48be-a172-dbed4bc62b1b,2026-07-08 13:43:31.689093+00,16628438,16627,fuzzy_strong_heating,26.70,80.50,,,26.69,3498,true,187,60,-58,"method=fuzzy_time_proportioning, target=28-30C, temp_filtered=26.65, error=2.35, trend_c_per_min=0.18, heater_demand_pct=80.6, intake_pwm=187, exhaust_pwm=60, relay=ON",2026-07-08 13:43:31.689093+00,,,,,,,,,,,true
22c91d29-7cd1-450e-9332-45cd552c7957,77211883-4c4d-4c93-ad77-9456d4aba557,69527257-2ee0-48be-a172-dbed4bc62b1b,2026-07-08 13:43:01.220431+00,16598438,16597,fuzzy_strong_heating,26.60,81.00,,,26.69,3129,true,188,62,-57,"method=fuzzy_time_proportioning, target=28-30C, temp_filtered=26.60, error=2.40, trend_c_per_min=0.00, heater_demand_pct=80.5, intake_pwm=188, exhaust_pwm=62, relay=ON",2026-07-08 13:43:01.220431+00,,,,,,,,,,,true
230eb42f-4fa1-4c17-b787-c0ac8ff2c94d,77211883-4c4d-4c93-ad77-9456d4aba557,69527257-2ee0-48be-a172-dbed4bc62b1b,2026-07-08 10:51:01.2581+00,6278276,6277,fuzzy_soft_heating,27.00,87.20,26.80,78.40,26.88,3130,true,175,79,-53,"method=fuzzy_time_proportioning, target=28-30C, temp_filtered=27.00, error=2.00, trend_c_per_min=0.00, heater_demand_pct=67.5, intake_pwm=175, exhaust_pwm=79, relay=ON",2026-07-08 10:51:01.2581+00,,,,,,,,,,,true
234de6e0-5824-4ef0-a959-4017770feede,77211883-4c4d-4c93-ad77-9456d4aba557,69527257-2ee0-48be-a172-dbed4bc62b1b,2026-07-08 10:29:32.013352+00,4988276,4987,fuzzy_strong_heating,26.90,82.40,26.80,74.00,26.75,3120,true,180,69,-54,"method=fuzzy_time_proportioning, target=28-30C, temp_filtered=26.82, error=2.18, trend_c_per_min=0.30, heater_demand_pct=74.0, intake_pwm=180, exhaust_pwm=69, relay=ON",2026-07-08 10:29:32.013352+00,,,,,,,,,,,true
235ef609-0a4b-4286-aebe-e4ee724b6a1b,77211883-4c4d-4c93-ad77-9456d4aba557,69527257-2ee0-48be-a172-dbed4bc62b1b,2026-07-08 12:53:31.930975+00,13628417,13627,fuzzy_strong_heating,26.70,80.80,,,26.75,3118,true,185,62,-55,"method=fuzzy_time_proportioning, target=28-30C, temp_filtered=26.69, error=2.31, trend_c_per_min=0.03, heater_demand_pct=79.2, intake_pwm=185, exhaust_pwm=62, relay=ON",2026-07-08 12:53:31.930975+00,,,,,,,,,,,true
23d4a1a5-490b-4b76-95ab-8aa968f4eb35,77211883-4c4d-4c93-ad77-9456d4aba557,69527257-2ee0-48be-a172-dbed4bc62b1b,2026-07-08 10:03:31.406827+00,3428276,3427,fuzzy_strong_heating,26.10,70.00,25.80,65.00,26.56,3138,true,210,40,-53,"method=fuzzy_time_proportioning, target=28-30C, temp_filtered=26.13, error=2.87, trend_c_per_min=-0.13, heater_demand_pct=100.0, intake_pwm=210, exhaust_pwm=40, relay=ON",2026-07-08 10:03:31.406827+00,,,,,,,,,,,true
23e47cc3-6564-49ee-bb22-0006f3bc24fa,77211883-4c4d-4c93-ad77-9456d4aba557,69527257-2ee0-48be-a172-dbed4bc62b1b,2026-07-08 18:29:32.498218+00,33788529,33787,fuzzy_strong_heating,25.50,64.60,25.00,61.30,26.38,3132,true,210,40,-52,"method=fuzzy_time_proportioning, target=28-30C, temp_filtered=25.53, error=3.47, trend_c_per_min=-0.13, heater_demand_pct=100.0, intake_pwm=210, exhaust_pwm=40, relay=ON",2026-07-08 18:29:32.498218+00,,,,,0.5,3.3,,,,,true
2462fc11-b36e-44e3-af07-87b7632e7ea4,77211883-4c4d-4c93-ad77-9456d4aba557,69527257-2ee0-48be-a172-dbed4bc62b1b,2026-07-08 15:49:32.547967+00,24188438,24187,fuzzy_strong_heating,27.30,77.50,,,27.06,3120,true,180,50,-56,"method=fuzzy_time_proportioning, target=28-30C, temp_filtered=27.30, error=1.70, trend_c_per_min=0.00, heater_demand_pct=80.0, intake_pwm=180, exhaust_pwm=50, relay=ON",2026-07-08 15:49:32.547967+00,,,,,,,,,,,true
24924037-9bb8-4092-8c81-fae396437afc,77211883-4c4d-4c93-ad77-9456d4aba557,69527257-2ee0-48be-a172-dbed4bc62b1b,2026-07-08 15:58:31.689649+00,24728438,24727,fuzzy_strong_heating,27.30,77.20,,,27.06,3115,true,180,50,-53,"method=fuzzy_time_proportioning, target=28-30C, temp_filtered=27.30, error=1.70, trend_c_per_min=0.00, heater_demand_pct=80.0, intake_pwm=180, exhaust_pwm=50, relay=ON",2026-07-08 15:58:31.689649+00,,,,,,,,,,,true
24b3dc4c-c573-404a-90fd-f8840250c79f,77211883-4c4d-4c93-ad77-9456d4aba557,69527257-2ee0-48be-a172-dbed4bc62b1b,2026-07-08 09:39:31.191441+00,1988276,1987,fuzzy_strong_heating,26.30,79.20,25.90,72.90,26.56,3136,true,201,50,-51,"method=fuzzy_time_proportioning, target=28-30C, temp_filtered=26.30, error=2.70, trend_c_per_min=0.00, heater_demand_pct=92.0, intake_pwm=201, exhaust_pwm=50, relay=ON",2026-07-08 09:39:31.191441+00,,,,,,,,,,,true
24b68649-0fa1-4430-bb89-3d6de9e5bf2b,77211883-4c4d-4c93-ad77-9456d4aba557,69527257-2ee0-48be-a172-dbed4bc62b1b,2026-07-08 11:34:32.267147+00,8888417,8887,fuzzy_strong_heating,26.60,80.80,,,26.69,3116,true,190,61,-55,"method=fuzzy_time_proportioning, target=28-30C, temp_filtered=26.54, error=2.46, trend_c_per_min=0.24, heater_demand_pct=82.1, intake_pwm=190, exhaust_pwm=61, relay=ON",2026-07-08 11:34:32.267147+00,,,,,,,,,,,true
250368dd-fd34-481f-9c84-aa0735008437,77211883-4c4d-4c93-ad77-9456d4aba557,69527257-2ee0-48be-a172-dbed4bc62b1b,2026-07-08 18:23:02.059926+00,33398529,33397,fuzzy_strong_heating,25.70,65.30,25.10,62.00,26.38,3157,true,210,40,-52,"method=fuzzy_time_proportioning, target=28-30C, temp_filtered=25.70, error=3.30, trend_c_per_min=0.00, heater_demand_pct=100.0, intake_pwm=210, exhaust_pwm=40, relay=ON",2026-07-08 18:23:02.059926+00,,,,,0.6,3.3,,,,,true
2511f674-d4fa-49df-9fa4-80bcddd96616,77211883-4c4d-4c93-ad77-9456d4aba557,69527257-2ee0-48be-a172-dbed4bc62b1b,2026-07-08 10:23:01.695343+00,4598276,4597,fuzzy_strong_heating,26.50,79.20,26.50,71.50,26.63,3115,true,195,52,-52,"method=fuzzy_time_proportioning, target=28-30C, temp_filtered=26.50, error=2.50, trend_c_per_min=0.02, heater_demand_pct=87.7, intake_pwm=195, exhaust_pwm=52, relay=ON",2026-07-08 10:23:01.695343+00,,,,,,,,,,,true
25601f25-3124-4ae2-991a-40cacab2bf0e,77211883-4c4d-4c93-ad77-9456d4aba557,69527257-2ee0-48be-a172-dbed4bc62b1b,2026-07-08 16:26:31.803358+00,26408438,26407,fuzzy_strong_heating,27.40,76.90,,,27.13,3110,true,180,50,-52,"method=fuzzy_time_proportioning, target=28-30C, temp_filtered=27.34, error=1.66, trend_c_per_min=0.26, heater_demand_pct=80.0, intake_pwm=180, exhaust_pwm=50, relay=ON",2026-07-08 16:26:31.803358+00,,,,,,,,,,,true
25c3fc49-f4ff-40f1-9111-f709b2293413,77211883-4c4d-4c93-ad77-9456d4aba557,69527257-2ee0-48be-a172-dbed4bc62b1b,2026-07-08 16:15:02.118732+00,25718438,25717,fuzzy_strong_heating,27.30,76.90,,,27.13,3121,true,180,50,-54,"method=fuzzy_time_proportioning, target=28-30C, temp_filtered=27.30, error=1.70, trend_c_per_min=0.00, heater_demand_pct=80.0, intake_pwm=180, exhaust_pwm=50, relay=ON",2026-07-08 16:15:02.118732+00,,,,,,,,,,,true
25c58dd0-9565-43a4-84f1-44add3c63968,77211883-4c4d-4c93-ad77-9456d4aba557,69527257-2ee0-48be-a172-dbed4bc62b1b,2026-07-08 10:04:31.636287+00,3488276,3487,fuzzy_strong_heating,26.10,69.80,25.70,64.60,26.56,3114,true,210,40,-53,"method=fuzzy_time_proportioning, target=28-30C, temp_filtered=26.10, error=2.90, trend_c_per_min=-0.00, heater_demand_pct=100.0, intake_pwm=210, exhaust_pwm=40, relay=ON",2026-07-08 10:04:31.636287+00,,,,,,,,,,,true
26407607-3aae-4a1b-9e6e-4b93cb368d93,77211883-4c4d-4c93-ad77-9456d4aba557,69527257-2ee0-48be-a172-dbed4bc62b1b,2026-07-08 12:42:01.288235+00,12938417,12937,fuzzy_strong_heating,26.20,70.70,,,26.56,3125,true,209,40,-57,"method=fuzzy_time_proportioning, target=28-30C, temp_filtered=26.20, error=2.80, trend_c_per_min=-0.01, heater_demand_pct=99.9, intake_pwm=209, exhaust_pwm=40, relay=ON",2026-07-08 12:42:01.288235+00,,,,,,,,,,,true
2660fd16-f1bd-4f7a-b4b4-e5237f4aab69,77211883-4c4d-4c93-ad77-9456d4aba557,69527257-2ee0-48be-a172-dbed4bc62b1b,2026-07-08 16:12:01.752312+00,25538438,25537,fuzzy_strong_heating,27.30,77.30,,,27.06,3137,true,180,50,-52,"method=fuzzy_time_proportioning, target=28-30C, temp_filtered=27.30, error=1.70, trend_c_per_min=0.00, heater_demand_pct=80.0, intake_pwm=180, exhaust_pwm=50, relay=ON",2026-07-08 16:12:01.752312+00,,,,,,,,,,,true
26652505-89f4-4911-b1fb-6a8e60fa2a63,77211883-4c4d-4c93-ad77-9456d4aba557,69527257-2ee0-48be-a172-dbed4bc62b1b,2026-07-08 15:12:31.319018+00,21968438,21967,fuzzy_strong_heating,27.20,76.70,,,26.94,3117,true,180,50,-52,"method=fuzzy_time_proportioning, target=28-30C, temp_filtered=27.20, error=1.80, trend_c_per_min=0.00, heater_demand_pct=80.0, intake_pwm=180, exhaust_pwm=50, relay=ON",2026-07-08 15:12:31.319018+00,,,,,,,,,,,true
266d5c63-a2e6-4ba5-8f50-6d5c7bdab95b,77211883-4c4d-4c93-ad77-9456d4aba557,69527257-2ee0-48be-a172-dbed4bc62b1b,2026-07-08 10:46:01.959663+00,5978276,5977,fuzzy_strong_heating,27.10,80.50,26.70,72.60,26.88,3126,true,177,62,-64,"method=fuzzy_time_proportioning, target=28-30C, temp_filtered=27.11, error=1.89, trend_c_per_min=-0.02, heater_demand_pct=74.6, intake_pwm=177, exhaust_pwm=62, relay=ON",2026-07-08 10:46:01.959663+00,,,,,,,,,,,true
26be449f-430a-43b4-b968-6993c773b355,77211883-4c4d-4c93-ad77-9456d4aba557,69527257-2ee0-48be-a172-dbed4bc62b1b,2026-07-08 15:17:02.172625+00,22238438,22237,fuzzy_strong_heating,27.20,77.00,,,27.00,3120,true,180,50,-52,"method=fuzzy_time_proportioning, target=28-30C, temp_filtered=27.20, error=1.80, trend_c_per_min=0.00, heater_demand_pct=80.0, intake_pwm=180, exhaust_pwm=50, relay=ON",2026-07-08 15:17:02.172625+00,,,,,,,,,,,true
26c0c836-ffbe-4135-9dce-d75ed11e8f81,77211883-4c4d-4c93-ad77-9456d4aba557,69527257-2ee0-48be-a172-dbed4bc62b1b,2026-07-08 10:22:00.817464+00,4538276,4537,fuzzy_strong_heating,26.40,78.50,26.40,71.00,26.63,3729,true,200,46,-55,"method=fuzzy_time_proportioning, target=28-30C, temp_filtered=26.40, error=2.60, trend_c_per_min=0.01, heater_demand_pct=92.7, intake_pwm=200, exhaust_pwm=46, relay=ON",2026-07-08 10:22:00.817464+00,,,,,,,,,,,true
279cbf45-cf43-4d01-9791-d5d443ebb6c2,77211883-4c4d-4c93-ad77-9456d4aba557,69527257-2ee0-48be-a172-dbed4bc62b1b,2026-07-08 13:55:01.669809+00,17318438,17317,fuzzy_strong_heating,26.10,70.60,,,26.50,3125,true,210,40,-55,"method=fuzzy_time_proportioning, target=28-30C, temp_filtered=26.12, error=2.88, trend_c_per_min=-0.09, heater_demand_pct=100.0, intake_pwm=210, exhaust_pwm=40, relay=ON",2026-07-08 13:55:01.669809+00,,,,,,,,,,,true
27e104ee-d1f4-467d-b0bc-f63bd76d10b2,77211883-4c4d-4c93-ad77-9456d4aba557,69527257-2ee0-48be-a172-dbed4bc62b1b,2026-07-08 11:53:31.485865+00,10028417,10027,fuzzy_strong_heating,26.30,69.40,,,26.63,3136,true,206,41,-53,"method=fuzzy_time_proportioning, target=28-30C, temp_filtered=26.30, error=2.70, trend_c_per_min=0.00, heater_demand_pct=97.5, intake_pwm=206, exhaust_pwm=41, relay=ON",2026-07-08 11:53:31.485865+00,,,,,,,,,,,true
2800ab7c-6900-4e15-9efb-5b5190559add,77211883-4c4d-4c93-ad77-9456d4aba557,69527257-2ee0-48be-a172-dbed4bc62b1b,2026-07-08 17:02:32.704078+00,28568453,28567,fuzzy_strong_heating,27.30,76.90,,,27.13,3120,true,177,50,-56,"method=fuzzy_time_proportioning, target=28-30C, temp_filtered=27.33, error=1.67, trend_c_per_min=-0.12, heater_demand_pct=76.1, intake_pwm=177, exhaust_pwm=50, relay=ON",2026-07-08 17:02:32.704078+00,,,,,,,,,,,true
281a03cc-1e37-496c-b3de-734ecad7eaf8,77211883-4c4d-4c93-ad77-9456d4aba557,69527257-2ee0-48be-a172-dbed4bc62b1b,2026-07-08 17:57:32.163254+00,31868529,31867,fuzzy_strong_heating,26.20,69.30,25.80,64.60,26.75,3107,true,209,40,-49,"method=fuzzy_time_proportioning, target=28-30C, temp_filtered=26.20, error=2.80, trend_c_per_min=-0.00, heater_demand_pct=100.0, intake_pwm=209, exhaust_pwm=40, relay=ON",2026-07-08 17:57:32.163254+00,,,,,0.4,4.7,,,,,true
28dfea0c-c33d-483e-adcb-be19618883b6,77211883-4c4d-4c93-ad77-9456d4aba557,69527257-2ee0-48be-a172-dbed4bc62b1b,2026-07-08 13:34:31.612218+00,16088449,16087,fuzzy_strong_heating,26.10,74.60,,,26.50,3136,true,210,40,-52,"method=fuzzy_time_proportioning, target=28-30C, temp_filtered=26.12, error=2.88, trend_c_per_min=-0.08, heater_demand_pct=100.0, intake_pwm=210, exhaust_pwm=40, relay=ON",2026-07-08 13:34:31.612218+00,,,,,,,,,,,true
2940101f-79ef-468e-b376-4e286377c505,77211883-4c4d-4c93-ad77-9456d4aba557,69527257-2ee0-48be-a172-dbed4bc62b1b,2026-07-08 17:13:01.939902+00,29198529,29197,fuzzy_strong_heating,27.30,77.40,,,27.19,3139,true,177,50,-57,"method=fuzzy_time_proportioning, target=28-30C, temp_filtered=27.33, error=1.67, trend_c_per_min=-0.13, heater_demand_pct=76.0, intake_pwm=177, exhaust_pwm=50, relay=ON",2026-07-08 17:13:01.939902+00,,,,,,,,,,,true
296af04b-584a-443c-919b-1c31f78999e8,77211883-4c4d-4c93-ad77-9456d4aba557,69527257-2ee0-48be-a172-dbed4bc62b1b,2026-07-08 17:08:31.619521+00,28928540,28927,fuzzy_strong_heating,27.30,77.20,,,27.19,3120,true,176,50,-57,"method=fuzzy_time_proportioning, target=28-30C, temp_filtered=27.34, error=1.66, trend_c_per_min=-0.16, heater_demand_pct=74.8, intake_pwm=176, exhaust_pwm=50, relay=ON",2026-07-08 17:08:31.619521+00,,,,,,,,,,,true
2995ebe6-ff57-4607-8acf-9d5cd3bdd826,77211883-4c4d-4c93-ad77-9456d4aba557,69527257-2ee0-48be-a172-dbed4bc62b1b,2026-07-08 11:45:02.387353+00,9518417,9517,fuzzy_strong_heating,26.50,73.00,,,26.69,3115,true,198,43,-53,"method=fuzzy_time_proportioning, target=28-30C, temp_filtered=26.50, error=2.50, trend_c_per_min=-0.00, heater_demand_pct=92.5, intake_pwm=198, exhaust_pwm=43, relay=ON",2026-07-08 11:45:02.387353+00,,,,,,,,,,,true
29b2f030-52d8-4ae3-80f7-230b635f9964,77211883-4c4d-4c93-ad77-9456d4aba557,69527257-2ee0-48be-a172-dbed4bc62b1b,2026-07-08 15:06:31.991254+00,21608438,21607,fuzzy_strong_heating,27.10,76.60,,,26.94,3136,true,176,50,-53,"method=fuzzy_time_proportioning, target=28-30C, temp_filtered=27.14, error=1.86, trend_c_per_min=-0.16, heater_demand_pct=75.3, intake_pwm=176, exhaust_pwm=50, relay=ON",2026-07-08 15:06:31.991254+00,,,,,,,,,,,true
29f4f91e-4b95-4676-9c75-feb227d61fce,77211883-4c4d-4c93-ad77-9456d4aba557,69527257-2ee0-48be-a172-dbed4bc62b1b,2026-07-08 15:22:02.025918+00,22538438,22537,fuzzy_strong_heating,27.20,77.20,,,27.00,3137,true,180,50,-53,"method=fuzzy_time_proportioning, target=28-30C, temp_filtered=27.20, error=1.80, trend_c_per_min=0.00, heater_demand_pct=80.0, intake_pwm=180, exhaust_pwm=50, relay=ON",2026-07-08 15:22:02.025918+00,,,,,,,,,,,true
2ac54185-9b70-43f6-9185-59276c9a3d1b,77211883-4c4d-4c93-ad77-9456d4aba557,69527257-2ee0-48be-a172-dbed4bc62b1b,2026-07-08 09:56:31.159052+00,3008276,3007,fuzzy_strong_heating,26.40,72.50,26.00,66.90,26.63,3133,true,202,42,-54,"method=fuzzy_time_proportioning, target=28-30C, temp_filtered=26.40, error=2.60, trend_c_per_min=-0.00, heater_demand_pct=95.0, intake_pwm=202, exhaust_pwm=42, relay=ON",2026-07-08 09:56:31.159052+00,,,,,,,,,,,true
2ae52700-6184-44a2-8783-7b1664a1eded,77211883-4c4d-4c93-ad77-9456d4aba557,69527257-2ee0-48be-a172-dbed4bc62b1b,2026-07-08 17:03:02.342198+00,28598453,28597,fuzzy_strong_heating,27.30,76.90,,,27.13,3117,true,176,50,-56,"method=fuzzy_time_proportioning, target=28-30C, temp_filtered=27.34, error=1.66, trend_c_per_min=-0.14, heater_demand_pct=75.4, intake_pwm=176, exhaust_pwm=50, relay=ON",2026-07-08 17:03:02.342198+00,,,,,,,,,,,true
2b514b67-bb30-46b6-9845-efef608bce05,77211883-4c4d-4c93-ad77-9456d4aba557,69527257-2ee0-48be-a172-dbed4bc62b1b,2026-07-08 17:18:31.912908+00,29528529,29527,fuzzy_strong_heating,27.40,77.50,,,27.13,3134,true,179,50,-54,"method=fuzzy_time_proportioning, target=28-30C, temp_filtered=27.37, error=1.63, trend_c_per_min=0.11, heater_demand_pct=80.0, intake_pwm=179, exhaust_pwm=50, relay=ON",2026-07-08 17:18:31.912908+00,,,,,,,,,,,true
2b9b63a9-3b15-426f-bb4b-e65900ca1858,77211883-4c4d-4c93-ad77-9456d4aba557,69527257-2ee0-48be-a172-dbed4bc62b1b,2026-07-08 15:53:01.806212+00,24398438,24397,fuzzy_strong_heating,27.30,77.40,,,27.06,3071,true,180,50,-56,"method=fuzzy_time_proportioning, target=28-30C, temp_filtered=27.30, error=1.70, trend_c_per_min=0.00, heater_demand_pct=80.0, intake_pwm=180, exhaust_pwm=50, relay=ON",2026-07-08 15:53:01.806212+00,,,,,,,,,,,true
2ba8b726-48a1-437e-a0e3-1829548d31fd,77211883-4c4d-4c93-ad77-9456d4aba557,69527257-2ee0-48be-a172-dbed4bc62b1b,2026-07-08 11:13:01.275947+00,7598427,7597,fuzzy_strong_heating,26.60,76.50,,,26.81,3142,true,194,45,-54,"method=fuzzy_time_proportioning, target=28-30C, temp_filtered=26.61, error=2.39, trend_c_per_min=-0.03, heater_demand_pct=89.8, intake_pwm=194, exhaust_pwm=45, relay=ON",2026-07-08 11:13:01.275947+00,,,,,,,,,,,true
2c02f1e4-3e5d-4708-8e73-cd99d47ac315,77211883-4c4d-4c93-ad77-9456d4aba557,69527257-2ee0-48be-a172-dbed4bc62b1b,2026-07-08 13:52:01.631471+00,17138438,17137,fuzzy_strong_heating,26.30,72.00,,,26.56,3118,true,206,41,-55,"method=fuzzy_time_proportioning, target=28-30C, temp_filtered=26.30, error=2.70, trend_c_per_min=-0.00, heater_demand_pct=97.5, intake_pwm=206, exhaust_pwm=41, relay=ON",2026-07-08 13:52:01.631471+00,,,,,,,,,,,true
2c0e1126-e3c4-49b5-9856-38a9eb266388,77211883-4c4d-4c93-ad77-9456d4aba557,69527257-2ee0-48be-a172-dbed4bc62b1b,2026-07-08 09:17:30.993511+00,668476,667,fuzzy_strong_heating,26.10,76.00,25.50,72.00,26.81,3165,true,210,40,-55,"method=fuzzy_time_proportioning, target=28-30C, temp_filtered=26.10, error=2.90, trend_c_per_min=-0.01, heater_demand_pct=100.0, intake_pwm=210, exhaust_pwm=40, relay=ON",2026-07-08 09:17:30.993511+00,,,,,,,,,,,true
2c53c5d6-fac8-4a55-b43a-bebe3aee1570,77211883-4c4d-4c93-ad77-9456d4aba557,69527257-2ee0-48be-a172-dbed4bc62b1b,2026-07-08 12:30:01.92121+00,12218417,12217,fuzzy_strong_heating,26.70,79.90,,,26.75,3558,true,187,58,-55,"method=fuzzy_time_proportioning, target=28-30C, temp_filtered=26.70, error=2.30, trend_c_per_min=0.00, heater_demand_pct=81.3, intake_pwm=187, exhaust_pwm=58, relay=ON",2026-07-08 12:30:01.92121+00,,,,,,,,,,,true
2c7dd222-4980-4a24-8d16-3c5b0714605e,77211883-4c4d-4c93-ad77-9456d4aba557,69527257-2ee0-48be-a172-dbed4bc62b1b,2026-07-08 17:15:32.332467+00,29348529,29347,fuzzy_strong_heating,27.40,77.40,,,27.13,3119,true,180,50,-55,"method=fuzzy_time_proportioning, target=28-30C, temp_filtered=27.39, error=1.61, trend_c_per_min=0.06, heater_demand_pct=80.0, intake_pwm=180, exhaust_pwm=50, relay=ON",2026-07-08 17:15:32.332467+00,,,,,,,,,,,true
2c83c53e-4356-4422-9349-8887045b10d7,77211883-4c4d-4c93-ad77-9456d4aba557,69527257-2ee0-48be-a172-dbed4bc62b1b,2026-07-08 09:04:44.87005+00,1208158,1207,intake_only,26.40,78.90,26.10,72.60,27.00,3280,false,120,0,-58,,2026-07-08 09:04:44.87005+00,,,,,,,,,,,true
2c999055-e65f-44b0-a9f4-ecb6912b7c05,77211883-4c4d-4c93-ad77-9456d4aba557,69527257-2ee0-48be-a172-dbed4bc62b1b,2026-07-08 15:55:01.898648+00,24518438,24517,fuzzy_strong_heating,27.30,77.40,,,27.06,3129,true,180,50,-56,"method=fuzzy_time_proportioning, target=28-30C, temp_filtered=27.30, error=1.70, trend_c_per_min=0.00, heater_demand_pct=80.0, intake_pwm=180, exhaust_pwm=50, relay=ON",2026-07-08 15:55:01.898648+00,,,,,,,,,,,true
2cbeb896-cca8-48c6-937a-2a6743a00b93,77211883-4c4d-4c93-ad77-9456d4aba557,69527257-2ee0-48be-a172-dbed4bc62b1b,2026-07-08 15:51:02.142006+00,24278438,24277,fuzzy_strong_heating,27.30,77.40,,,27.06,3127,true,180,50,-56,"method=fuzzy_time_proportioning, target=28-30C, temp_filtered=27.30, error=1.70, trend_c_per_min=0.00, heater_demand_pct=80.0, intake_pwm=180, exhaust_pwm=50, relay=ON",2026-07-08 15:51:02.142006+00,,,,,,,,,,,true
2cedb6d4-62d9-4b0c-b329-8b63b18b09a2,77211883-4c4d-4c93-ad77-9456d4aba557,69527257-2ee0-48be-a172-dbed4bc62b1b,2026-07-08 17:11:32.401887+00,29108529,29107,fuzzy_strong_heating,27.40,77.30,,,27.13,3137,true,180,50,-56,"method=fuzzy_time_proportioning, target=28-30C, temp_filtered=27.37, error=1.63, trend_c_per_min=0.10, heater_demand_pct=80.0, intake_pwm=180, exhaust_pwm=50, relay=ON",2026-07-08 17:11:32.401887+00,,,,,,,,,,,true
2d070428-3155-4d46-ab08-6a68e1c6a87d,77211883-4c4d-4c93-ad77-9456d4aba557,69527257-2ee0-48be-a172-dbed4bc62b1b,2026-07-08 09:27:01.643189+00,1238276,1237,fuzzy_strong_heating,26.90,81.70,26.60,73.50,26.75,3119,true,179,67,-51,"method=fuzzy_time_proportioning, target=28-30C, temp_filtered=26.88, error=2.12, trend_c_per_min=0.07, heater_demand_pct=74.1, intake_pwm=179, exhaust_pwm=67, relay=ON",2026-07-08 09:27:01.643189+00,,,,,,,,,,,true
2d1ce4ae-45bf-44b0-a2b0-b6318d09ff1d,77211883-4c4d-4c93-ad77-9456d4aba557,69527257-2ee0-48be-a172-dbed4bc62b1b,2026-07-08 11:29:31.819673+00,8588417,8587,fuzzy_strong_heating,26.20,75.70,,,26.63,3106,true,209,40,-56,"method=fuzzy_time_proportioning, target=28-30C, temp_filtered=26.20, error=2.80, trend_c_per_min=0.00, heater_demand_pct=100.0, intake_pwm=209, exhaust_pwm=40, relay=ON",2026-07-08 11:29:31.819673+00,,,,,,,,,,,true
2db4e12d-458f-4455-9670-14fac21b41ba,77211883-4c4d-4c93-ad77-9456d4aba557,69527257-2ee0-48be-a172-dbed4bc62b1b,2026-07-08 16:23:02.036229+00,26198438,26197,fuzzy_strong_heating,27.30,77.00,,,27.13,3140,true,180,50,-53,"method=fuzzy_time_proportioning, target=28-30C, temp_filtered=27.30, error=1.70, trend_c_per_min=-0.01, heater_demand_pct=80.0, intake_pwm=180, exhaust_pwm=50, relay=ON",2026-07-08 16:23:02.036229+00,,,,,,,,,,,true
2dfcc110-2efd-403a-955e-2064ba6f5902,77211883-4c4d-4c93-ad77-9456d4aba557,69527257-2ee0-48be-a172-dbed4bc62b1b,2026-07-08 13:36:02.464877+00,16178449,16177,fuzzy_strong_heating,26.20,76.40,,,26.56,3113,true,210,40,-51,"method=fuzzy_time_proportioning, target=28-30C, temp_filtered=26.20, error=2.80, trend_c_per_min=0.00, heater_demand_pct=100.0, intake_pwm=210, exhaust_pwm=40, relay=ON",2026-07-08 13:36:02.464877+00,,,,,,,,,,,true
2e71ac99-75ea-4c39-af0c-b48a72cd4f85,77211883-4c4d-4c93-ad77-9456d4aba557,69527257-2ee0-48be-a172-dbed4bc62b1b,2026-07-08 17:22:02.96357+00,29738529,29737,fuzzy_strong_heating,27.40,77.40,,,27.19,3135,true,179,50,-53,"method=fuzzy_time_proportioning, target=28-30C, temp_filtered=27.40, error=1.60, trend_c_per_min=0.01, heater_demand_pct=80.0, intake_pwm=179, exhaust_pwm=50, relay=ON",2026-07-08 17:22:02.96357+00,,,,,,,,,,,true
2e73186e-e376-429c-a6c2-09e2fc152341,77211883-4c4d-4c93-ad77-9456d4aba557,69527257-2ee0-48be-a172-dbed4bc62b1b,2026-07-08 13:15:01.729726+00,14918449,14917,fuzzy_strong_heating,26.50,79.10,,,26.69,3128,true,196,51,-54,"method=fuzzy_time_proportioning, target=28-30C, temp_filtered=26.47, error=2.53, trend_c_per_min=0.10, heater_demand_pct=88.5, intake_pwm=196, exhaust_pwm=51, relay=ON",2026-07-08 13:15:01.729726+00,,,,,,,,,,,true
2eafa93c-2737-464d-a0e9-0465152e6d8b,77211883-4c4d-4c93-ad77-9456d4aba557,69527257-2ee0-48be-a172-dbed4bc62b1b,2026-07-08 16:52:32.422952+00,27968464,27967,fuzzy_strong_heating,27.40,77.20,,,27.13,3114,true,180,50,-56,"method=fuzzy_time_proportioning, target=28-30C, temp_filtered=27.36, error=1.64, trend_c_per_min=0.17, heater_demand_pct=80.0, intake_pwm=180, exhaust_pwm=50, relay=ON",2026-07-08 16:52:32.422952+00,,,,,,,,,,,true
2eb98613-46a8-487d-9133-6a2e9caeea71,77211883-4c4d-4c93-ad77-9456d4aba557,69527257-2ee0-48be-a172-dbed4bc62b1b,2026-07-08 17:07:32.368589+00,28868540,28867,fuzzy_strong_heating,27.40,77.10,,,27.13,3135,true,180,50,-56,"method=fuzzy_time_proportioning, target=28-30C, temp_filtered=27.34, error=1.66, trend_c_per_min=0.26, heater_demand_pct=80.0, intake_pwm=180, exhaust_pwm=50, relay=ON",2026-07-08 17:07:32.368589+00,,,,,,,,,,,true
2f78ddf6-6387-4d63-9e87-3f39965e5502,77211883-4c4d-4c93-ad77-9456d4aba557,69527257-2ee0-48be-a172-dbed4bc62b1b,2026-07-08 14:05:32.024486+00,17948438,17947,fuzzy_strong_heating,26.70,81.10,,,26.75,3122,true,185,63,-53,"method=fuzzy_time_proportioning, target=28-30C, temp_filtered=26.69, error=2.31, trend_c_per_min=0.03, heater_demand_pct=78.6, intake_pwm=185, exhaust_pwm=63, relay=ON",2026-07-08 14:05:32.024486+00,,,,,,,,,,,true
2fd5a8e4-ff56-43e1-a221-d6038c576d3e,77211883-4c4d-4c93-ad77-9456d4aba557,69527257-2ee0-48be-a172-dbed4bc62b1b,2026-07-08 16:51:31.774559+00,27908464,27907,fuzzy_strong_heating,27.30,77.20,,,27.13,3131,true,176,50,-56,"method=fuzzy_time_proportioning, target=28-30C, temp_filtered=27.34, error=1.66, trend_c_per_min=-0.17, heater_demand_pct=74.5, intake_pwm=176, exhaust_pwm=50, relay=ON",2026-07-08 16:51:31.774559+00,,,,,,,,,,,true
30019513-8a99-4d8c-83ae-f664391afa3a,77211883-4c4d-4c93-ad77-9456d4aba557,69527257-2ee0-48be-a172-dbed4bc62b1b,2026-07-08 11:44:01.308146+00,9458417,9457,fuzzy_strong_heating,26.50,73.60,,,26.69,3123,true,198,43,-53,"method=fuzzy_time_proportioning, target=28-30C, temp_filtered=26.51, error=2.49, trend_c_per_min=-0.04, heater_demand_pct=92.2, intake_pwm=198, exhaust_pwm=43, relay=ON",2026-07-08 11:44:01.308146+00,,,,,,,,,,,true
3016a4d4-eb5c-414d-85eb-5efacba0c014,77211883-4c4d-4c93-ad77-9456d4aba557,69527257-2ee0-48be-a172-dbed4bc62b1b,2026-07-08 18:16:02.385275+00,32978529,32977,fuzzy_strong_heating,25.70,66.80,25.20,63.30,26.50,3110,true,210,40,-51,"method=fuzzy_time_proportioning, target=28-30C, temp_filtered=25.70, error=3.30, trend_c_per_min=-0.01, heater_demand_pct=100.0, intake_pwm=210, exhaust_pwm=40, relay=ON",2026-07-08 18:16:02.385275+00,,,,,0.5,3.5,,,,,true
301a48de-e0ac-4c8f-a743-9a9c1964ee61,77211883-4c4d-4c93-ad77-9456d4aba557,69527257-2ee0-48be-a172-dbed4bc62b1b,2026-07-08 12:51:02.190139+00,13478417,13477,fuzzy_strong_heating,26.60,80.20,,,26.69,3120,true,190,58,-57,"method=fuzzy_time_proportioning, target=28-30C, temp_filtered=26.57, error=2.43, trend_c_per_min=0.10, heater_demand_pct=83.0, intake_pwm=190, exhaust_pwm=58, relay=ON",2026-07-08 12:51:02.190139+00,,,,,,,,,,,true
30565c48-ea43-4941-9452-344ca20f2153,77211883-4c4d-4c93-ad77-9456d4aba557,69527257-2ee0-48be-a172-dbed4bc62b1b,2026-07-08 09:06:28.426134+00,3561,2,fuzzy_strong_heating,26.40,79.40,26.10,73.30,26.94,3177,true,197,52,-57,"method=fuzzy_time_proportioning, target=28-30C, temp_filtered=26.40, error=2.60, trend_c_per_min=0.00, heater_demand_pct=89.0, intake_pwm=197, exhaust_pwm=52, relay=ON",2026-07-08 09:06:28.426134+00,,,,,,,,,,,true
30cc0b51-8897-4fe3-a71b-d36a7aedae74,77211883-4c4d-4c93-ad77-9456d4aba557,69527257-2ee0-48be-a172-dbed4bc62b1b,2026-07-08 18:00:32.334625+00,32048529,32047,fuzzy_strong_heating,26.10,68.60,25.70,63.90,26.69,3138,true,209,40,-51,"method=fuzzy_time_proportioning, target=28-30C, temp_filtered=26.10, error=2.90, trend_c_per_min=-0.00, heater_demand_pct=100.0, intake_pwm=209, exhaust_pwm=40, relay=ON",2026-07-08 18:00:32.334625+00,,,,,0.4,4.7,,,,,true
3105e53d-09ec-46a8-91cb-55746017fcc4,77211883-4c4d-4c93-ad77-9456d4aba557,69527257-2ee0-48be-a172-dbed4bc62b1b,2026-07-08 11:17:31.045905+00,7868428,7867,fuzzy_strong_heating,26.40,74.10,,,26.69,3119,true,202,42,-53,"method=fuzzy_time_proportioning, target=28-30C, temp_filtered=26.40, error=2.60, trend_c_per_min=-0.01, heater_demand_pct=94.9, intake_pwm=202, exhaust_pwm=42, relay=ON",2026-07-08 11:17:31.045905+00,,,,,,,,,,,true
310b4cdf-168b-4571-92d6-f5888fa8de0d,77211883-4c4d-4c93-ad77-9456d4aba557,69527257-2ee0-48be-a172-dbed4bc62b1b,2026-07-08 12:47:31.323268+00,13268417,13267,fuzzy_strong_heating,26.30,77.00,,,26.63,3111,true,201,42,-52,"method=fuzzy_time_proportioning, target=28-30C, temp_filtered=26.32, error=2.68, trend_c_per_min=-0.07, heater_demand_pct=93.6, intake_pwm=201, exhaust_pwm=42, relay=ON",2026-07-08 12:47:31.323268+00,,,,,,,,,,,true
316add9f-6db1-4321-84b6-cb5c34b5723e,77211883-4c4d-4c93-ad77-9456d4aba557,69527257-2ee0-48be-a172-dbed4bc62b1b,2026-07-08 09:26:01.566075+00,1178276,1177,fuzzy_strong_heating,26.80,82.70,26.70,74.30,26.81,3136,true,181,70,-57,"method=fuzzy_time_proportioning, target=28-30C, temp_filtered=26.80, error=2.20, trend_c_per_min=0.00, heater_demand_pct=73.9, intake_pwm=181, exhaust_pwm=70, relay=ON",2026-07-08 09:26:01.566075+00,,,,,,,,,,,true
31d7ebb4-6707-48a4-8d1a-e785c4ca93bb,77211883-4c4d-4c93-ad77-9456d4aba557,69527257-2ee0-48be-a172-dbed4bc62b1b,2026-07-08 15:54:01.428538+00,24458438,24457,fuzzy_strong_heating,27.30,77.50,,,27.06,3120,true,180,50,-56,"method=fuzzy_time_proportioning, target=28-30C, temp_filtered=27.30, error=1.70, trend_c_per_min=0.00, heater_demand_pct=80.0, intake_pwm=180, exhaust_pwm=50, relay=ON",2026-07-08 15:54:01.428538+00,,,,,,,,,,,true
3204c368-03d2-4b5b-a17c-fb8bbff2493f,77211883-4c4d-4c93-ad77-9456d4aba557,69527257-2ee0-48be-a172-dbed4bc62b1b,2026-07-08 14:58:31.690187+00,21128438,21127,fuzzy_strong_heating,27.10,76.20,,,26.94,3119,true,180,50,-52,"method=fuzzy_time_proportioning, target=28-30C, temp_filtered=27.10, error=1.90, trend_c_per_min=0.00, heater_demand_pct=80.0, intake_pwm=180, exhaust_pwm=50, relay=ON",2026-07-08 14:58:31.690187+00,,,,,,,,,,,true
3206efb0-75fc-4253-a6e8-19c483a924f9,77211883-4c4d-4c93-ad77-9456d4aba557,69527257-2ee0-48be-a172-dbed4bc62b1b,2026-07-08 10:33:30.817678+00,5228276,5227,fuzzy_soft_heating,27.00,83.90,26.90,75.10,26.81,3130,true,176,75,-54,"method=fuzzy_time_proportioning, target=28-30C, temp_filtered=26.96, error=2.04, trend_c_per_min=0.15, heater_demand_pct=69.9, intake_pwm=176, exhaust_pwm=75, relay=ON",2026-07-08 10:33:30.817678+00,,,,,,,,,,,true
320c5949-5ccb-48f6-bd8b-12b99a344f0f,77211883-4c4d-4c93-ad77-9456d4aba557,69527257-2ee0-48be-a172-dbed4bc62b1b,2026-07-08 17:20:03.313282+00,29618529,29617,fuzzy_strong_heating,27.40,77.40,,,27.19,3116,true,180,50,-54,"method=fuzzy_time_proportioning, target=28-30C, temp_filtered=27.40, error=1.60, trend_c_per_min=0.00, heater_demand_pct=80.0, intake_pwm=180, exhaust_pwm=50, relay=ON",2026-07-08 17:20:03.313282+00,,,,,,,,,,,true
3216cfa5-4b75-452c-8c04-445a3fd7c095,77211883-4c4d-4c93-ad77-9456d4aba557,69527257-2ee0-48be-a172-dbed4bc62b1b,2026-07-08 10:30:02.062733+00,5018276,5017,fuzzy_strong_heating,26.80,82.60,26.80,74.10,26.81,3136,true,177,64,-53,"method=fuzzy_time_proportioning, target=28-30C, temp_filtered=26.84, error=2.16, trend_c_per_min=-0.17, heater_demand_pct=71.0, intake_pwm=177, exhaust_pwm=64, relay=ON",2026-07-08 10:30:02.062733+00,,,,,,,,,,,true
323a819a-b860-43d1-b21e-c724f09c9500,77211883-4c4d-4c93-ad77-9456d4aba557,69527257-2ee0-48be-a172-dbed4bc62b1b,2026-07-08 16:19:32.703594+00,25988438,25987,fuzzy_strong_heating,27.30,76.80,,,27.06,3135,true,180,50,-54,"method=fuzzy_time_proportioning, target=28-30C, temp_filtered=27.30, error=1.70, trend_c_per_min=0.00, heater_demand_pct=80.0, intake_pwm=180, exhaust_pwm=50, relay=ON",2026-07-08 16:19:32.703594+00,,,,,,,,,,,true
325ebf64-86a6-4cb2-bb42-273402adfc35,77211883-4c4d-4c93-ad77-9456d4aba557,69527257-2ee0-48be-a172-dbed4bc62b1b,2026-07-08 09:43:30.785569+00,2228276,2227,fuzzy_strong_heating,26.50,81.30,26.40,73.70,26.69,3113,true,190,63,-53,"method=fuzzy_time_proportioning, target=28-30C, temp_filtered=26.50, error=2.50, trend_c_per_min=0.02, heater_demand_pct=81.6, intake_pwm=190, exhaust_pwm=63, relay=ON",2026-07-08 09:43:30.785569+00,,,,,,,,,,,true
327d78f1-3d2e-49e1-ae69-38f9b3593155,77211883-4c4d-4c93-ad77-9456d4aba557,69527257-2ee0-48be-a172-dbed4bc62b1b,2026-07-08 13:07:02.007068+00,14438448,14437,fuzzy_strong_heating,26.20,70.80,,,26.56,3130,true,209,40,-51,"method=fuzzy_time_proportioning, target=28-30C, temp_filtered=26.20, error=2.80, trend_c_per_min=-0.00, heater_demand_pct=100.0, intake_pwm=209, exhaust_pwm=40, relay=ON",2026-07-08 13:07:02.007068+00,,,,,,,,,,,true
32bd12ec-507b-451b-808e-2ed3ca56fb88,77211883-4c4d-4c93-ad77-9456d4aba557,69527257-2ee0-48be-a172-dbed4bc62b1b,2026-07-08 09:56:00.978883+00,2978276,2977,fuzzy_strong_heating,26.40,72.70,26.00,67.20,26.63,3134,true,202,42,-53,"method=fuzzy_time_proportioning, target=28-30C, temp_filtered=26.40, error=2.60, trend_c_per_min=-0.00, heater_demand_pct=95.0, intake_pwm=202, exhaust_pwm=42, relay=ON",2026-07-08 09:56:00.978883+00,,,,,,,,,,,true
32c37990-0959-4fc0-8b4e-ad1bea8c5cda,77211883-4c4d-4c93-ad77-9456d4aba557,69527257-2ee0-48be-a172-dbed4bc62b1b,2026-07-08 17:40:31.914995+00,30848529,30847,fuzzy_strong_heating,27.30,76.70,,,27.19,3123,true,178,50,-66,"method=fuzzy_time_proportioning, target=28-30C, temp_filtered=27.33, error=1.67, trend_c_per_min=-0.10, heater_demand_pct=77.1, intake_pwm=178, exhaust_pwm=50, relay=ON",2026-07-08 17:40:31.914995+00,,,,,,,,,,,true
32df435e-c2b6-461b-8f97-e1f26443def5,77211883-4c4d-4c93-ad77-9456d4aba557,69527257-2ee0-48be-a172-dbed4bc62b1b,2026-07-08 13:31:02.224515+00,15878449,15877,fuzzy_strong_heating,26.20,70.80,,,26.56,3133,true,209,40,-51,"method=fuzzy_time_proportioning, target=28-30C, temp_filtered=26.20, error=2.80, trend_c_per_min=-0.00, heater_demand_pct=100.0, intake_pwm=209, exhaust_pwm=40, relay=ON",2026-07-08 13:31:02.224515+00,,,,,,,,,,,true
32e00485-3ec4-4416-8a1c-926c855538af,77211883-4c4d-4c93-ad77-9456d4aba557,69527257-2ee0-48be-a172-dbed4bc62b1b,2026-07-08 15:55:32.138067+00,24548438,24547,fuzzy_strong_heating,27.30,77.40,,,27.06,3115,true,180,50,-57,"method=fuzzy_time_proportioning, target=28-30C, temp_filtered=27.30, error=1.70, trend_c_per_min=0.00, heater_demand_pct=80.0, intake_pwm=180, exhaust_pwm=50, relay=ON",2026-07-08 15:55:32.138067+00,,,,,,,,,,,true
32f369fa-a183-488c-b96c-c9703487e65d,77211883-4c4d-4c93-ad77-9456d4aba557,69527257-2ee0-48be-a172-dbed4bc62b1b,2026-07-08 15:22:31.793048+00,22568438,22567,fuzzy_strong_heating,27.20,77.20,,,27.00,3126,true,180,50,-53,"method=fuzzy_time_proportioning, target=28-30C, temp_filtered=27.20, error=1.80, trend_c_per_min=0.00, heater_demand_pct=80.0, intake_pwm=180, exhaust_pwm=50, relay=ON",2026-07-08 15:22:31.793048+00,,,,,,,,,,,true
3326e768-c93b-4912-9cd3-7f72f0cff970,77211883-4c4d-4c93-ad77-9456d4aba557,69527257-2ee0-48be-a172-dbed4bc62b1b,2026-07-08 12:32:31.487893+00,12368417,12367,fuzzy_strong_heating,26.60,76.40,,,26.75,3109,true,189,46,-54,"method=fuzzy_time_proportioning, target=28-30C, temp_filtered=26.62, error=2.38, trend_c_per_min=-0.09, heater_demand_pct=84.9, intake_pwm=189, exhaust_pwm=46, relay=ON",2026-07-08 12:32:31.487893+00,,,,,,,,,,,true
333663d6-cf2c-4595-bf99-e7d3b6db6ccf,77211883-4c4d-4c93-ad77-9456d4aba557,69527257-2ee0-48be-a172-dbed4bc62b1b,2026-07-08 12:52:02.040877+00,13538417,13537,fuzzy_strong_heating,26.60,80.70,,,26.69,3125,true,188,61,-55,"method=fuzzy_time_proportioning, target=28-30C, temp_filtered=26.60, error=2.40, trend_c_per_min=0.00, heater_demand_pct=81.2, intake_pwm=188, exhaust_pwm=61, relay=ON",2026-07-08 12:52:02.040877+00,,,,,,,,,,,true
33413cd8-ace6-4b76-a69f-0d5f9b08c28c,77211883-4c4d-4c93-ad77-9456d4aba557,69527257-2ee0-48be-a172-dbed4bc62b1b,2026-07-08 15:09:02.539949+00,21758438,21757,fuzzy_strong_heating,27.20,76.70,,,26.94,3122,true,180,50,-53,"method=fuzzy_time_proportioning, target=28-30C, temp_filtered=27.20, error=1.80, trend_c_per_min=0.00, heater_demand_pct=80.0, intake_pwm=180, exhaust_pwm=50, relay=ON",2026-07-08 15:09:02.539949+00,,,,,,,,,,,true
3426a64e-ec98-4aa5-ad8c-6de09b1a87cc,77211883-4c4d-4c93-ad77-9456d4aba557,69527257-2ee0-48be-a172-dbed4bc62b1b,2026-07-08 16:45:02.634162+00,27518438,27517,fuzzy_strong_heating,27.40,77.20,,,27.13,3135,true,179,50,-56,"method=fuzzy_time_proportioning, target=28-30C, temp_filtered=27.39, error=1.61, trend_c_per_min=0.04, heater_demand_pct=80.0, intake_pwm=179, exhaust_pwm=50, relay=ON",2026-07-08 16:45:02.634162+00,,,,,,,,,,,true
35f58931-23ed-4b2f-a519-dfd23dff8860,77211883-4c4d-4c93-ad77-9456d4aba557,69527257-2ee0-48be-a172-dbed4bc62b1b,2026-07-08 09:50:31.5883+00,2648276,2647,fuzzy_strong_heating,26.60,75.90,26.20,69.40,26.69,3135,true,184,47,-52,"method=fuzzy_time_proportioning, target=28-30C, temp_filtered=26.66, error=2.34, trend_c_per_min=-0.24, heater_demand_pct=79.9, intake_pwm=184, exhaust_pwm=47, relay=ON",2026-07-08 09:50:31.5883+00,,,,,,,,,,,true
36750bbf-ad0e-4520-b48a-fe72fb4467a1,77211883-4c4d-4c93-ad77-9456d4aba557,69527257-2ee0-48be-a172-dbed4bc62b1b,2026-07-08 15:58:02.80482+00,24698438,24697,fuzzy_strong_heating,27.30,77.20,,,27.06,3136,true,180,50,-53,"method=fuzzy_time_proportioning, target=28-30C, temp_filtered=27.30, error=1.70, trend_c_per_min=0.00, heater_demand_pct=80.0, intake_pwm=180, exhaust_pwm=50, relay=ON",2026-07-08 15:58:02.80482+00,,,,,,,,,,,true
36c5866a-326a-4542-884e-830ac538f44a,77211883-4c4d-4c93-ad77-9456d4aba557,69527257-2ee0-48be-a172-dbed4bc62b1b,2026-07-08 11:53:01.104682+00,9998417,9997,fuzzy_strong_heating,26.30,69.50,,,26.56,3114,true,206,41,-54,"method=fuzzy_time_proportioning, target=28-30C, temp_filtered=26.30, error=2.70, trend_c_per_min=0.00, heater_demand_pct=97.5, intake_pwm=206, exhaust_pwm=41, relay=ON",2026-07-08 11:53:01.104682+00,,,,,,,,,,,true
3713dbb1-78f2-4241-9e96-854c1ce53faa,77211883-4c4d-4c93-ad77-9456d4aba557,69527257-2ee0-48be-a172-dbed4bc62b1b,2026-07-08 12:25:32.418655+00,11948417,11947,fuzzy_strong_heating,26.50,78.70,,,26.63,3136,true,196,48,-55,"method=fuzzy_time_proportioning, target=28-30C, temp_filtered=26.49, error=2.51, trend_c_per_min=0.03, heater_demand_pct=89.7, intake_pwm=196, exhaust_pwm=48, relay=ON",2026-07-08 12:25:32.418655+00,,,,,,,,,,,true
3722645b-a28f-4428-9685-8cea362c7246,77211883-4c4d-4c93-ad77-9456d4aba557,69527257-2ee0-48be-a172-dbed4bc62b1b,2026-07-08 11:43:01.116596+00,9398417,9397,fuzzy_strong_heating,26.50,74.40,,,26.69,3134,true,187,46,-52,"method=fuzzy_time_proportioning, target=28-30C, temp_filtered=26.58, error=2.42, trend_c_per_min=-0.30, heater_demand_pct=82.4, intake_pwm=187, exhaust_pwm=46, relay=ON",2026-07-08 11:43:01.116596+00,,,,,,,,,,,true
37265eb3-1dbb-4a2c-87f5-54c433dacf2a,77211883-4c4d-4c93-ad77-9456d4aba557,69527257-2ee0-48be-a172-dbed4bc62b1b,2026-07-08 09:58:01.051685+00,3098276,3097,fuzzy_strong_heating,26.30,71.80,25.90,66.40,26.63,3132,true,199,42,-51,"method=fuzzy_time_proportioning, target=28-30C, temp_filtered=26.34, error=2.66, trend_c_per_min=-0.15, heater_demand_pct=92.0, intake_pwm=199, exhaust_pwm=42, relay=ON",2026-07-08 09:58:01.051685+00,,,,,,,,,,,true
3760f394-678d-45e2-b62e-7c5f9bcd5a4f,77211883-4c4d-4c93-ad77-9456d4aba557,69527257-2ee0-48be-a172-dbed4bc62b1b,2026-07-08 10:54:31.232025+00,6488276,6487,fuzzy_soft_heating,27.00,87.50,26.80,78.50,26.88,3120,true,175,79,-54,"method=fuzzy_time_proportioning, target=28-30C, temp_filtered=27.00, error=2.00, trend_c_per_min=0.00, heater_demand_pct=67.5, intake_pwm=175, exhaust_pwm=79, relay=ON",2026-07-08 10:54:31.232025+00,,,,,,,,,,,true
37c6ebc9-516b-4091-ba34-8c5ee6b04668,77211883-4c4d-4c93-ad77-9456d4aba557,69527257-2ee0-48be-a172-dbed4bc62b1b,2026-07-08 11:30:02.327885+00,8618417,8617,fuzzy_strong_heating,26.30,76.50,,,26.63,3115,true,208,40,-59,"method=fuzzy_time_proportioning, target=28-30C, temp_filtered=26.24, error=2.76, trend_c_per_min=0.24, heater_demand_pct=99.0, intake_pwm=208, exhaust_pwm=40, relay=ON",2026-07-08 11:30:02.327885+00,,,,,,,,,,,true
37daae07-c66a-4615-a979-4c34aa4d42d5,77211883-4c4d-4c93-ad77-9456d4aba557,69527257-2ee0-48be-a172-dbed4bc62b1b,2026-07-08 17:20:32.423842+00,29648529,29647,fuzzy_strong_heating,27.40,77.40,,,27.19,3122,true,179,50,-54,"method=fuzzy_time_proportioning, target=28-30C, temp_filtered=27.40, error=1.60, trend_c_per_min=0.00, heater_demand_pct=80.0, intake_pwm=179, exhaust_pwm=50, relay=ON",2026-07-08 17:20:32.423842+00,,,,,,,,,,,true
38768df4-ce83-46be-a261-bb6842cd44ea,77211883-4c4d-4c93-ad77-9456d4aba557,69527257-2ee0-48be-a172-dbed4bc62b1b,2026-07-08 16:00:32.19669+00,24848438,24847,fuzzy_strong_heating,27.30,77.10,,,27.06,3122,true,180,50,-53,"method=fuzzy_time_proportioning, target=28-30C, temp_filtered=27.30, error=1.70, trend_c_per_min=0.00, heater_demand_pct=80.0, intake_pwm=180, exhaust_pwm=50, relay=ON",2026-07-08 16:00:32.19669+00,,,,,,,,,,,true
3889b21c-ea56-4c88-beb3-dd0f2f71aa1e,77211883-4c4d-4c93-ad77-9456d4aba557,69527257-2ee0-48be-a172-dbed4bc62b1b,2026-07-08 15:02:01.408768+00,21338438,21337,fuzzy_strong_heating,27.10,76.40,,,26.94,3120,true,179,49,-52,"method=fuzzy_time_proportioning, target=28-30C, temp_filtered=27.11, error=1.89, trend_c_per_min=-0.06, heater_demand_pct=79.6, intake_pwm=179, exhaust_pwm=49, relay=ON",2026-07-08 15:02:01.408768+00,,,,,,,,,,,true
388a8a01-d9a6-4beb-91f8-333d75862dc9,77211883-4c4d-4c93-ad77-9456d4aba557,69527257-2ee0-48be-a172-dbed4bc62b1b,2026-07-08 12:05:32.234685+00,10748417,10747,fuzzy_strong_heating,26.70,78.40,,,26.75,3126,true,190,49,-54,"method=fuzzy_time_proportioning, target=28-30C, temp_filtered=26.70, error=2.30, trend_c_per_min=0.00, heater_demand_pct=86.0, intake_pwm=190, exhaust_pwm=49, relay=ON",2026-07-08 12:05:32.234685+00,,,,,,,,,,,true
389b5cb1-c475-4eeb-b99c-4f4e19879975,77211883-4c4d-4c93-ad77-9456d4aba557,69527257-2ee0-48be-a172-dbed4bc62b1b,2026-07-08 12:14:01.750127+00,11258417,11257,fuzzy_strong_heating,26.40,71.30,,,26.63,3120,true,202,42,-56,"method=fuzzy_time_proportioning, target=28-30C, temp_filtered=26.40, error=2.60, trend_c_per_min=-0.00, heater_demand_pct=95.0, intake_pwm=202, exhaust_pwm=42, relay=ON",2026-07-08 12:14:01.750127+00,,,,,,,,,,,true
38a64b7c-def6-4825-bd4a-ec2025802675,77211883-4c4d-4c93-ad77-9456d4aba557,69527257-2ee0-48be-a172-dbed4bc62b1b,2026-07-08 11:02:31.320471+00,6968366,6967,fuzzy_soft_heating,27.10,87.70,,,26.88,3116,true,175,79,-54,"method=fuzzy_time_proportioning, target=28-30C, temp_filtered=27.10, error=1.90, trend_c_per_min=0.00, heater_demand_pct=67.5, intake_pwm=175, exhaust_pwm=79, relay=ON",2026-07-08 11:02:31.320471+00,,,,,,,,,,,true
39050fc9-809e-4df2-9bbd-83d811dd5b54,77211883-4c4d-4c93-ad77-9456d4aba557,69527257-2ee0-48be-a172-dbed4bc62b1b,2026-07-08 17:09:32.35757+00,28988529,28987,fuzzy_strong_heating,27.40,77.30,,,27.19,3119,true,180,50,-56,"method=fuzzy_time_proportioning, target=28-30C, temp_filtered=27.36, error=1.64, trend_c_per_min=0.14, heater_demand_pct=80.0, intake_pwm=180, exhaust_pwm=50, relay=ON",2026-07-08 17:09:32.35757+00,,,,,,,,,,,true
390fb19b-b3c0-40f3-b08d-e730801118e3,77211883-4c4d-4c93-ad77-9456d4aba557,69527257-2ee0-48be-a172-dbed4bc62b1b,2026-07-08 15:48:01.735769+00,24098438,24097,fuzzy_strong_heating,27.30,77.50,,,27.06,3117,true,180,50,-56,"method=fuzzy_time_proportioning, target=28-30C, temp_filtered=27.30, error=1.70, trend_c_per_min=0.00, heater_demand_pct=80.0, intake_pwm=180, exhaust_pwm=50, relay=ON",2026-07-08 15:48:01.735769+00,,,,,,,,,,,true
391f5db9-bb62-46d4-92c0-29495c24d7dd,77211883-4c4d-4c93-ad77-9456d4aba557,69527257-2ee0-48be-a172-dbed4bc62b1b,2026-07-08 12:37:31.852523+00,12668417,12667,fuzzy_strong_heating,26.40,72.70,,,26.63,3139,true,202,42,-57,"method=fuzzy_time_proportioning, target=28-30C, temp_filtered=26.40, error=2.60, trend_c_per_min=-0.02, heater_demand_pct=94.9, intake_pwm=202, exhaust_pwm=42, relay=ON",2026-07-08 12:37:31.852523+00,,,,,,,,,,,true
392266b2-1347-4cc1-a64f-3a4ed9af1569,77211883-4c4d-4c93-ad77-9456d4aba557,69527257-2ee0-48be-a172-dbed4bc62b1b,2026-07-08 17:58:32.003911+00,31928529,31927,fuzzy_strong_heating,26.10,69.00,25.70,64.60,26.69,3123,true,210,40,-49,"method=fuzzy_time_proportioning, target=28-30C, temp_filtered=26.18, error=2.82, trend_c_per_min=-0.30, heater_demand_pct=100.0, intake_pwm=210, exhaust_pwm=40, relay=ON",2026-07-08 17:58:32.003911+00,,,,,0.4,4.4,,,,,true
392727d1-96db-4c5b-90ed-569430790857,77211883-4c4d-4c93-ad77-9456d4aba557,69527257-2ee0-48be-a172-dbed4bc62b1b,2026-07-08 15:26:02.113594+00,22778438,22777,fuzzy_strong_heating,27.20,77.30,,,27.00,3117,true,180,50,-54,"method=fuzzy_time_proportioning, target=28-30C, temp_filtered=27.20, error=1.80, trend_c_per_min=-0.02, heater_demand_pct=80.0, intake_pwm=180, exhaust_pwm=50, relay=ON",2026-07-08 15:26:02.113594+00,,,,,,,,,,,true
392ae04e-e631-48e3-9295-a0fa5d373365,77211883-4c4d-4c93-ad77-9456d4aba557,69527257-2ee0-48be-a172-dbed4bc62b1b,2026-07-08 11:51:31.974128+00,9908417,9907,fuzzy_strong_heating,26.30,70.20,,,26.63,3125,true,206,41,-54,"method=fuzzy_time_proportioning, target=28-30C, temp_filtered=26.30, error=2.70, trend_c_per_min=-0.00, heater_demand_pct=97.5, intake_pwm=206, exhaust_pwm=41, relay=ON",2026-07-08 11:51:31.974128+00,,,,,,,,,,,true
394120f7-18f8-4259-9cf3-2a85ed492b3f,77211883-4c4d-4c93-ad77-9456d4aba557,69527257-2ee0-48be-a172-dbed4bc62b1b,2026-07-08 10:30:31.471751+00,5048276,5047,fuzzy_strong_heating,26.90,82.80,26.90,74.20,26.75,3119,true,179,71,-55,"method=fuzzy_time_proportioning, target=28-30C, temp_filtered=26.87, error=2.13, trend_c_per_min=0.11, heater_demand_pct=72.6, intake_pwm=179, exhaust_pwm=71, relay=ON",2026-07-08 10:30:31.471751+00,,,,,,,,,,,true
3944a3be-1a43-4a04-9113-2b28fff5fed0,77211883-4c4d-4c93-ad77-9456d4aba557,69527257-2ee0-48be-a172-dbed4bc62b1b,2026-07-08 14:53:01.866785+00,20798438,20797,fuzzy_strong_heating,27.10,75.80,,,26.88,3106,true,180,50,-52,"method=fuzzy_time_proportioning, target=28-30C, temp_filtered=27.10, error=1.90, trend_c_per_min=0.00, heater_demand_pct=80.0, intake_pwm=180, exhaust_pwm=50, relay=ON",2026-07-08 14:53:01.866785+00,,,,,,,,,,,true
39f1c1f5-6239-46cc-b678-ac33d7de05d6,77211883-4c4d-4c93-ad77-9456d4aba557,69527257-2ee0-48be-a172-dbed4bc62b1b,2026-07-08 12:09:02.008661+00,10958417,10957,fuzzy_strong_heating,26.60,74.50,,,26.69,3120,true,194,45,-55,"method=fuzzy_time_proportioning, target=28-30C, temp_filtered=26.60, error=2.40, trend_c_per_min=-0.00, heater_demand_pct=90.0, intake_pwm=194, exhaust_pwm=45, relay=ON",2026-07-08 12:09:02.008661+00,,,,,,,,,,,true
39f86bd5-e921-48a7-b5d3-b40ff2fe88e3,77211883-4c4d-4c93-ad77-9456d4aba557,69527257-2ee0-48be-a172-dbed4bc62b1b,2026-07-08 14:19:01.770185+00,18758438,18757,fuzzy_strong_heating,26.30,71.50,,,26.56,3134,true,206,41,-57,"method=fuzzy_time_proportioning, target=28-30C, temp_filtered=26.30, error=2.70, trend_c_per_min=0.00, heater_demand_pct=97.5, intake_pwm=206, exhaust_pwm=41, relay=ON",2026-07-08 14:19:01.770185+00,,,,,,,,,,,true
3a4c9422-a3cf-4889-ab9d-96aab4922370,77211883-4c4d-4c93-ad77-9456d4aba557,69527257-2ee0-48be-a172-dbed4bc62b1b,2026-07-08 13:39:01.614403+00,16358438,16357,fuzzy_strong_heating,26.40,78.80,,,26.63,3117,true,199,48,-52,"method=fuzzy_time_proportioning, target=28-30C, temp_filtered=26.40, error=2.60, trend_c_per_min=0.00, heater_demand_pct=91.4, intake_pwm=199, exhaust_pwm=48, relay=ON",2026-07-08 13:39:01.614403+00,,,,,,,,,,,true
3a5be688-b292-412d-9b6c-35e34763115b,77211883-4c4d-4c93-ad77-9456d4aba557,69527257-2ee0-48be-a172-dbed4bc62b1b,2026-07-08 12:11:01.675999+00,11078417,11077,fuzzy_strong_heating,26.50,73.00,,,26.69,3107,true,198,43,-58,"method=fuzzy_time_proportioning, target=28-30C, temp_filtered=26.50, error=2.50, trend_c_per_min=-0.00, heater_demand_pct=92.5, intake_pwm=198, exhaust_pwm=43, relay=ON",2026-07-08 12:11:01.675999+00,,,,,,,,,,,true
3a8c6d3e-9cc4-4aaa-ad2e-057a4fe50cea,77211883-4c4d-4c93-ad77-9456d4aba557,69527257-2ee0-48be-a172-dbed4bc62b1b,2026-07-08 10:08:30.840276+00,3728276,3727,fuzzy_strong_heating,26.00,69.00,25.60,64.00,26.50,3131,true,210,40,-55,"method=fuzzy_time_proportioning, target=28-30C, temp_filtered=26.00, error=3.00, trend_c_per_min=-0.00, heater_demand_pct=100.0, intake_pwm=210, exhaust_pwm=40, relay=ON",2026-07-08 10:08:30.840276+00,,,,,,,,,,,true
3a9c8ad6-8464-4724-b120-741d9486c714,77211883-4c4d-4c93-ad77-9456d4aba557,69527257-2ee0-48be-a172-dbed4bc62b1b,2026-07-08 15:37:32.264561+00,23468438,23467,fuzzy_strong_heating,27.30,77.50,,,27.00,3123,true,180,50,-56,"method=fuzzy_time_proportioning, target=28-30C, temp_filtered=27.30, error=1.70, trend_c_per_min=0.00, heater_demand_pct=80.0, intake_pwm=180, exhaust_pwm=50, relay=ON",2026-07-08 15:37:32.264561+00,,,,,,,,,,,true
3ab11c19-3b25-404c-9998-f7264de38ea1,77211883-4c4d-4c93-ad77-9456d4aba557,69527257-2ee0-48be-a172-dbed4bc62b1b,2026-07-08 16:02:01.361989+00,24938438,24937,fuzzy_strong_heating,27.30,77.00,,,27.06,3134,true,180,50,-54,"method=fuzzy_time_proportioning, target=28-30C, temp_filtered=27.30, error=1.70, trend_c_per_min=0.00, heater_demand_pct=80.0, intake_pwm=180, exhaust_pwm=50, relay=ON",2026-07-08 16:02:01.361989+00,,,,,,,,,,,true
3ab17627-0212-4273-a159-baa40206e431,77211883-4c4d-4c93-ad77-9456d4aba557,69527257-2ee0-48be-a172-dbed4bc62b1b,2026-07-08 15:17:31.276859+00,22268438,22267,fuzzy_strong_heating,27.20,77.00,,,27.00,3129,true,180,50,-52,"method=fuzzy_time_proportioning, target=28-30C, temp_filtered=27.20, error=1.80, trend_c_per_min=0.00, heater_demand_pct=80.0, intake_pwm=180, exhaust_pwm=50, relay=ON",2026-07-08 15:17:31.276859+00,,,,,,,,,,,true
3acd74e1-b7ba-4236-8ae9-f6292e1f2c7d,77211883-4c4d-4c93-ad77-9456d4aba557,69527257-2ee0-48be-a172-dbed4bc62b1b,2026-07-08 10:53:31.763433+00,6428276,6427,fuzzy_soft_heating,27.00,87.30,26.80,78.30,26.88,3135,true,175,79,-53,"method=fuzzy_time_proportioning, target=28-30C, temp_filtered=27.00, error=2.00, trend_c_per_min=0.00, heater_demand_pct=67.5, intake_pwm=175, exhaust_pwm=79, relay=ON",2026-07-08 10:53:31.763433+00,,,,,,,,,,,true
3b2fc9f1-b67a-453f-a8e3-7552fb5ea2f2,77211883-4c4d-4c93-ad77-9456d4aba557,69527257-2ee0-48be-a172-dbed4bc62b1b,2026-07-08 15:10:31.857195+00,21848438,21847,fuzzy_strong_heating,27.20,76.70,,,26.94,3135,true,180,50,-53,"method=fuzzy_time_proportioning, target=28-30C, temp_filtered=27.20, error=1.80, trend_c_per_min=0.00, heater_demand_pct=80.0, intake_pwm=180, exhaust_pwm=50, relay=ON",2026-07-08 15:10:31.857195+00,,,,,,,,,,,true
3b548a52-77a4-4532-ab26-5125da57d529,77211883-4c4d-4c93-ad77-9456d4aba557,69527257-2ee0-48be-a172-dbed4bc62b1b,2026-07-08 09:48:02.664847+00,2498276,2497,fuzzy_strong_heating,26.80,78.00,26.40,70.40,26.81,3115,true,187,47,-55,"method=fuzzy_time_proportioning, target=28-30C, temp_filtered=26.80, error=2.20, trend_c_per_min=0.00, heater_demand_pct=85.0, intake_pwm=187, exhaust_pwm=47, relay=ON",2026-07-08 09:48:02.664847+00,,,,,,,,,,,true
3bb7d4cd-1cd6-4378-993d-cf1ae2855922,77211883-4c4d-4c93-ad77-9456d4aba557,69527257-2ee0-48be-a172-dbed4bc62b1b,2026-07-08 17:50:31.52331+00,31448529,31447,fuzzy_strong_heating,26.60,71.00,26.10,65.90,26.88,3093,true,194,45,-50,"method=fuzzy_time_proportioning, target=28-30C, temp_filtered=26.60, error=2.40, trend_c_per_min=-0.01, heater_demand_pct=90.0, intake_pwm=194, exhaust_pwm=45, relay=ON",2026-07-08 17:50:31.52331+00,,,,,,,,,,,true
3bcbb02b-ceee-42e4-926b-347298ab469b,77211883-4c4d-4c93-ad77-9456d4aba557,69527257-2ee0-48be-a172-dbed4bc62b1b,2026-07-08 13:58:31.621945+00,17528438,17527,fuzzy_strong_heating,26.20,75.10,,,26.56,3135,true,210,40,-53,"method=fuzzy_time_proportioning, target=28-30C, temp_filtered=26.18, error=2.82, trend_c_per_min=0.09, heater_demand_pct=100.0, intake_pwm=210, exhaust_pwm=40, relay=ON",2026-07-08 13:58:31.621945+00,,,,,,,,,,,true
3c15fa3a-958c-4a0e-8264-e1bb0f2f03f8,77211883-4c4d-4c93-ad77-9456d4aba557,69527257-2ee0-48be-a172-dbed4bc62b1b,2026-07-08 13:53:32.204934+00,17228438,17227,fuzzy_strong_heating,26.20,71.20,,,26.50,3121,true,209,40,-57,"method=fuzzy_time_proportioning, target=28-30C, temp_filtered=26.20, error=2.80, trend_c_per_min=-0.01, heater_demand_pct=99.9, intake_pwm=209, exhaust_pwm=40, relay=ON",2026-07-08 13:53:32.204934+00,,,,,,,,,,,true
3c23b01f-301b-4695-b0f3-a12c26433463,77211883-4c4d-4c93-ad77-9456d4aba557,69527257-2ee0-48be-a172-dbed4bc62b1b,2026-07-08 11:41:31.432677+00,9308417,9307,fuzzy_strong_heating,26.60,75.40,,,26.75,3133,true,194,45,-55,"method=fuzzy_time_proportioning, target=28-30C, temp_filtered=26.60, error=2.40, trend_c_per_min=-0.02, heater_demand_pct=89.9, intake_pwm=194, exhaust_pwm=45, relay=ON",2026-07-08 11:41:31.432677+00,,,,,,,,,,,true
3c7502a0-05c1-4163-b313-0702efa1d148,77211883-4c4d-4c93-ad77-9456d4aba557,69527257-2ee0-48be-a172-dbed4bc62b1b,2026-07-08 14:28:01.662085+00,19298438,19297,fuzzy_strong_heating,26.60,73.20,,,26.75,3126,true,195,44,-56,"method=fuzzy_time_proportioning, target=28-30C, temp_filtered=26.60, error=2.40, trend_c_per_min=0.00, heater_demand_pct=90.0, intake_pwm=195, exhaust_pwm=44, relay=ON",2026-07-08 14:28:01.662085+00,,,,,,,,,,,true
3c7b0e46-d2e6-4ee8-8911-6987aef09b81,77211883-4c4d-4c93-ad77-9456d4aba557,69527257-2ee0-48be-a172-dbed4bc62b1b,2026-07-08 13:16:02.157138+00,14978449,14977,fuzzy_strong_heating,26.50,79.60,,,26.69,3120,true,193,54,-53,"method=fuzzy_time_proportioning, target=28-30C, temp_filtered=26.50, error=2.50, trend_c_per_min=0.00, heater_demand_pct=86.3, intake_pwm=193, exhaust_pwm=54, relay=ON",2026-07-08 13:16:02.157138+00,,,,,,,,,,,true
3c9f4f7b-8ad0-41e6-8594-800261298f69,77211883-4c4d-4c93-ad77-9456d4aba557,69527257-2ee0-48be-a172-dbed4bc62b1b,2026-07-08 13:10:01.527752+00,14618449,14617,fuzzy_strong_heating,26.20,73.40,,,26.56,3111,true,210,40,-52,"method=fuzzy_time_proportioning, target=28-30C, temp_filtered=26.20, error=2.80, trend_c_per_min=0.02, heater_demand_pct=100.0, intake_pwm=210, exhaust_pwm=40, relay=ON",2026-07-08 13:10:01.527752+00,,,,,,,,,,,true
3d6e6796-fdb9-4030-99b1-5a8426b0b58f,77211883-4c4d-4c93-ad77-9456d4aba557,69527257-2ee0-48be-a172-dbed4bc62b1b,2026-07-08 13:18:32.01867+00,15128449,15127,fuzzy_strong_heating,26.60,80.80,,,26.69,3122,true,188,61,-56,"method=fuzzy_time_proportioning, target=28-30C, temp_filtered=26.60, error=2.40, trend_c_per_min=0.00, heater_demand_pct=80.9, intake_pwm=188, exhaust_pwm=61, relay=ON",2026-07-08 13:18:32.01867+00,,,,,,,,,,,true
3d91aad8-c556-4891-96f2-70ed61c3b579,77211883-4c4d-4c93-ad77-9456d4aba557,69527257-2ee0-48be-a172-dbed4bc62b1b,2026-07-08 18:26:02.458825+00,33578529,33577,fuzzy_strong_heating,25.60,65.10,25.20,61.50,26.38,3122,true,210,40,-51,"method=fuzzy_time_proportioning, target=28-30C, temp_filtered=25.60, error=3.40, trend_c_per_min=-0.00, heater_demand_pct=100.0, intake_pwm=210, exhaust_pwm=40, relay=ON",2026-07-08 18:26:02.458825+00,,,,,0.4,3.6,,,,,true
3da02721-9b1d-4a70-b2d9-1699bd87cee6,77211883-4c4d-4c93-ad77-9456d4aba557,69527257-2ee0-48be-a172-dbed4bc62b1b,2026-07-08 12:42:31.607412+00,12968417,12967,fuzzy_strong_heating,26.20,70.50,,,26.63,3109,true,209,40,-55,"method=fuzzy_time_proportioning, target=28-30C, temp_filtered=26.20, error=2.80, trend_c_per_min=-0.00, heater_demand_pct=100.0, intake_pwm=209, exhaust_pwm=40, relay=ON",2026-07-08 12:42:31.607412+00,,,,,,,,,,,true
3dd54d86-303e-4de6-9cba-eff20e0a9bc8,77211883-4c4d-4c93-ad77-9456d4aba557,69527257-2ee0-48be-a172-dbed4bc62b1b,2026-07-08 12:33:06.431872+00,12398417,12397,fuzzy_strong_heating,26.60,75.90,,,26.69,3129,true,194,45,-53,"method=fuzzy_time_proportioning, target=28-30C, temp_filtered=26.60, error=2.40, trend_c_per_min=-0.02, heater_demand_pct=89.9, intake_pwm=194, exhaust_pwm=45, relay=ON",2026-07-08 12:33:06.431872+00,,,,,,,,,,,true
3e1f53ce-fb35-473b-9ee6-2211b0f8b22a,77211883-4c4d-4c93-ad77-9456d4aba557,69527257-2ee0-48be-a172-dbed4bc62b1b,2026-07-08 09:53:32.12481+00,2828276,2827,fuzzy_strong_heating,26.50,74.20,25.90,68.50,26.69,3133,true,198,43,-54,"method=fuzzy_time_proportioning, target=28-30C, temp_filtered=26.50, error=2.50, trend_c_per_min=-0.00, heater_demand_pct=92.5, intake_pwm=198, exhaust_pwm=43, relay=ON",2026-07-08 09:53:32.12481+00,,,,,,,,,,,true
3e3a44b7-c35d-4f32-b19c-d45b8eec60d7,77211883-4c4d-4c93-ad77-9456d4aba557,69527257-2ee0-48be-a172-dbed4bc62b1b,2026-07-08 17:26:31.918128+00,30008529,30007,fuzzy_strong_heating,27.40,77.00,,,27.19,3136,true,180,50,-54,"method=fuzzy_time_proportioning, target=28-30C, temp_filtered=27.40, error=1.60, trend_c_per_min=0.01, heater_demand_pct=80.0, intake_pwm=180, exhaust_pwm=50, relay=ON",2026-07-08 17:26:31.918128+00,,,,,,,,,,,true
3e5ef621-a046-467b-9d5d-50a99d103aed,77211883-4c4d-4c93-ad77-9456d4aba557,69527257-2ee0-48be-a172-dbed4bc62b1b,2026-07-08 14:23:31.761277+00,19028438,19027,fuzzy_strong_heating,26.40,72.70,,,26.63,3135,true,202,42,-58,"method=fuzzy_time_proportioning, target=28-30C, temp_filtered=26.40, error=2.60, trend_c_per_min=0.01, heater_demand_pct=95.0, intake_pwm=202, exhaust_pwm=42, relay=ON",2026-07-08 14:23:31.761277+00,,,,,,,,,,,true
3e7e6e97-5e86-466c-be2e-de61c50c4f50,77211883-4c4d-4c93-ad77-9456d4aba557,69527257-2ee0-48be-a172-dbed4bc62b1b,2026-07-08 09:12:01.775032+00,338476,337,fuzzy_strong_heating,26.50,77.10,25.90,70.40,26.88,3131,true,198,43,-55,"method=fuzzy_time_proportioning, target=28-30C, temp_filtered=26.51, error=2.49, trend_c_per_min=-0.04, heater_demand_pct=92.3, intake_pwm=198, exhaust_pwm=43, relay=ON",2026-07-08 09:12:01.775032+00,,,,,,,,,,,true
3e92f2a3-8574-4019-8cbd-5a75e461d8e0,77211883-4c4d-4c93-ad77-9456d4aba557,69527257-2ee0-48be-a172-dbed4bc62b1b,2026-07-08 17:54:31.530931+00,31688529,31687,fuzzy_strong_heating,26.30,70.00,25.90,65.10,26.75,3113,true,200,42,-51,"method=fuzzy_time_proportioning, target=28-30C, temp_filtered=26.33, error=2.67, trend_c_per_min=-0.11, heater_demand_pct=92.4, intake_pwm=200, exhaust_pwm=42, relay=ON",2026-07-08 17:54:31.530931+00,,,,,,,,,,,true
3eb48972-9d00-4dc0-9804-120857c813c2,77211883-4c4d-4c93-ad77-9456d4aba557,69527257-2ee0-48be-a172-dbed4bc62b1b,2026-07-08 14:04:02.39039+00,17858438,17857,fuzzy_strong_heating,26.60,80.20,,,26.69,3123,true,190,58,-52,"method=fuzzy_time_proportioning, target=28-30C, temp_filtered=26.59, error=2.41, trend_c_per_min=0.06, heater_demand_pct=82.7, intake_pwm=190, exhaust_pwm=58, relay=ON",2026-07-08 14:04:02.39039+00,,,,,,,,,,,true
3ebe2076-dca8-49d3-b977-9ae6fd363f97,77211883-4c4d-4c93-ad77-9456d4aba557,69527257-2ee0-48be-a172-dbed4bc62b1b,2026-07-08 18:13:01.921579+00,32798529,32797,fuzzy_strong_heating,25.80,66.60,25.20,62.70,26.50,3126,true,210,40,-51,"method=fuzzy_time_proportioning, target=28-30C, temp_filtered=25.79, error=3.21, trend_c_per_min=0.03, heater_demand_pct=100.0, intake_pwm=210, exhaust_pwm=40, relay=ON",2026-07-08 18:13:01.921579+00,,,,,0.6,3.9,,,,,true
3ee0a3c4-ea4a-411c-aead-7da4742c0875,77211883-4c4d-4c93-ad77-9456d4aba557,69527257-2ee0-48be-a172-dbed4bc62b1b,2026-07-08 10:40:31.225207+00,5648276,5647,fuzzy_soft_heating,27.10,85.30,27.10,76.20,26.88,3137,true,174,72,-62,"method=fuzzy_time_proportioning, target=28-30C, temp_filtered=27.13, error=1.87, trend_c_per_min=-0.13, heater_demand_pct=68.4, intake_pwm=174, exhaust_pwm=72, relay=ON",2026-07-08 10:40:31.225207+00,,,,,,,,,,,true
3f53aeb3-25bf-429c-9690-e4783d2d7d2b,77211883-4c4d-4c93-ad77-9456d4aba557,69527257-2ee0-48be-a172-dbed4bc62b1b,2026-07-08 17:52:31.554232+00,31568529,31567,fuzzy_strong_heating,26.40,70.50,26.00,65.40,26.81,3119,true,193,44,-52,"method=fuzzy_time_proportioning, target=28-30C, temp_filtered=26.44, error=2.56, trend_c_per_min=-0.17, heater_demand_pct=87.2, intake_pwm=193, exhaust_pwm=44, relay=ON",2026-07-08 17:52:31.554232+00,,,,,,,,,,,true
3fb33777-dc4e-4fa7-bf15-6c4773a74258,77211883-4c4d-4c93-ad77-9456d4aba557,69527257-2ee0-48be-a172-dbed4bc62b1b,2026-07-08 10:20:31.614177+00,4448276,4447,fuzzy_strong_heating,26.30,77.50,26.30,70.40,26.63,3120,true,206,41,-53,"method=fuzzy_time_proportioning, target=28-30C, temp_filtered=26.30, error=2.70, trend_c_per_min=0.01, heater_demand_pct=97.6, intake_pwm=206, exhaust_pwm=41, relay=ON",2026-07-08 10:20:31.614177+00,,,,,,,,,,,true
3fc06e4c-41e9-42ca-b063-c3770281c493,77211883-4c4d-4c93-ad77-9456d4aba557,69527257-2ee0-48be-a172-dbed4bc62b1b,2026-07-08 12:14:31.057525+00,11288417,11287,fuzzy_strong_heating,26.40,71.10,,,26.63,3131,true,202,42,-55,"method=fuzzy_time_proportioning, target=28-30C, temp_filtered=26.40, error=2.60, trend_c_per_min=-0.00, heater_demand_pct=95.0, intake_pwm=202, exhaust_pwm=42, relay=ON",2026-07-08 12:14:31.057525+00,,,,,,,,,,,true
3fca1a51-edb0-4566-8213-0446adafb7f1,77211883-4c4d-4c93-ad77-9456d4aba557,69527257-2ee0-48be-a172-dbed4bc62b1b,2026-07-08 11:24:31.977207+00,8288417,8287,fuzzy_strong_heating,26.20,71.50,,,26.63,3119,true,209,40,-55,"method=fuzzy_time_proportioning, target=28-30C, temp_filtered=26.20, error=2.80, trend_c_per_min=-0.00, heater_demand_pct=100.0, intake_pwm=209, exhaust_pwm=40, relay=ON",2026-07-08 11:24:31.977207+00,,,,,,,,,,,true
4044b29c-5526-4f45-bfd5-02da5b177f0a,77211883-4c4d-4c93-ad77-9456d4aba557,69527257-2ee0-48be-a172-dbed4bc62b1b,2026-07-08 17:29:02.334714+00,30158529,30157,fuzzy_strong_heating,27.40,75.90,,,27.19,3121,true,180,50,-54,"method=fuzzy_time_proportioning, target=28-30C, temp_filtered=27.40, error=1.60, trend_c_per_min=0.01, heater_demand_pct=80.0, intake_pwm=180, exhaust_pwm=50, relay=ON",2026-07-08 17:29:02.334714+00,,,,,,,,,,,true
40528eb7-0d66-4020-95cf-ca0e5d7cb557,77211883-4c4d-4c93-ad77-9456d4aba557,69527257-2ee0-48be-a172-dbed4bc62b1b,2026-07-08 10:16:31.230433+00,4208276,4207,fuzzy_strong_heating,26.00,73.20,25.90,67.40,26.50,3119,true,210,40,-55,"method=fuzzy_time_proportioning, target=28-30C, temp_filtered=26.00, error=3.00, trend_c_per_min=0.01, heater_demand_pct=100.0, intake_pwm=210, exhaust_pwm=40, relay=ON",2026-07-08 10:16:31.230433+00,,,,,,,,,,,true
40c1f26b-5057-4b7c-91ae-f76edbb1e5b1,77211883-4c4d-4c93-ad77-9456d4aba557,69527257-2ee0-48be-a172-dbed4bc62b1b,2026-07-08 09:46:33.17808+00,2408276,2407,fuzzy_strong_heating,26.80,80.60,26.60,72.70,26.75,3117,true,183,62,-56,"method=fuzzy_time_proportioning, target=28-30C, temp_filtered=26.80, error=2.20, trend_c_per_min=0.01, heater_demand_pct=77.7, intake_pwm=183, exhaust_pwm=62, relay=ON",2026-07-08 09:46:33.17808+00,,,,,,,,,,,true
40edb128-0f69-4620-9de1-75a7cc6416c8,77211883-4c4d-4c93-ad77-9456d4aba557,69527257-2ee0-48be-a172-dbed4bc62b1b,2026-07-08 18:12:02.387681+00,32738529,32737,fuzzy_strong_heating,25.80,66.70,25.20,63.00,26.50,3146,true,210,40,-50,"method=fuzzy_time_proportioning, target=28-30C, temp_filtered=25.80, error=3.20, trend_c_per_min=-0.00, heater_demand_pct=100.0, intake_pwm=210, exhaust_pwm=40, relay=ON",2026-07-08 18:12:02.387681+00,,,,,0.6,3.7,,,,,true
416591b3-b941-4c1a-bf3d-0264e6a8bcd4,77211883-4c4d-4c93-ad77-9456d4aba557,69527257-2ee0-48be-a172-dbed4bc62b1b,2026-07-08 11:37:32.009047+00,9068417,9067,fuzzy_strong_heating,26.70,80.30,,,26.75,3117,true,186,60,-57,"method=fuzzy_time_proportioning, target=28-30C, temp_filtered=26.70, error=2.30, trend_c_per_min=0.01, heater_demand_pct=80.3, intake_pwm=186, exhaust_pwm=60, relay=ON",2026-07-08 11:37:32.009047+00,,,,,,,,,,,true
41be48e1-b0b9-418b-91d4-57d3d62be3d1,77211883-4c4d-4c93-ad77-9456d4aba557,69527257-2ee0-48be-a172-dbed4bc62b1b,2026-07-08 13:59:31.15803+00,17588438,17587,fuzzy_strong_heating,26.20,76.20,,,26.56,3125,true,210,40,-54,"method=fuzzy_time_proportioning, target=28-30C, temp_filtered=26.20, error=2.80, trend_c_per_min=0.00, heater_demand_pct=100.0, intake_pwm=210, exhaust_pwm=40, relay=ON",2026-07-08 13:59:31.15803+00,,,,,,,,,,,true
41f907e8-929d-475c-8054-0b85d8f14bb0,77211883-4c4d-4c93-ad77-9456d4aba557,69527257-2ee0-48be-a172-dbed4bc62b1b,2026-07-08 17:31:32.922072+00,30308529,30307,fuzzy_strong_heating,27.40,76.50,,,27.19,3136,true,179,50,-54,"method=fuzzy_time_proportioning, target=28-30C, temp_filtered=27.40, error=1.60, trend_c_per_min=0.00, heater_demand_pct=80.0, intake_pwm=179, exhaust_pwm=50, relay=ON",2026-07-08 17:31:32.922072+00,,,,,,,,,,,true
42b87357-2a01-4f14-9c78-80c42b48a0ae,77211883-4c4d-4c93-ad77-9456d4aba557,69527257-2ee0-48be-a172-dbed4bc62b1b,2026-07-08 12:22:32.037375+00,11768417,11767,fuzzy_strong_heating,26.30,75.60,,,26.63,3104,true,206,41,-53,"method=fuzzy_time_proportioning, target=28-30C, temp_filtered=26.30, error=2.70, trend_c_per_min=0.00, heater_demand_pct=97.5, intake_pwm=206, exhaust_pwm=41, relay=ON",2026-07-08 12:22:32.037375+00,,,,,,,,,,,true
42bc0dda-c2f8-4e7a-bac7-914c9467d104,77211883-4c4d-4c93-ad77-9456d4aba557,69527257-2ee0-48be-a172-dbed4bc62b1b,2026-07-08 17:53:32.113311+00,31628529,31627,fuzzy_strong_heating,26.40,70.30,25.90,65.20,26.75,2999,true,202,42,-52,"method=fuzzy_time_proportioning, target=28-30C, temp_filtered=26.40, error=2.60, trend_c_per_min=-0.01, heater_demand_pct=95.0, intake_pwm=202, exhaust_pwm=42, relay=ON",2026-07-08 17:53:32.113311+00,,,,,,,,,,,true
42e7e3a5-8830-4f47-8780-420890072b8e,77211883-4c4d-4c93-ad77-9456d4aba557,69527257-2ee0-48be-a172-dbed4bc62b1b,2026-07-08 09:26:30.725772+00,1208276,1207,fuzzy_strong_heating,26.90,82.10,26.60,73.80,26.81,3136,true,180,69,-52,"method=fuzzy_time_proportioning, target=28-30C, temp_filtered=26.84, error=2.16, trend_c_per_min=0.23, heater_demand_pct=74.2, intake_pwm=180, exhaust_pwm=69, relay=ON",2026-07-08 09:26:30.725772+00,,,,,,,,,,,true
42f99804-770c-4760-baf6-0fe44ee60160,77211883-4c4d-4c93-ad77-9456d4aba557,69527257-2ee0-48be-a172-dbed4bc62b1b,2026-07-08 15:21:32.034392+00,22508438,22507,fuzzy_strong_heating,27.20,77.20,,,27.00,3115,true,180,50,-53,"method=fuzzy_time_proportioning, target=28-30C, temp_filtered=27.20, error=1.80, trend_c_per_min=0.00, heater_demand_pct=80.0, intake_pwm=180, exhaust_pwm=50, relay=ON",2026-07-08 15:21:32.034392+00,,,,,,,,,,,true
43256695-2d67-452c-a2b8-f5a6cd21fd00,77211883-4c4d-4c93-ad77-9456d4aba557,69527257-2ee0-48be-a172-dbed4bc62b1b,2026-07-08 11:49:01.465671+00,9758417,9757,fuzzy_strong_heating,26.40,71.10,,,26.63,3199,true,202,42,-53,"method=fuzzy_time_proportioning, target=28-30C, temp_filtered=26.40, error=2.60, trend_c_per_min=-0.00, heater_demand_pct=95.0, intake_pwm=202, exhaust_pwm=42, relay=ON",2026-07-08 11:49:01.465671+00,,,,,,,,,,,true
438958b2-a925-4148-b3af-be73f89fd94b,77211883-4c4d-4c93-ad77-9456d4aba557,69527257-2ee0-48be-a172-dbed4bc62b1b,2026-07-08 10:37:31.637334+00,5468276,5467,fuzzy_soft_heating,27.10,84.70,27.00,75.80,26.88,3136,true,175,76,-54,"method=fuzzy_time_proportioning, target=28-30C, temp_filtered=27.08, error=1.92, trend_c_per_min=0.10, heater_demand_pct=69.2, intake_pwm=175, exhaust_pwm=76, relay=ON",2026-07-08 10:37:31.637334+00,,,,,,,,,,,true
439e32de-9080-4176-a9ec-f349df19c2c1,77211883-4c4d-4c93-ad77-9456d4aba557,69527257-2ee0-48be-a172-dbed4bc62b1b,2026-07-08 13:27:01.238774+00,15638449,15637,fuzzy_strong_heating,26.30,72.70,,,26.63,3129,true,200,42,-51,"method=fuzzy_time_proportioning, target=28-30C, temp_filtered=26.33, error=2.67, trend_c_per_min=-0.13, heater_demand_pct=92.2, intake_pwm=200, exhaust_pwm=42, relay=ON",2026-07-08 13:27:01.238774+00,,,,,,,,,,,true
43e2c1a9-1654-4ce6-8349-e04100a86800,77211883-4c4d-4c93-ad77-9456d4aba557,69527257-2ee0-48be-a172-dbed4bc62b1b,2026-07-08 09:20:31.826529+00,848474,847,fuzzy_strong_heating,26.30,79.90,26.10,73.00,26.81,3171,true,200,54,-69,"method=fuzzy_time_proportioning, target=28-30C, temp_filtered=26.26, error=2.74, trend_c_per_min=0.18, heater_demand_pct=90.2, intake_pwm=200, exhaust_pwm=54, relay=ON",2026-07-08 09:20:31.826529+00,,,,,,,,,,,true
44168241-dbc8-43e1-ba7a-d570e6c06b23,77211883-4c4d-4c93-ad77-9456d4aba557,69527257-2ee0-48be-a172-dbed4bc62b1b,2026-07-08 09:29:01.497509+00,1358276,1357,fuzzy_strong_heating,26.80,78.30,26.30,71.20,26.75,3133,true,186,49,-52,"method=fuzzy_time_proportioning, target=28-30C, temp_filtered=26.80, error=2.20, trend_c_per_min=-0.00, heater_demand_pct=83.9, intake_pwm=186, exhaust_pwm=49, relay=ON",2026-07-08 09:29:01.497509+00,,,,,,,,,,,true
44d8ac8e-fc68-4f86-8611-ea720c32b53e,77211883-4c4d-4c93-ad77-9456d4aba557,69527257-2ee0-48be-a172-dbed4bc62b1b,2026-07-08 15:47:01.776898+00,24038438,24037,fuzzy_strong_heating,27.30,77.50,,,27.06,3115,true,180,50,-56,"method=fuzzy_time_proportioning, target=28-30C, temp_filtered=27.30, error=1.70, trend_c_per_min=0.00, heater_demand_pct=80.0, intake_pwm=180, exhaust_pwm=50, relay=ON",2026-07-08 15:47:01.776898+00,,,,,,,,,,,true
44e17b76-eefc-4fb4-8202-523e9b906154,77211883-4c4d-4c93-ad77-9456d4aba557,69527257-2ee0-48be-a172-dbed4bc62b1b,2026-07-08 16:48:02.243276+00,27698464,27697,fuzzy_strong_heating,27.30,77.20,,,27.13,3123,true,175,50,-55,"method=fuzzy_time_proportioning, target=28-30C, temp_filtered=27.37, error=1.63, trend_c_per_min=-0.28, heater_demand_pct=72.5, intake_pwm=175, exhaust_pwm=50, relay=ON",2026-07-08 16:48:02.243276+00,,,,,,,,,,,true
4510776f-ee29-4732-9018-c3118c499c58,77211883-4c4d-4c93-ad77-9456d4aba557,69527257-2ee0-48be-a172-dbed4bc62b1b,2026-07-08 14:27:01.627751+00,19238438,19237,fuzzy_strong_heating,26.60,73.10,,,26.69,3121,true,195,44,-57,"method=fuzzy_time_proportioning, target=28-30C, temp_filtered=26.60, error=2.40, trend_c_per_min=0.01, heater_demand_pct=90.1, intake_pwm=195, exhaust_pwm=44, relay=ON",2026-07-08 14:27:01.627751+00,,,,,,,,,,,true
451e6b5e-4d8f-4846-b066-416220252c37,77211883-4c4d-4c93-ad77-9456d4aba557,69527257-2ee0-48be-a172-dbed4bc62b1b,2026-07-08 13:40:01.597061+00,16418438,16417,fuzzy_strong_heating,26.50,79.70,,,26.63,3131,true,193,55,-59,"method=fuzzy_time_proportioning, target=28-30C, temp_filtered=26.50, error=2.50, trend_c_per_min=0.02, heater_demand_pct=86.0, intake_pwm=193, exhaust_pwm=55, relay=ON",2026-07-08 13:40:01.597061+00,,,,,,,,,,,true
45560292-8652-47b9-bd7a-9462ea1a8919,77211883-4c4d-4c93-ad77-9456d4aba557,69527257-2ee0-48be-a172-dbed4bc62b1b,2026-07-08 16:27:01.474206+00,26438438,26437,fuzzy_strong_heating,27.30,76.90,,,27.13,3139,true,176,50,-52,"method=fuzzy_time_proportioning, target=28-30C, temp_filtered=27.34, error=1.66, trend_c_per_min=-0.14, heater_demand_pct=75.4, intake_pwm=176, exhaust_pwm=50, relay=ON",2026-07-08 16:27:01.474206+00,,,,,,,,,,,true
45ac8430-c292-4d95-bbc6-e125fc210b15,77211883-4c4d-4c93-ad77-9456d4aba557,69527257-2ee0-48be-a172-dbed4bc62b1b,2026-07-08 12:01:02.305376+00,10478417,10477,fuzzy_strong_heating,26.60,79.10,,,26.69,3120,true,192,52,-52,"method=fuzzy_time_proportioning, target=28-30C, temp_filtered=26.58, error=2.42, trend_c_per_min=0.08, heater_demand_pct=86.2, intake_pwm=192, exhaust_pwm=52, relay=ON",2026-07-08 12:01:02.305376+00,,,,,,,,,,,true
4630b19d-df72-46ef-aa0d-47e07e085457,77211883-4c4d-4c93-ad77-9456d4aba557,69527257-2ee0-48be-a172-dbed4bc62b1b,2026-07-08 13:24:31.201372+00,15488449,15487,fuzzy_strong_heating,26.50,74.10,,,26.69,3118,true,198,43,-53,"method=fuzzy_time_proportioning, target=28-30C, temp_filtered=26.50, error=2.50, trend_c_per_min=-0.00, heater_demand_pct=92.5, intake_pwm=198, exhaust_pwm=43, relay=ON",2026-07-08 13:24:31.201372+00,,,,,,,,,,,true
47110bd8-ade9-4381-8cf7-c5396c6f90c9,77211883-4c4d-4c93-ad77-9456d4aba557,69527257-2ee0-48be-a172-dbed4bc62b1b,2026-07-08 18:21:32.152714+00,33308529,33307,fuzzy_strong_heating,25.70,65.50,25.10,62.10,26.44,3136,true,210,40,-53,"method=fuzzy_time_proportioning, target=28-30C, temp_filtered=25.70, error=3.30, trend_c_per_min=0.00, heater_demand_pct=100.0, intake_pwm=210, exhaust_pwm=40, relay=ON",2026-07-08 18:21:32.152714+00,,,,,0.6,3.4,,,,,true
474d6b2a-87ac-4960-be7f-12c12f8bfdda,77211883-4c4d-4c93-ad77-9456d4aba557,69527257-2ee0-48be-a172-dbed4bc62b1b,2026-07-08 12:50:31.891749+00,13448417,13447,fuzzy_strong_heating,26.50,79.70,,,26.69,3123,true,193,55,-54,"method=fuzzy_time_proportioning, target=28-30C, temp_filtered=26.50, error=2.50, trend_c_per_min=0.01, heater_demand_pct=86.0, intake_pwm=193, exhaust_pwm=55, relay=ON",2026-07-08 12:50:31.891749+00,,,,,,,,,,,true
476a1cf7-700c-4968-ba23-7433f2b0b856,77211883-4c4d-4c93-ad77-9456d4aba557,69527257-2ee0-48be-a172-dbed4bc62b1b,2026-07-08 12:16:31.907553+00,11408417,11407,fuzzy_strong_heating,26.30,70.40,,,26.63,3118,true,200,42,-58,"method=fuzzy_time_proportioning, target=28-30C, temp_filtered=26.33, error=2.67, trend_c_per_min=-0.11, heater_demand_pct=92.4, intake_pwm=200, exhaust_pwm=42, relay=ON",2026-07-08 12:16:31.907553+00,,,,,,,,,,,true
476c57a9-0f14-4faf-8ce7-793f5648f83a,77211883-4c4d-4c93-ad77-9456d4aba557,69527257-2ee0-48be-a172-dbed4bc62b1b,2026-07-08 17:08:02.731663+00,28898540,28897,fuzzy_strong_heating,27.40,77.10,,,27.19,3137,true,180,50,-56,"method=fuzzy_time_proportioning, target=28-30C, temp_filtered=27.36, error=1.64, trend_c_per_min=0.14, heater_demand_pct=80.0, intake_pwm=180, exhaust_pwm=50, relay=ON",2026-07-08 17:08:02.731663+00,,,,,,,,,,,true
477a2667-89b4-4a15-9d9b-2fc3bfdbd50d,77211883-4c4d-4c93-ad77-9456d4aba557,69527257-2ee0-48be-a172-dbed4bc62b1b,2026-07-08 14:47:32.075466+00,20468438,20467,fuzzy_strong_heating,27.00,75.40,,,26.88,3126,true,175,50,-54,"method=fuzzy_time_proportioning, target=28-30C, temp_filtered=27.05, error=1.95, trend_c_per_min=-0.21, heater_demand_pct=73.7, intake_pwm=175, exhaust_pwm=50, relay=ON",2026-07-08 14:47:32.075466+00,,,,,,,,,,,true
479efd64-5b07-4d94-8cf5-587a469f7a85,77211883-4c4d-4c93-ad77-9456d4aba557,69527257-2ee0-48be-a172-dbed4bc62b1b,2026-07-08 17:21:02.311157+00,29678529,29677,fuzzy_strong_heating,27.40,77.30,,,27.19,3120,true,180,50,-54,"method=fuzzy_time_proportioning, target=28-30C, temp_filtered=27.40, error=1.60, trend_c_per_min=0.00, heater_demand_pct=80.0, intake_pwm=180, exhaust_pwm=50, relay=ON",2026-07-08 17:21:02.311157+00,,,,,,,,,,,true
47f40000-7d15-470a-a760-4148c82d8ebb,77211883-4c4d-4c93-ad77-9456d4aba557,69527257-2ee0-48be-a172-dbed4bc62b1b,2026-07-08 10:17:31.81183+00,4268276,4267,fuzzy_strong_heating,26.10,74.50,26.00,68.20,26.50,3127,true,209,40,-55,"method=fuzzy_time_proportioning, target=28-30C, temp_filtered=26.09, error=2.91, trend_c_per_min=0.04, heater_demand_pct=100.0, intake_pwm=209, exhaust_pwm=40, relay=ON",2026-07-08 10:17:31.81183+00,,,,,,,,,,,true
483262f2-a218-4e0a-93f1-dd27ab53c8a9,77211883-4c4d-4c93-ad77-9456d4aba557,69527257-2ee0-48be-a172-dbed4bc62b1b,2026-07-08 14:30:01.302021+00,19418438,19417,fuzzy_strong_heating,26.70,73.50,,,26.81,3135,true,191,46,-57,"method=fuzzy_time_proportioning, target=28-30C, temp_filtered=26.70, error=2.30, trend_c_per_min=0.00, heater_demand_pct=87.5, intake_pwm=191, exhaust_pwm=46, relay=ON",2026-07-08 14:30:01.302021+00,,,,,,,,,,,true
48c5bf2d-f215-4180-b817-07374dd5a47c,77211883-4c4d-4c93-ad77-9456d4aba557,69527257-2ee0-48be-a172-dbed4bc62b1b,2026-07-08 16:25:04.314197+00,26318438,26317,fuzzy_strong_heating,27.30,76.80,,,27.13,3141,true,180,50,-52,"method=fuzzy_time_proportioning, target=28-30C, temp_filtered=27.30, error=1.70, trend_c_per_min=0.00, heater_demand_pct=80.0, intake_pwm=180, exhaust_pwm=50, relay=ON",2026-07-08 16:25:04.314197+00,,,,,,,,,,,true
49085307-1b34-44ca-ad61-868409236eed,77211883-4c4d-4c93-ad77-9456d4aba557,69527257-2ee0-48be-a172-dbed4bc62b1b,2026-07-08 14:38:01.730261+00,19898438,19897,fuzzy_strong_heating,26.90,74.50,,,26.81,3119,true,183,48,-57,"method=fuzzy_time_proportioning, target=28-30C, temp_filtered=26.90, error=2.10, trend_c_per_min=0.00, heater_demand_pct=82.5, intake_pwm=183, exhaust_pwm=48, relay=ON",2026-07-08 14:38:01.730261+00,,,,,,,,,,,true
4922bd3c-207e-42a7-a59e-128be01fd6b0,77211883-4c4d-4c93-ad77-9456d4aba557,69527257-2ee0-48be-a172-dbed4bc62b1b,2026-07-08 14:06:01.694442+00,17978438,17977,fuzzy_strong_heating,26.70,81.00,,,26.75,3121,true,185,63,-55,"method=fuzzy_time_proportioning, target=28-30C, temp_filtered=26.70, error=2.30, trend_c_per_min=0.01, heater_demand_pct=78.7, intake_pwm=185, exhaust_pwm=63, relay=ON",2026-07-08 14:06:01.694442+00,,,,,,,,,,,true
4934198e-1517-4ef6-beed-b8359a179b7a,77211883-4c4d-4c93-ad77-9456d4aba557,69527257-2ee0-48be-a172-dbed4bc62b1b,2026-07-08 09:34:30.733997+00,1688276,1687,fuzzy_strong_heating,26.30,73.40,25.60,68.20,26.56,3139,true,205,41,-52,"method=fuzzy_time_proportioning, target=28-30C, temp_filtered=26.31, error=2.69, trend_c_per_min=-0.04, heater_demand_pct=97.2, intake_pwm=205, exhaust_pwm=41, relay=ON",2026-07-08 09:34:30.733997+00,,,,,,,,,,,true
4948808f-d547-4b21-8420-cc103f2df823,77211883-4c4d-4c93-ad77-9456d4aba557,69527257-2ee0-48be-a172-dbed4bc62b1b,2026-07-08 14:37:02.251189+00,19838438,19837,fuzzy_strong_heating,26.90,74.40,,,26.81,3099,true,183,48,-56,"method=fuzzy_time_proportioning, target=28-30C, temp_filtered=26.90, error=2.10, trend_c_per_min=0.00, heater_demand_pct=82.5, intake_pwm=183, exhaust_pwm=48, relay=ON",2026-07-08 14:37:02.251189+00,,,,,,,,,,,true
495df3e9-7c33-4d75-9377-155fd9564134,77211883-4c4d-4c93-ad77-9456d4aba557,69527257-2ee0-48be-a172-dbed4bc62b1b,2026-07-08 09:40:31.170968+00,2048276,2047,fuzzy_strong_heating,26.30,80.00,26.00,73.30,26.63,3137,true,194,54,-52,"method=fuzzy_time_proportioning, target=28-30C, temp_filtered=26.34, error=2.66, trend_c_per_min=-0.14, heater_demand_pct=85.5, intake_pwm=194, exhaust_pwm=54, relay=ON",2026-07-08 09:40:31.170968+00,,,,,,,,,,,true
496692b4-80d7-473b-a3d2-99f15ee09c95,77211883-4c4d-4c93-ad77-9456d4aba557,69527257-2ee0-48be-a172-dbed4bc62b1b,2026-07-08 11:21:01.506912+00,8078417,8077,fuzzy_strong_heating,26.30,72.80,,,26.63,3133,true,206,41,-56,"method=fuzzy_time_proportioning, target=28-30C, temp_filtered=26.30, error=2.70, trend_c_per_min=-0.00, heater_demand_pct=97.5, intake_pwm=206, exhaust_pwm=41, relay=ON",2026-07-08 11:21:01.506912+00,,,,,,,,,,,true
4a0518df-d024-4f88-9dac-e8ac5c46f1e9,77211883-4c4d-4c93-ad77-9456d4aba557,69527257-2ee0-48be-a172-dbed4bc62b1b,2026-07-08 13:57:31.593696+00,17468438,17467,fuzzy_strong_heating,26.10,73.50,,,26.50,3136,true,210,40,-52,"method=fuzzy_time_proportioning, target=28-30C, temp_filtered=26.11, error=2.89, trend_c_per_min=-0.06, heater_demand_pct=100.0, intake_pwm=210, exhaust_pwm=40, relay=ON",2026-07-08 13:57:31.593696+00,,,,,,,,,,,true
4a38d2bb-959c-4201-99ad-0901abd026f0,77211883-4c4d-4c93-ad77-9456d4aba557,69527257-2ee0-48be-a172-dbed4bc62b1b,2026-07-08 14:18:01.700153+00,18698438,18697,fuzzy_strong_heating,26.30,71.50,,,26.56,3137,true,206,41,-56,"method=fuzzy_time_proportioning, target=28-30C, temp_filtered=26.30, error=2.70, trend_c_per_min=-0.00, heater_demand_pct=97.5, intake_pwm=206, exhaust_pwm=41, relay=ON",2026-07-08 14:18:01.700153+00,,,,,,,,,,,true
4a582541-0b6a-49e6-9d47-5833831cf200,77211883-4c4d-4c93-ad77-9456d4aba557,69527257-2ee0-48be-a172-dbed4bc62b1b,2026-07-08 13:09:31.924547+00,14588448,14587,fuzzy_strong_heating,26.20,72.30,,,26.56,3115,true,210,40,-52,"method=fuzzy_time_proportioning, target=28-30C, temp_filtered=26.17, error=2.83, trend_c_per_min=0.10, heater_demand_pct=100.0, intake_pwm=210, exhaust_pwm=40, relay=ON",2026-07-08 13:09:31.924547+00,,,,,,,,,,,true
4a5cc015-2143-4799-b40c-54e5e6aae92c,77211883-4c4d-4c93-ad77-9456d4aba557,69527257-2ee0-48be-a172-dbed4bc62b1b,2026-07-08 12:10:32.308602+00,11048417,11047,fuzzy_strong_heating,26.50,73.40,,,26.69,3124,true,198,43,-57,"method=fuzzy_time_proportioning, target=28-30C, temp_filtered=26.51, error=2.49, trend_c_per_min=-0.02, heater_demand_pct=92.4, intake_pwm=198, exhaust_pwm=43, relay=ON",2026-07-08 12:10:32.308602+00,,,,,,,,,,,true
4a6b55a9-570d-4f69-8665-3c44fd77c48b,77211883-4c4d-4c93-ad77-9456d4aba557,69527257-2ee0-48be-a172-dbed4bc62b1b,2026-07-08 14:16:31.522752+00,18608438,18607,fuzzy_strong_heating,26.30,72.50,,,26.56,3130,true,206,41,-52,"method=fuzzy_time_proportioning, target=28-30C, temp_filtered=26.30, error=2.70, trend_c_per_min=-0.00, heater_demand_pct=97.5, intake_pwm=206, exhaust_pwm=41, relay=ON",2026-07-08 14:16:31.522752+00,,,,,,,,,,,true
4a7ac5f6-e988-4089-9d5a-e99ea0929f2e,77211883-4c4d-4c93-ad77-9456d4aba557,69527257-2ee0-48be-a172-dbed4bc62b1b,2026-07-08 09:18:30.977811+00,728476,727,fuzzy_strong_heating,26.10,77.70,25.60,72.00,26.81,3165,true,210,40,-56,"method=fuzzy_time_proportioning, target=28-30C, temp_filtered=26.10, error=2.90, trend_c_per_min=-0.00, heater_demand_pct=100.0, intake_pwm=210, exhaust_pwm=40, relay=ON",2026-07-08 09:18:30.977811+00,,,,,,,,,,,true
4ac93524-af64-4ef5-a6e2-b73f69f30d6f,77211883-4c4d-4c93-ad77-9456d4aba557,69527257-2ee0-48be-a172-dbed4bc62b1b,2026-07-08 10:26:31.646491+00,4808276,4807,fuzzy_strong_heating,26.70,81.00,26.70,72.70,26.75,3120,true,185,63,-55,"method=fuzzy_time_proportioning, target=28-30C, temp_filtered=26.70, error=2.30, trend_c_per_min=0.00, heater_demand_pct=78.6, intake_pwm=185, exhaust_pwm=63, relay=ON",2026-07-08 10:26:31.646491+00,,,,,,,,,,,true
4add96e3-5e6c-4796-82b4-8b8a38c996ec,77211883-4c4d-4c93-ad77-9456d4aba557,69527257-2ee0-48be-a172-dbed4bc62b1b,2026-07-08 12:58:31.100162+00,13928417,13927,fuzzy_strong_heating,26.50,74.80,,,26.69,3133,true,197,44,-53,"method=fuzzy_time_proportioning, target=28-30C, temp_filtered=26.51, error=2.49, trend_c_per_min=-0.06, heater_demand_pct=91.1, intake_pwm=197, exhaust_pwm=44, relay=ON",2026-07-08 12:58:31.100162+00,,,,,,,,,,,true
4b566425-bbff-4407-aa24-70fcf0f2ba8e,77211883-4c4d-4c93-ad77-9456d4aba557,69527257-2ee0-48be-a172-dbed4bc62b1b,2026-07-08 18:20:31.638789+00,33248529,33247,fuzzy_strong_heating,25.70,65.70,25.20,61.90,26.44,3136,true,210,40,-52,"method=fuzzy_time_proportioning, target=28-30C, temp_filtered=25.70, error=3.30, trend_c_per_min=0.00, heater_demand_pct=100.0, intake_pwm=210, exhaust_pwm=40, relay=ON",2026-07-08 18:20:31.638789+00,,,,,0.5,3.8,,,,,true
4bc92c22-ab21-4497-b772-1fd786db6f08,77211883-4c4d-4c93-ad77-9456d4aba557,69527257-2ee0-48be-a172-dbed4bc62b1b,2026-07-08 11:16:01.481828+00,7778428,7777,fuzzy_strong_heating,26.50,74.70,,,26.75,3120,true,198,43,-53,"method=fuzzy_time_proportioning, target=28-30C, temp_filtered=26.50, error=2.50, trend_c_per_min=-0.00, heater_demand_pct=92.5, intake_pwm=198, exhaust_pwm=43, relay=ON",2026-07-08 11:16:01.481828+00,,,,,,,,,,,true
4ca43349-1805-4cbc-b7d1-f0e1af5dc2c9,77211883-4c4d-4c93-ad77-9456d4aba557,69527257-2ee0-48be-a172-dbed4bc62b1b,2026-07-08 15:43:01.808595+00,23798438,23797,fuzzy_strong_heating,27.30,77.50,,,27.06,3134,true,180,50,-56,"method=fuzzy_time_proportioning, target=28-30C, temp_filtered=27.30, error=1.70, trend_c_per_min=0.00, heater_demand_pct=80.0, intake_pwm=180, exhaust_pwm=50, relay=ON",2026-07-08 15:43:01.808595+00,,,,,,,,,,,true
4cc706c4-c891-4476-ad7e-144df40242f6,77211883-4c4d-4c93-ad77-9456d4aba557,69527257-2ee0-48be-a172-dbed4bc62b1b,2026-07-08 18:25:32.26491+00,33548529,33547,fuzzy_strong_heating,25.60,65.20,25.20,61.60,26.38,3141,true,210,40,-53,"method=fuzzy_time_proportioning, target=28-30C, temp_filtered=25.60, error=3.40, trend_c_per_min=-0.01, heater_demand_pct=100.0, intake_pwm=210, exhaust_pwm=40, relay=ON",2026-07-08 18:25:32.26491+00,,,,,0.4,3.6,,,,,true
4cd8fcaa-b9e1-40bc-8f80-9915e725717c,77211883-4c4d-4c93-ad77-9456d4aba557,69527257-2ee0-48be-a172-dbed4bc62b1b,2026-07-08 17:14:02.349144+00,29258529,29257,fuzzy_strong_heating,27.30,77.40,,,27.19,3120,true,176,50,-57,"method=fuzzy_time_proportioning, target=28-30C, temp_filtered=27.34, error=1.66, trend_c_per_min=-0.18, heater_demand_pct=74.3, intake_pwm=176, exhaust_pwm=50, relay=ON",2026-07-08 17:14:02.349144+00,,,,,,,,,,,true
4cfaf4bd-c059-4e6c-abf6-45f032a22d9e,77211883-4c4d-4c93-ad77-9456d4aba557,69527257-2ee0-48be-a172-dbed4bc62b1b,2026-07-08 13:41:31.380361+00,16508438,16507,fuzzy_strong_heating,26.60,80.50,,,26.69,3123,true,189,60,-57,"method=fuzzy_time_proportioning, target=28-30C, temp_filtered=26.59, error=2.41, trend_c_per_min=0.05, heater_demand_pct=81.9, intake_pwm=189, exhaust_pwm=60, relay=ON",2026-07-08 13:41:31.380361+00,,,,,,,,,,,true
4d013175-6d95-4b9c-84a6-fdacbe52b577,77211883-4c4d-4c93-ad77-9456d4aba557,69527257-2ee0-48be-a172-dbed4bc62b1b,2026-07-08 15:23:31.637848+00,22628438,22627,fuzzy_strong_heating,27.20,77.20,,,27.00,3133,true,179,50,-53,"method=fuzzy_time_proportioning, target=28-30C, temp_filtered=27.21, error=1.79, trend_c_per_min=-0.06, heater_demand_pct=79.6, intake_pwm=179, exhaust_pwm=50, relay=ON",2026-07-08 15:23:31.637848+00,,,,,,,,,,,true
4d5cc8d3-781d-4e64-a43d-4b2eb4e6f0a0,77211883-4c4d-4c93-ad77-9456d4aba557,69527257-2ee0-48be-a172-dbed4bc62b1b,2026-07-08 12:32:01.480832+00,12338417,12337,fuzzy_strong_heating,26.70,76.90,,,26.69,3108,true,191,46,-54,"method=fuzzy_time_proportioning, target=28-30C, temp_filtered=26.70, error=2.30, trend_c_per_min=0.00, heater_demand_pct=87.5, intake_pwm=191, exhaust_pwm=46, relay=ON",2026-07-08 12:32:01.480832+00,,,,,,,,,,,true
4d6ff8a0-3558-4fad-8f46-95e457b8851f,77211883-4c4d-4c93-ad77-9456d4aba557,69527257-2ee0-48be-a172-dbed4bc62b1b,2026-07-08 17:40:02.683942+00,30818529,30817,fuzzy_strong_heating,27.40,77.00,,,27.19,3126,true,180,50,-60,"method=fuzzy_time_proportioning, target=28-30C, temp_filtered=27.36, error=1.64, trend_c_per_min=0.14, heater_demand_pct=80.0, intake_pwm=180, exhaust_pwm=50, relay=ON",2026-07-08 17:40:02.683942+00,,,,,,,,,,,true
4d709143-7c35-4781-9bf1-46c0faa9df97,77211883-4c4d-4c93-ad77-9456d4aba557,69527257-2ee0-48be-a172-dbed4bc62b1b,2026-07-08 14:43:34.046691+00,20228438,20227,fuzzy_strong_heating,27.00,75.10,,,26.88,3151,true,180,49,-53,"method=fuzzy_time_proportioning, target=28-30C, temp_filtered=27.00, error=2.00, trend_c_per_min=0.00, heater_demand_pct=80.0, intake_pwm=180, exhaust_pwm=49, relay=ON",2026-07-08 14:43:34.046691+00,,,,,,,,,,,true
4d775462-4030-4956-a778-56ac4fea0c4f,77211883-4c4d-4c93-ad77-9456d4aba557,69527257-2ee0-48be-a172-dbed4bc62b1b,2026-07-08 15:51:32.376254+00,24308438,24307,fuzzy_strong_heating,27.30,77.40,,,27.06,3127,true,180,50,-57,"method=fuzzy_time_proportioning, target=28-30C, temp_filtered=27.30, error=1.70, trend_c_per_min=0.00, heater_demand_pct=80.0, intake_pwm=180, exhaust_pwm=50, relay=ON",2026-07-08 15:51:32.376254+00,,,,,,,,,,,true
4da5458c-4de2-4473-8ce1-3fb01a8e5af0,77211883-4c4d-4c93-ad77-9456d4aba557,69527257-2ee0-48be-a172-dbed4bc62b1b,2026-07-08 16:36:32.60868+00,27008438,27007,fuzzy_strong_heating,27.40,77.20,,,27.13,3120,true,180,50,-57,"method=fuzzy_time_proportioning, target=28-30C, temp_filtered=27.35, error=1.65, trend_c_per_min=0.19, heater_demand_pct=80.0, intake_pwm=180, exhaust_pwm=50, relay=ON",2026-07-08 16:36:32.60868+00,,,,,,,,,,,true
4dc68136-16a9-48df-a5b0-9e6eddea0af9,77211883-4c4d-4c93-ad77-9456d4aba557,69527257-2ee0-48be-a172-dbed4bc62b1b,2026-07-08 13:39:32.440881+00,16388438,16387,fuzzy_strong_heating,26.50,79.40,,,26.69,3136,true,195,53,-57,"method=fuzzy_time_proportioning, target=28-30C, temp_filtered=26.48, error=2.52, trend_c_per_min=0.10, heater_demand_pct=87.4, intake_pwm=195, exhaust_pwm=53, relay=ON",2026-07-08 13:39:32.440881+00,,,,,,,,,,,true
4e211c92-72ea-4aa5-8bea-d626e959581c,77211883-4c4d-4c93-ad77-9456d4aba557,69527257-2ee0-48be-a172-dbed4bc62b1b,2026-07-08 15:23:01.719304+00,22598438,22597,fuzzy_strong_heating,27.20,77.20,,,27.00,3123,true,180,50,-53,"method=fuzzy_time_proportioning, target=28-30C, temp_filtered=27.20, error=1.80, trend_c_per_min=0.00, heater_demand_pct=80.0, intake_pwm=180, exhaust_pwm=50, relay=ON",2026-07-08 15:23:01.719304+00,,,,,,,,,,,true
4e50fca3-e192-4c43-9d6a-766f8e25ef16,77211883-4c4d-4c93-ad77-9456d4aba557,69527257-2ee0-48be-a172-dbed4bc62b1b,2026-07-08 10:35:31.713623+00,5348276,5347,fuzzy_soft_heating,27.00,84.30,27.00,75.40,26.81,3120,true,175,76,-56,"method=fuzzy_time_proportioning, target=28-30C, temp_filtered=27.00, error=2.00, trend_c_per_min=0.00, heater_demand_pct=69.0, intake_pwm=175, exhaust_pwm=76, relay=ON",2026-07-08 10:35:31.713623+00,,,,,,,,,,,true
4eeac272-d396-46dc-a659-fade6b0ef7d7,77211883-4c4d-4c93-ad77-9456d4aba557,69527257-2ee0-48be-a172-dbed4bc62b1b,2026-07-08 14:25:31.596434+00,19148438,19147,fuzzy_strong_heating,26.50,73.00,,,26.69,3111,true,198,43,-56,"method=fuzzy_time_proportioning, target=28-30C, temp_filtered=26.50, error=2.50, trend_c_per_min=0.01, heater_demand_pct=92.6, intake_pwm=198, exhaust_pwm=43, relay=ON",2026-07-08 14:25:31.596434+00,,,,,,,,,,,true
4f238e47-16e9-41ec-97f7-997c1fa97f26,77211883-4c4d-4c93-ad77-9456d4aba557,69527257-2ee0-48be-a172-dbed4bc62b1b,2026-07-08 14:00:02.663216+00,17618438,17617,fuzzy_strong_heating,26.30,76.60,,,26.56,3126,true,207,40,-52,"method=fuzzy_time_proportioning, target=28-30C, temp_filtered=26.28, error=2.72, trend_c_per_min=0.10, heater_demand_pct=98.1, intake_pwm=207, exhaust_pwm=40, relay=ON",2026-07-08 14:00:02.663216+00,,,,,,,,,,,true
4f666c2e-5726-4b81-ac13-16622aa36024,77211883-4c4d-4c93-ad77-9456d4aba557,69527257-2ee0-48be-a172-dbed4bc62b1b,2026-07-08 14:25:01.629823+00,19118438,19117,fuzzy_strong_heating,26.50,72.90,,,26.69,3127,true,199,43,-56,"method=fuzzy_time_proportioning, target=28-30C, temp_filtered=26.49, error=2.51, trend_c_per_min=0.06, heater_demand_pct=92.9, intake_pwm=199, exhaust_pwm=43, relay=ON",2026-07-08 14:25:01.629823+00,,,,,,,,,,,true
4fbc2fd6-e602-463e-b245-b3a4f2c7befb,77211883-4c4d-4c93-ad77-9456d4aba557,69527257-2ee0-48be-a172-dbed4bc62b1b,2026-07-08 14:47:02.09923+00,20438438,20437,fuzzy_strong_heating,27.00,75.40,,,26.88,3120,true,180,49,-55,"method=fuzzy_time_proportioning, target=28-30C, temp_filtered=27.00, error=2.00, trend_c_per_min=0.00, heater_demand_pct=80.0, intake_pwm=180, exhaust_pwm=49, relay=ON",2026-07-08 14:47:02.09923+00,,,,,,,,,,,true
4ff0226b-1758-4427-a8bd-5c83a82f0e48,77211883-4c4d-4c93-ad77-9456d4aba557,69527257-2ee0-48be-a172-dbed4bc62b1b,2026-07-08 11:34:01.967534+00,8858417,8857,fuzzy_strong_heating,26.50,80.40,,,26.75,3134,true,192,59,-52,"method=fuzzy_time_proportioning, target=28-30C, temp_filtered=26.50, error=2.50, trend_c_per_min=0.01, heater_demand_pct=83.9, intake_pwm=192, exhaust_pwm=59, relay=ON",2026-07-08 11:34:01.967534+00,,,,,,,,,,,true
501ab26b-9222-4f89-9bc6-9780db4e593d,77211883-4c4d-4c93-ad77-9456d4aba557,69527257-2ee0-48be-a172-dbed4bc62b1b,2026-07-08 10:06:32.193791+00,3608276,3607,fuzzy_strong_heating,26.10,69.40,25.70,64.30,26.50,3136,true,209,40,-55,"method=fuzzy_time_proportioning, target=28-30C, temp_filtered=26.10, error=2.90, trend_c_per_min=0.00, heater_demand_pct=100.0, intake_pwm=209, exhaust_pwm=40, relay=ON",2026-07-08 10:06:32.193791+00,,,,,,,,,,,true
5034de90-8683-40e1-a80d-1716dd463c86,77211883-4c4d-4c93-ad77-9456d4aba557,69527257-2ee0-48be-a172-dbed4bc62b1b,2026-07-08 18:27:07.884117+00,33638529,33637,fuzzy_strong_heating,25.60,64.90,25.10,61.40,26.38,3107,true,210,40,-54,"method=fuzzy_time_proportioning, target=28-30C, temp_filtered=25.60, error=3.40, trend_c_per_min=-0.00, heater_demand_pct=100.0, intake_pwm=210, exhaust_pwm=40, relay=ON",2026-07-08 18:27:07.884117+00,,,,,0.5,3.5,,,,,true
50c5e7a7-63c6-4a18-94ab-3d0d8566b16d,77211883-4c4d-4c93-ad77-9456d4aba557,69527257-2ee0-48be-a172-dbed4bc62b1b,2026-07-08 15:52:02.194124+00,24338438,24337,fuzzy_strong_heating,27.30,77.40,,,27.06,3120,true,180,50,-56,"method=fuzzy_time_proportioning, target=28-30C, temp_filtered=27.30, error=1.70, trend_c_per_min=0.00, heater_demand_pct=80.0, intake_pwm=180, exhaust_pwm=50, relay=ON",2026-07-08 15:52:02.194124+00,,,,,,,,,,,true
51219677-4f25-4bdf-8278-e549b3148414,77211883-4c4d-4c93-ad77-9456d4aba557,69527257-2ee0-48be-a172-dbed4bc62b1b,2026-07-08 18:06:31.659416+00,32408529,32407,fuzzy_strong_heating,25.90,67.60,25.30,63.50,26.56,3133,true,210,40,-49,"method=fuzzy_time_proportioning, target=28-30C, temp_filtered=25.90, error=3.10, trend_c_per_min=-0.01, heater_demand_pct=100.0, intake_pwm=210, exhaust_pwm=40, relay=ON",2026-07-08 18:06:31.659416+00,,,,,0.6,4.1,,,,,true
515bfa2b-afbb-4702-84b2-816b0de4230a,77211883-4c4d-4c93-ad77-9456d4aba557,69527257-2ee0-48be-a172-dbed4bc62b1b,2026-07-08 09:19:01.796682+00,758476,757,fuzzy_strong_heating,26.10,78.40,25.70,72.30,26.81,3170,true,208,42,-59,"method=fuzzy_time_proportioning, target=28-30C, temp_filtered=26.10, error=2.90, trend_c_per_min=-0.00, heater_demand_pct=98.1, intake_pwm=208, exhaust_pwm=42, relay=ON",2026-07-08 09:19:01.796682+00,,,,,,,,,,,true
515c3a86-7e1f-43f2-ae8c-3e249e3cf9fb,77211883-4c4d-4c93-ad77-9456d4aba557,69527257-2ee0-48be-a172-dbed4bc62b1b,2026-07-08 09:47:01.682656+00,2438276,2437,fuzzy_strong_heating,26.80,80.00,26.60,71.90,26.75,3127,true,184,59,-58,"method=fuzzy_time_proportioning, target=28-30C, temp_filtered=26.80, error=2.20, trend_c_per_min=0.00, heater_demand_pct=79.0, intake_pwm=184, exhaust_pwm=59, relay=ON",2026-07-08 09:47:01.682656+00,,,,,,,,,,,true
517daa12-642c-4af4-bb2d-e32edff721b6,77211883-4c4d-4c93-ad77-9456d4aba557,69527257-2ee0-48be-a172-dbed4bc62b1b,2026-07-08 17:42:02.382811+00,30938529,30937,fuzzy_strong_heating,27.30,75.60,,,27.19,3131,true,180,50,-67,"method=fuzzy_time_proportioning, target=28-30C, temp_filtered=27.30, error=1.70, trend_c_per_min=-0.00, heater_demand_pct=80.0, intake_pwm=180, exhaust_pwm=50, relay=ON",2026-07-08 17:42:02.382811+00,,,,,,,,,,,true
5182ac76-1c93-4ade-b26d-8559a05d96cd,77211883-4c4d-4c93-ad77-9456d4aba557,69527257-2ee0-48be-a172-dbed4bc62b1b,2026-07-08 10:27:31.249378+00,4868276,4867,fuzzy_strong_heating,26.80,81.50,26.80,73.10,26.75,3118,true,182,66,-55,"method=fuzzy_time_proportioning, target=28-30C, temp_filtered=26.77, error=2.23, trend_c_per_min=0.11, heater_demand_pct=76.4, intake_pwm=182, exhaust_pwm=66, relay=ON",2026-07-08 10:27:31.249378+00,,,,,,,,,,,true
518348c4-c1e0-427c-b15f-4ee163d4506e,77211883-4c4d-4c93-ad77-9456d4aba557,69527257-2ee0-48be-a172-dbed4bc62b1b,2026-07-08 16:46:03.707397+00,27578438,27577,fuzzy_strong_heating,27.40,77.20,,,27.13,3127,true,180,50,-55,"method=fuzzy_time_proportioning, target=28-30C, temp_filtered=27.38, error=1.62, trend_c_per_min=0.08, heater_demand_pct=80.0, intake_pwm=180, exhaust_pwm=50, relay=ON",2026-07-08 16:46:03.707397+00,,,,,,,,,,,true
524888d3-498d-4887-a641-ddbebf1a3487,77211883-4c4d-4c93-ad77-9456d4aba557,69527257-2ee0-48be-a172-dbed4bc62b1b,2026-07-08 14:37:31.658192+00,19868438,19867,fuzzy_strong_heating,26.90,74.50,,,26.81,3120,true,183,48,-56,"method=fuzzy_time_proportioning, target=28-30C, temp_filtered=26.90, error=2.10, trend_c_per_min=0.00, heater_demand_pct=82.5, intake_pwm=183, exhaust_pwm=48, relay=ON",2026-07-08 14:37:31.658192+00,,,,,,,,,,,true
526534cf-51a4-48f2-8220-cc11d90b56bd,77211883-4c4d-4c93-ad77-9456d4aba557,69527257-2ee0-48be-a172-dbed4bc62b1b,2026-07-08 15:49:02.134459+00,24158438,24157,fuzzy_strong_heating,27.30,77.40,,,27.06,3119,true,180,50,-56,"method=fuzzy_time_proportioning, target=28-30C, temp_filtered=27.30, error=1.70, trend_c_per_min=0.00, heater_demand_pct=80.0, intake_pwm=180, exhaust_pwm=50, relay=ON",2026-07-08 15:49:02.134459+00,,,,,,,,,,,true
52855c10-5e48-48f9-b209-3fc47959fbfe,77211883-4c4d-4c93-ad77-9456d4aba557,69527257-2ee0-48be-a172-dbed4bc62b1b,2026-07-08 10:00:01.631948+00,3218276,3217,fuzzy_strong_heating,26.30,71.10,25.80,65.80,26.56,3127,true,206,41,-55,"method=fuzzy_time_proportioning, target=28-30C, temp_filtered=26.30, error=2.70, trend_c_per_min=-0.00, heater_demand_pct=97.5, intake_pwm=206, exhaust_pwm=41, relay=ON",2026-07-08 10:00:01.631948+00,,,,,,,,,,,true
529f220b-a898-4d09-939d-064e2d901210,77211883-4c4d-4c93-ad77-9456d4aba557,69527257-2ee0-48be-a172-dbed4bc62b1b,2026-07-08 18:17:01.631268+00,33038529,33037,fuzzy_strong_heating,25.70,66.20,25.20,63.00,26.50,3133,true,210,40,-53,"method=fuzzy_time_proportioning, target=28-30C, temp_filtered=25.70, error=3.30, trend_c_per_min=-0.00, heater_demand_pct=100.0, intake_pwm=210, exhaust_pwm=40, relay=ON",2026-07-08 18:17:01.631268+00,,,,,0.5,3.2,,,,,true
52ec0258-8cef-4547-aa11-938a5899d862,77211883-4c4d-4c93-ad77-9456d4aba557,69527257-2ee0-48be-a172-dbed4bc62b1b,2026-07-08 17:54:01.64774+00,31658529,31657,fuzzy_strong_heating,26.40,70.20,25.90,65.30,26.75,3120,true,202,42,-52,"method=fuzzy_time_proportioning, target=28-30C, temp_filtered=26.40, error=2.60, trend_c_per_min=-0.00, heater_demand_pct=95.0, intake_pwm=202, exhaust_pwm=42, relay=ON",2026-07-08 17:54:01.64774+00,,,,,,,,,,,true
53882c5d-3790-45ec-8640-9f5491ab412f,77211883-4c4d-4c93-ad77-9456d4aba557,69527257-2ee0-48be-a172-dbed4bc62b1b,2026-07-08 18:19:31.811035+00,33188529,33187,fuzzy_strong_heating,25.70,65.80,25.30,61.90,26.44,3115,true,210,40,-52,"method=fuzzy_time_proportioning, target=28-30C, temp_filtered=25.70, error=3.30, trend_c_per_min=0.00, heater_demand_pct=100.0, intake_pwm=210, exhaust_pwm=40, relay=ON",2026-07-08 18:19:31.811035+00,,,,,0.4,3.9,,,,,true
538bced0-44d6-4aeb-bc15-3c7b4cf2d619,77211883-4c4d-4c93-ad77-9456d4aba557,69527257-2ee0-48be-a172-dbed4bc62b1b,2026-07-08 11:19:01.055456+00,7958428,7957,fuzzy_strong_heating,26.30,73.70,,,26.69,3136,true,197,43,-54,"method=fuzzy_time_proportioning, target=28-30C, temp_filtered=26.38, error=2.62, trend_c_per_min=-0.30, heater_demand_pct=90.1, intake_pwm=197, exhaust_pwm=43, relay=ON",2026-07-08 11:19:01.055456+00,,,,,,,,,,,true
5390d3b2-8ed8-4328-984f-abcedbd1817f,77211883-4c4d-4c93-ad77-9456d4aba557,69527257-2ee0-48be-a172-dbed4bc62b1b,2026-07-08 09:52:31.265134+00,2768276,2767,fuzzy_strong_heating,26.50,74.60,26.00,68.50,26.69,3110,true,197,44,-50,"method=fuzzy_time_proportioning, target=28-30C, temp_filtered=26.51, error=2.49, trend_c_per_min=-0.05, heater_demand_pct=91.7, intake_pwm=197, exhaust_pwm=44, relay=ON",2026-07-08 09:52:31.265134+00,,,,,,,,,,,true
53991777-f98e-4bc7-aadb-61d5ac05974c,77211883-4c4d-4c93-ad77-9456d4aba557,69527257-2ee0-48be-a172-dbed4bc62b1b,2026-07-08 18:14:02.446064+00,32858529,32857,fuzzy_strong_heating,25.80,66.40,25.20,62.80,26.44,3130,true,210,40,-50,"method=fuzzy_time_proportioning, target=28-30C, temp_filtered=25.78, error=3.22, trend_c_per_min=0.09, heater_demand_pct=100.0, intake_pwm=210, exhaust_pwm=40, relay=ON",2026-07-08 18:14:02.446064+00,,,,,0.6,3.6,,,,,true
53ac6b8f-bd37-4930-ba75-7dfd7fb8c54b,77211883-4c4d-4c93-ad77-9456d4aba557,69527257-2ee0-48be-a172-dbed4bc62b1b,2026-07-08 08:52:43.913594+00,488160,487,baseline_off,26.50,78.70,25.90,68.80,26.94,3198,false,0,0,-57,,2026-07-08 08:52:43.913594+00,,,,,,,,,,,true
53b05972-2e15-448a-aa25-1f414ce2d1ed,77211883-4c4d-4c93-ad77-9456d4aba557,69527257-2ee0-48be-a172-dbed4bc62b1b,2026-07-08 11:36:01.635353+00,8978417,8977,fuzzy_strong_heating,26.60,81.60,,,26.75,3120,true,187,65,-53,"method=fuzzy_time_proportioning, target=28-30C, temp_filtered=26.60, error=2.40, trend_c_per_min=0.00, heater_demand_pct=79.1, intake_pwm=187, exhaust_pwm=65, relay=ON",2026-07-08 11:36:01.635353+00,,,,,,,,,,,true
53bc78b4-d741-40c6-aac1-2b099d177493,77211883-4c4d-4c93-ad77-9456d4aba557,69527257-2ee0-48be-a172-dbed4bc62b1b,2026-07-08 11:23:01.183601+00,8198417,8197,fuzzy_strong_heating,26.20,72.00,,,26.63,3132,true,208,40,-57,"method=fuzzy_time_proportioning, target=28-30C, temp_filtered=26.22, error=2.78, trend_c_per_min=-0.07, heater_demand_pct=98.8, intake_pwm=208, exhaust_pwm=40, relay=ON",2026-07-08 11:23:01.183601+00,,,,,,,,,,,true
545f49ba-8478-4731-8b01-b270a3d0aa6d,77211883-4c4d-4c93-ad77-9456d4aba557,69527257-2ee0-48be-a172-dbed4bc62b1b,2026-07-08 14:57:01.319886+00,21038438,21037,fuzzy_strong_heating,27.10,76.10,,,26.94,3121,true,180,50,-54,"method=fuzzy_time_proportioning, target=28-30C, temp_filtered=27.10, error=1.90, trend_c_per_min=0.00, heater_demand_pct=80.0, intake_pwm=180, exhaust_pwm=50, relay=ON",2026-07-08 14:57:01.319886+00,,,,,,,,,,,true
5476987c-c206-4bda-8417-eed5364d71c5,77211883-4c4d-4c93-ad77-9456d4aba557,69527257-2ee0-48be-a172-dbed4bc62b1b,2026-07-08 09:17:01.37085+00,638478,637,fuzzy_strong_heating,26.10,75.00,25.40,70.60,26.81,3168,true,210,40,-54,"method=fuzzy_time_proportioning, target=28-30C, temp_filtered=26.11, error=2.89, trend_c_per_min=-0.03, heater_demand_pct=100.0, intake_pwm=210, exhaust_pwm=40, relay=ON",2026-07-08 09:17:01.37085+00,,,,,,,,,,,true
552c214d-9895-448e-9646-e43256641741,77211883-4c4d-4c93-ad77-9456d4aba557,69527257-2ee0-48be-a172-dbed4bc62b1b,2026-07-08 14:58:01.334993+00,21098438,21097,fuzzy_strong_heating,27.10,76.20,,,26.94,3135,true,180,50,-56,"method=fuzzy_time_proportioning, target=28-30C, temp_filtered=27.10, error=1.90, trend_c_per_min=0.00, heater_demand_pct=80.0, intake_pwm=180, exhaust_pwm=50, relay=ON",2026-07-08 14:58:01.334993+00,,,,,,,,,,,true
55349cb4-b051-489a-8b4d-aa92ee047b39,77211883-4c4d-4c93-ad77-9456d4aba557,69527257-2ee0-48be-a172-dbed4bc62b1b,2026-07-08 14:53:31.72502+00,20828438,20827,fuzzy_strong_heating,27.10,75.90,,,26.94,3102,true,180,50,-52,"method=fuzzy_time_proportioning, target=28-30C, temp_filtered=27.10, error=1.90, trend_c_per_min=0.00, heater_demand_pct=80.0, intake_pwm=180, exhaust_pwm=50, relay=ON",2026-07-08 14:53:31.72502+00,,,,,,,,,,,true
557d8575-2095-4e5b-81c8-1fc835a7b123,77211883-4c4d-4c93-ad77-9456d4aba557,69527257-2ee0-48be-a172-dbed4bc62b1b,2026-07-08 17:00:31.886453+00,28448453,28447,fuzzy_strong_heating,27.30,77.20,,,27.19,3115,true,175,50,-57,"method=fuzzy_time_proportioning, target=28-30C, temp_filtered=27.36, error=1.64, trend_c_per_min=-0.22, heater_demand_pct=73.2, intake_pwm=175, exhaust_pwm=50, relay=ON",2026-07-08 17:00:31.886453+00,,,,,,,,,,,true
562bcf21-f742-4eef-a4c4-b296dd54fe90,77211883-4c4d-4c93-ad77-9456d4aba557,69527257-2ee0-48be-a172-dbed4bc62b1b,2026-07-08 10:56:31.706449+00,6608276,6607,fuzzy_soft_heating,27.00,87.80,26.90,78.60,26.88,3116,true,175,79,-54,"method=fuzzy_time_proportioning, target=28-30C, temp_filtered=27.00, error=2.00, trend_c_per_min=0.00, heater_demand_pct=67.5, intake_pwm=175, exhaust_pwm=79, relay=ON",2026-07-08 10:56:31.706449+00,,,,,,,,,,,true
56306465-58ca-44e3-b116-981606b3c0b2,77211883-4c4d-4c93-ad77-9456d4aba557,69527257-2ee0-48be-a172-dbed4bc62b1b,2026-07-08 14:50:31.726771+00,20648438,20647,fuzzy_strong_heating,27.10,75.60,,,26.88,3134,true,180,50,-53,"method=fuzzy_time_proportioning, target=28-30C, temp_filtered=27.10, error=1.90, trend_c_per_min=0.00, heater_demand_pct=80.0, intake_pwm=180, exhaust_pwm=50, relay=ON",2026-07-08 14:50:31.726771+00,,,,,,,,,,,true
56434628-70fe-48c7-826e-ce132a16af9e,77211883-4c4d-4c93-ad77-9456d4aba557,69527257-2ee0-48be-a172-dbed4bc62b1b,2026-07-08 15:10:01.424231+00,21818438,21817,fuzzy_strong_heating,27.20,76.70,,,26.94,3116,true,180,50,-53,"method=fuzzy_time_proportioning, target=28-30C, temp_filtered=27.20, error=1.80, trend_c_per_min=0.00, heater_demand_pct=80.0, intake_pwm=180, exhaust_pwm=50, relay=ON",2026-07-08 15:10:01.424231+00,,,,,,,,,,,true
565fc8a3-0817-408b-9f41-41ba5f4e6bfd,77211883-4c4d-4c93-ad77-9456d4aba557,69527257-2ee0-48be-a172-dbed4bc62b1b,2026-07-08 10:37:01.232364+00,5438276,5437,fuzzy_soft_heating,27.10,84.70,27.00,75.60,26.81,3115,true,175,76,-53,"method=fuzzy_time_proportioning, target=28-30C, temp_filtered=27.02, error=1.98, trend_c_per_min=0.30, heater_demand_pct=68.8, intake_pwm=175, exhaust_pwm=76, relay=ON",2026-07-08 10:37:01.232364+00,,,,,,,,,,,true
56e11f62-2856-4ffb-8d94-a7b39918b096,77211883-4c4d-4c93-ad77-9456d4aba557,69527257-2ee0-48be-a172-dbed4bc62b1b,2026-07-08 16:29:01.743184+00,26558438,26557,fuzzy_strong_heating,27.30,76.90,,,27.13,3137,true,180,50,-54,"method=fuzzy_time_proportioning, target=28-30C, temp_filtered=27.30, error=1.70, trend_c_per_min=-0.00, heater_demand_pct=80.0, intake_pwm=180, exhaust_pwm=50, relay=ON",2026-07-08 16:29:01.743184+00,,,,,,,,,,,true
56f0fedf-093f-4756-bb6c-22362477c08a,77211883-4c4d-4c93-ad77-9456d4aba557,69527257-2ee0-48be-a172-dbed4bc62b1b,2026-07-08 14:03:01.189439+00,17798438,17797,fuzzy_strong_heating,26.50,80.00,,,26.69,3115,true,193,56,-52,"method=fuzzy_time_proportioning, target=28-30C, temp_filtered=26.47, error=2.53, trend_c_per_min=0.13, heater_demand_pct=85.6, intake_pwm=193, exhaust_pwm=56, relay=ON",2026-07-08 14:03:01.189439+00,,,,,,,,,,,true
56f483cb-0bcb-47e8-af1b-d70fec2f0025,77211883-4c4d-4c93-ad77-9456d4aba557,69527257-2ee0-48be-a172-dbed4bc62b1b,2026-07-08 16:00:02.260282+00,24818438,24817,fuzzy_strong_heating,27.30,77.00,,,27.06,3122,true,180,50,-52,"method=fuzzy_time_proportioning, target=28-30C, temp_filtered=27.30, error=1.70, trend_c_per_min=0.00, heater_demand_pct=80.0, intake_pwm=180, exhaust_pwm=50, relay=ON",2026-07-08 16:00:02.260282+00,,,,,,,,,,,true
5703417b-c789-422d-ab21-d34d102a5b83,77211883-4c4d-4c93-ad77-9456d4aba557,69527257-2ee0-48be-a172-dbed4bc62b1b,2026-07-08 14:59:31.687732+00,21188438,21187,fuzzy_strong_heating,27.10,76.30,,,26.94,3115,true,180,50,-53,"method=fuzzy_time_proportioning, target=28-30C, temp_filtered=27.10, error=1.90, trend_c_per_min=0.00, heater_demand_pct=80.0, intake_pwm=180, exhaust_pwm=50, relay=ON",2026-07-08 14:59:31.687732+00,,,,,,,,,,,true
5706687b-19e0-4d32-8de0-20e840e71a6b,77211883-4c4d-4c93-ad77-9456d4aba557,69527257-2ee0-48be-a172-dbed4bc62b1b,2026-07-08 15:44:01.818975+00,23858438,23857,fuzzy_strong_heating,27.30,77.50,,,27.00,3121,true,180,50,-56,"method=fuzzy_time_proportioning, target=28-30C, temp_filtered=27.30, error=1.70, trend_c_per_min=0.00, heater_demand_pct=80.0, intake_pwm=180, exhaust_pwm=50, relay=ON",2026-07-08 15:44:01.818975+00,,,,,,,,,,,true
574e3fca-9652-49c8-9a21-f86915e848a6,77211883-4c4d-4c93-ad77-9456d4aba557,69527257-2ee0-48be-a172-dbed4bc62b1b,2026-07-08 16:34:01.883401+00,26858438,26857,fuzzy_strong_heating,27.30,77.10,,,27.13,3143,true,180,50,-52,"method=fuzzy_time_proportioning, target=28-30C, temp_filtered=27.31, error=1.69, trend_c_per_min=-0.03, heater_demand_pct=80.0, intake_pwm=180, exhaust_pwm=50, relay=ON",2026-07-08 16:34:01.883401+00,,,,,,,,,,,true
57bac49f-7ab0-49fe-b12c-e99457a10b1d,77211883-4c4d-4c93-ad77-9456d4aba557,69527257-2ee0-48be-a172-dbed4bc62b1b,2026-07-08 17:59:02.524724+00,31958529,31957,fuzzy_strong_heating,26.10,68.90,25.80,64.20,26.69,3148,true,210,40,-52,"method=fuzzy_time_proportioning, target=28-30C, temp_filtered=26.12, error=2.88, trend_c_per_min=-0.08, heater_demand_pct=100.0, intake_pwm=210, exhaust_pwm=40, relay=ON",2026-07-08 17:59:02.524724+00,,,,,0.3,4.7,,,,,true
57bd8109-40bf-4e0d-9de0-66f889d2fa22,77211883-4c4d-4c93-ad77-9456d4aba557,69527257-2ee0-48be-a172-dbed4bc62b1b,2026-07-08 09:28:00.757917+00,1298276,1297,fuzzy_strong_heating,26.80,80.00,26.40,72.40,26.75,3129,true,182,59,-51,"method=fuzzy_time_proportioning, target=28-30C, temp_filtered=26.82, error=2.18, trend_c_per_min=-0.08, heater_demand_pct=77.4, intake_pwm=182, exhaust_pwm=59, relay=ON",2026-07-08 09:28:00.757917+00,,,,,,,,,,,true
585056cc-ff3c-4621-845f-c590c2668f57,77211883-4c4d-4c93-ad77-9456d4aba557,69527257-2ee0-48be-a172-dbed4bc62b1b,2026-07-08 11:32:01.603769+00,8738417,8737,fuzzy_strong_heating,26.40,78.70,,,26.69,3119,true,200,47,-53,"method=fuzzy_time_proportioning, target=28-30C, temp_filtered=26.39, error=2.61, trend_c_per_min=0.04, heater_demand_pct=92.0, intake_pwm=200, exhaust_pwm=47, relay=ON",2026-07-08 11:32:01.603769+00,,,,,,,,,,,true
587cf6ec-46da-4684-b8cd-ffb017c70633,77211883-4c4d-4c93-ad77-9456d4aba557,69527257-2ee0-48be-a172-dbed4bc62b1b,2026-07-08 11:42:31.483956+00,9368417,9367,fuzzy_strong_heating,26.60,74.70,,,26.75,3120,true,194,45,-53,"method=fuzzy_time_proportioning, target=28-30C, temp_filtered=26.60, error=2.40, trend_c_per_min=-0.00, heater_demand_pct=90.0, intake_pwm=194, exhaust_pwm=45, relay=ON",2026-07-08 11:42:31.483956+00,,,,,,,,,,,true
5886740e-d3cb-4386-bed5-87d46404e6b2,77211883-4c4d-4c93-ad77-9456d4aba557,69527257-2ee0-48be-a172-dbed4bc62b1b,2026-07-08 17:56:31.97678+00,31808529,31807,fuzzy_strong_heating,26.20,69.50,25.80,64.80,26.75,3117,true,206,40,-50,"method=fuzzy_time_proportioning, target=28-30C, temp_filtered=26.24, error=2.76, trend_c_per_min=-0.15, heater_demand_pct=97.6, intake_pwm=206, exhaust_pwm=40, relay=ON",2026-07-08 17:56:31.97678+00,,,,,,,,,,,true
58dc93d9-eef8-4bbe-a852-9f915b51da9d,77211883-4c4d-4c93-ad77-9456d4aba557,69527257-2ee0-48be-a172-dbed4bc62b1b,2026-07-08 13:53:01.274272+00,17198438,17197,fuzzy_strong_heating,26.20,71.50,,,26.56,3133,true,208,40,-58,"method=fuzzy_time_proportioning, target=28-30C, temp_filtered=26.22, error=2.78, trend_c_per_min=-0.07, heater_demand_pct=98.8, intake_pwm=208, exhaust_pwm=40, relay=ON",2026-07-08 13:53:01.274272+00,,,,,,,,,,,true
5900f88e-12f1-454c-abab-203a490d57ba,77211883-4c4d-4c93-ad77-9456d4aba557,69527257-2ee0-48be-a172-dbed4bc62b1b,2026-07-08 16:01:02.969704+00,24878438,24877,fuzzy_strong_heating,27.30,77.10,,,27.06,3137,true,180,50,-53,"method=fuzzy_time_proportioning, target=28-30C, temp_filtered=27.30, error=1.70, trend_c_per_min=0.00, heater_demand_pct=80.0, intake_pwm=180, exhaust_pwm=50, relay=ON",2026-07-08 16:01:02.969704+00,,,,,,,,,,,true
5980b316-5d03-418a-96b8-edf32b85154a,77211883-4c4d-4c93-ad77-9456d4aba557,69527257-2ee0-48be-a172-dbed4bc62b1b,2026-07-08 11:12:31.795179+00,7568427,7567,fuzzy_strong_heating,26.60,76.80,,,26.81,3134,true,185,47,-54,"method=fuzzy_time_proportioning, target=28-30C, temp_filtered=26.64, error=2.36, trend_c_per_min=-0.17, heater_demand_pct=80.4, intake_pwm=185, exhaust_pwm=47, relay=ON",2026-07-08 11:12:31.795179+00,,,,,,,,,,,true
59c6e187-d931-4e8a-a1d6-30be325a0245,77211883-4c4d-4c93-ad77-9456d4aba557,69527257-2ee0-48be-a172-dbed4bc62b1b,2026-07-08 15:42:02.21144+00,23738438,23737,fuzzy_strong_heating,27.30,77.60,,,27.06,3137,true,180,50,-56,"method=fuzzy_time_proportioning, target=28-30C, temp_filtered=27.30, error=1.70, trend_c_per_min=0.00, heater_demand_pct=80.0, intake_pwm=180, exhaust_pwm=50, relay=ON",2026-07-08 15:42:02.21144+00,,,,,,,,,,,true
5a33999d-c9d4-4c4f-a4ff-321f7490ee56,77211883-4c4d-4c93-ad77-9456d4aba557,69527257-2ee0-48be-a172-dbed4bc62b1b,2026-07-08 17:35:32.017985+00,30548529,30547,fuzzy_strong_heating,27.40,76.40,,,27.19,3113,true,180,50,-60,"method=fuzzy_time_proportioning, target=28-30C, temp_filtered=27.40, error=1.60, trend_c_per_min=0.02, heater_demand_pct=80.0, intake_pwm=180, exhaust_pwm=50, relay=ON",2026-07-08 17:35:32.017985+00,,,,,,,,,,,true
5a4dc67a-6e1f-4390-a770-803519dd2a0e,77211883-4c4d-4c93-ad77-9456d4aba557,69527257-2ee0-48be-a172-dbed4bc62b1b,2026-07-08 17:06:31.924647+00,28808540,28807,fuzzy_strong_heating,27.30,77.00,,,27.13,3139,true,176,50,-56,"method=fuzzy_time_proportioning, target=28-30C, temp_filtered=27.34, error=1.66, trend_c_per_min=-0.17, heater_demand_pct=74.6, intake_pwm=176, exhaust_pwm=50, relay=ON",2026-07-08 17:06:31.924647+00,,,,,,,,,,,true
5a5b4214-04bf-4da3-89a3-fd5e359a6075,77211883-4c4d-4c93-ad77-9456d4aba557,69527257-2ee0-48be-a172-dbed4bc62b1b,2026-07-08 18:18:03.180322+00,33098529,33097,fuzzy_strong_heating,25.70,66.10,25.30,62.40,26.44,3096,true,210,40,-51,"method=fuzzy_time_proportioning, target=28-30C, temp_filtered=25.70, error=3.30, trend_c_per_min=0.00, heater_demand_pct=100.0, intake_pwm=210, exhaust_pwm=40, relay=ON",2026-07-08 18:18:03.180322+00,,,,,0.4,3.7,,,,,true
5aa9aff3-2e08-4efa-9faf-407ae6eb9bc3,77211883-4c4d-4c93-ad77-9456d4aba557,69527257-2ee0-48be-a172-dbed4bc62b1b,2026-07-08 15:34:31.70261+00,23288438,23287,fuzzy_strong_heating,27.30,77.40,,,27.06,3122,true,180,50,-53,"method=fuzzy_time_proportioning, target=28-30C, temp_filtered=27.29, error=1.71, trend_c_per_min=0.02, heater_demand_pct=80.0, intake_pwm=180, exhaust_pwm=50, relay=ON",2026-07-08 15:34:31.70261+00,,,,,,,,,,,true
5ab990f8-31ec-4429-8984-84e16ec1a446,77211883-4c4d-4c93-ad77-9456d4aba557,69527257-2ee0-48be-a172-dbed4bc62b1b,2026-07-08 13:02:31.510344+00,14168417,14167,fuzzy_strong_heating,26.30,72.80,,,26.63,3134,true,197,43,-52,"method=fuzzy_time_proportioning, target=28-30C, temp_filtered=26.38, error=2.62, trend_c_per_min=-0.30, heater_demand_pct=90.1, intake_pwm=197, exhaust_pwm=43, relay=ON",2026-07-08 13:02:31.510344+00,,,,,,,,,,,true
5ac01522-3430-45f7-aeff-53f779b099ed,77211883-4c4d-4c93-ad77-9456d4aba557,69527257-2ee0-48be-a172-dbed4bc62b1b,2026-07-08 16:25:31.811869+00,26348438,26347,fuzzy_strong_heating,27.30,76.90,,,27.13,3136,true,180,50,-52,"method=fuzzy_time_proportioning, target=28-30C, temp_filtered=27.30, error=1.70, trend_c_per_min=0.00, heater_demand_pct=80.0, intake_pwm=180, exhaust_pwm=50, relay=ON",2026-07-08 16:25:31.811869+00,,,,,,,,,,,true
5aceded7-9342-49b6-b33d-9027ed4f62f0,77211883-4c4d-4c93-ad77-9456d4aba557,69527257-2ee0-48be-a172-dbed4bc62b1b,2026-07-08 17:47:32.019757+00,31268529,31267,fuzzy_strong_heating,26.80,72.00,26.30,66.50,27.00,3140,true,183,48,-53,"method=fuzzy_time_proportioning, target=28-30C, temp_filtered=26.82, error=2.18, trend_c_per_min=-0.10, heater_demand_pct=80.8, intake_pwm=183, exhaust_pwm=48, relay=ON",2026-07-08 17:47:32.019757+00,,,,,,,,,,,true
5b4c86ba-3c05-4df1-8b4a-f1f1e42e9b98,77211883-4c4d-4c93-ad77-9456d4aba557,69527257-2ee0-48be-a172-dbed4bc62b1b,2026-07-08 17:45:32.36546+00,31148529,31147,fuzzy_strong_heating,27.00,72.90,26.60,66.60,27.06,3125,true,179,50,-53,"method=fuzzy_time_proportioning, target=28-30C, temp_filtered=27.01, error=1.99, trend_c_per_min=-0.03, heater_demand_pct=80.0, intake_pwm=179, exhaust_pwm=50, relay=ON",2026-07-08 17:45:32.36546+00,,,,,,,,,,,true
5b7f7092-5231-45fe-9308-3168b2bbe6f2,77211883-4c4d-4c93-ad77-9456d4aba557,69527257-2ee0-48be-a172-dbed4bc62b1b,2026-07-08 18:11:02.78985+00,32678529,32677,fuzzy_strong_heating,25.80,66.90,25.20,63.40,26.50,3088,true,210,40,-51,"method=fuzzy_time_proportioning, target=28-30C, temp_filtered=25.80, error=3.20, trend_c_per_min=-0.00, heater_demand_pct=100.0, intake_pwm=210, exhaust_pwm=40, relay=ON",2026-07-08 18:11:02.78985+00,,,,,0.6,3.5,,,,,true
5bc3f4ed-426b-4861-be08-f9898d8ad892,77211883-4c4d-4c93-ad77-9456d4aba557,69527257-2ee0-48be-a172-dbed4bc62b1b,2026-07-08 16:17:31.427011+00,25868438,25867,fuzzy_strong_heating,27.30,76.70,,,27.13,3479,true,180,50,-53,"method=fuzzy_time_proportioning, target=28-30C, temp_filtered=27.30, error=1.70, trend_c_per_min=0.00, heater_demand_pct=80.0, intake_pwm=180, exhaust_pwm=50, relay=ON",2026-07-08 16:17:31.427011+00,,,,,,,,,,,true
5bc671c9-2e16-4c6c-be0d-8f5131d076f4,77211883-4c4d-4c93-ad77-9456d4aba557,69527257-2ee0-48be-a172-dbed4bc62b1b,2026-07-08 09:34:00.773774+00,1658276,1657,fuzzy_strong_heating,26.30,73.80,25.60,68.40,26.56,3131,true,198,43,-51,"method=fuzzy_time_proportioning, target=28-30C, temp_filtered=26.36, error=2.64, trend_c_per_min=-0.25, heater_demand_pct=90.8, intake_pwm=198, exhaust_pwm=43, relay=ON",2026-07-08 09:34:00.773774+00,,,,,,,,,,,true
5bfaebbe-dab6-450c-96d7-44022eca7370,77211883-4c4d-4c93-ad77-9456d4aba557,69527257-2ee0-48be-a172-dbed4bc62b1b,2026-07-08 13:01:32.123571+00,14108417,14107,fuzzy_strong_heating,26.40,73.00,,,26.63,3120,true,202,42,-53,"method=fuzzy_time_proportioning, target=28-30C, temp_filtered=26.40, error=2.60, trend_c_per_min=-0.00, heater_demand_pct=95.0, intake_pwm=202, exhaust_pwm=42, relay=ON",2026-07-08 13:01:32.123571+00,,,,,,,,,,,true
5c3ab33e-14d9-419e-9a6f-7d06c4cea1fb,77211883-4c4d-4c93-ad77-9456d4aba557,69527257-2ee0-48be-a172-dbed4bc62b1b,2026-07-08 11:03:01.376976+00,6998367,6997,fuzzy_soft_heating,27.10,87.30,,,26.88,3136,true,175,79,-53,"method=fuzzy_time_proportioning, target=28-30C, temp_filtered=27.10, error=1.90, trend_c_per_min=0.00, heater_demand_pct=67.5, intake_pwm=175, exhaust_pwm=79, relay=ON",2026-07-08 11:03:01.376976+00,,,,,,,,,,,true
5c3eb6df-f7b5-4816-abbc-caca11f0111e,77211883-4c4d-4c93-ad77-9456d4aba557,69527257-2ee0-48be-a172-dbed4bc62b1b,2026-07-08 10:39:01.707995+00,5558276,5557,fuzzy_soft_heating,27.10,85.10,27.10,76.00,26.88,3131,true,175,76,-55,"method=fuzzy_time_proportioning, target=28-30C, temp_filtered=27.10, error=1.90, trend_c_per_min=0.00, heater_demand_pct=69.0, intake_pwm=175, exhaust_pwm=76, relay=ON",2026-07-08 10:39:01.707995+00,,,,,,,,,,,true
5c717d5b-7aa8-4f62-9183-fcc9e0379e60,77211883-4c4d-4c93-ad77-9456d4aba557,69527257-2ee0-48be-a172-dbed4bc62b1b,2026-07-08 11:24:01.478169+00,8258417,8257,fuzzy_strong_heating,26.20,71.50,,,26.63,3131,true,209,40,-56,"method=fuzzy_time_proportioning, target=28-30C, temp_filtered=26.20, error=2.80, trend_c_per_min=-0.00, heater_demand_pct=100.0, intake_pwm=209, exhaust_pwm=40, relay=ON",2026-07-08 11:24:01.478169+00,,,,,,,,,,,true
5cdd026e-1d39-4654-b608-2a3a8c5e91ac,77211883-4c4d-4c93-ad77-9456d4aba557,69527257-2ee0-48be-a172-dbed4bc62b1b,2026-07-08 13:32:32.275136+00,15968449,15967,fuzzy_strong_heating,26.10,71.20,,,26.50,3127,true,210,40,-51,"method=fuzzy_time_proportioning, target=28-30C, temp_filtered=26.10, error=2.90, trend_c_per_min=-0.01, heater_demand_pct=100.0, intake_pwm=210, exhaust_pwm=40, relay=ON",2026-07-08 13:32:32.275136+00,,,,,,,,,,,true
5d07391e-9b72-4940-81b3-f6a82f43b971,77211883-4c4d-4c93-ad77-9456d4aba557,69527257-2ee0-48be-a172-dbed4bc62b1b,2026-07-08 12:09:31.099679+00,10988417,10987,fuzzy_strong_heating,26.50,74.10,,,26.69,3130,true,187,46,-57,"method=fuzzy_time_proportioning, target=28-30C, temp_filtered=26.58, error=2.42, trend_c_per_min=-0.30, heater_demand_pct=82.4, intake_pwm=187, exhaust_pwm=46, relay=ON",2026-07-08 12:09:31.099679+00,,,,,,,,,,,true
5d2d1b5a-8ca1-437f-85b3-16773f3b8050,77211883-4c4d-4c93-ad77-9456d4aba557,69527257-2ee0-48be-a172-dbed4bc62b1b,2026-07-08 16:20:02.306245+00,26018438,26017,fuzzy_strong_heating,27.30,76.80,,,27.13,3119,true,180,50,-53,"method=fuzzy_time_proportioning, target=28-30C, temp_filtered=27.30, error=1.70, trend_c_per_min=0.00, heater_demand_pct=80.0, intake_pwm=180, exhaust_pwm=50, relay=ON",2026-07-08 16:20:02.306245+00,,,,,,,,,,,true
5d866977-25ff-494f-b2ba-0c02dd9a1f1f,77211883-4c4d-4c93-ad77-9456d4aba557,69527257-2ee0-48be-a172-dbed4bc62b1b,2026-07-08 15:14:32.069889+00,22088438,22087,fuzzy_strong_heating,27.20,76.80,,,27.00,3116,true,180,50,-54,"method=fuzzy_time_proportioning, target=28-30C, temp_filtered=27.20, error=1.80, trend_c_per_min=0.00, heater_demand_pct=80.0, intake_pwm=180, exhaust_pwm=50, relay=ON",2026-07-08 15:14:32.069889+00,,,,,,,,,,,true
5da56591-6cfd-4280-965e-1d5f7c707866,77211883-4c4d-4c93-ad77-9456d4aba557,69527257-2ee0-48be-a172-dbed4bc62b1b,2026-07-08 11:15:31.485553+00,7748428,7747,fuzzy_strong_heating,26.50,75.10,,,26.75,3119,true,198,43,-54,"method=fuzzy_time_proportioning, target=28-30C, temp_filtered=26.50, error=2.50, trend_c_per_min=-0.01, heater_demand_pct=92.4, intake_pwm=198, exhaust_pwm=43, relay=ON",2026-07-08 11:15:31.485553+00,,,,,,,,,,,true
5e42ff4d-b314-4759-8e9a-0e45cd3a7bff,77211883-4c4d-4c93-ad77-9456d4aba557,69527257-2ee0-48be-a172-dbed4bc62b1b,2026-07-08 17:03:33.564354+00,28628453,28627,fuzzy_strong_heating,27.30,76.90,,,27.13,3118,true,176,50,-57,"method=fuzzy_time_proportioning, target=28-30C, temp_filtered=27.35, error=1.65, trend_c_per_min=-0.19, heater_demand_pct=74.0, intake_pwm=176, exhaust_pwm=50, relay=ON",2026-07-08 17:03:33.564354+00,,,,,,,,,,,true
5e4ca1a4-f7a7-462b-a8e3-ec2af4575556,77211883-4c4d-4c93-ad77-9456d4aba557,69527257-2ee0-48be-a172-dbed4bc62b1b,2026-07-08 10:02:01.668647+00,3338276,3337,fuzzy_strong_heating,26.20,70.40,25.70,65.20,26.63,3122,true,209,40,-55,"method=fuzzy_time_proportioning, target=28-30C, temp_filtered=26.20, error=2.80, trend_c_per_min=-0.00, heater_demand_pct=100.0, intake_pwm=209, exhaust_pwm=40, relay=ON",2026-07-08 10:02:01.668647+00,,,,,,,,,,,true
5e5941bf-359a-4759-801c-e5288b61f921,77211883-4c4d-4c93-ad77-9456d4aba557,69527257-2ee0-48be-a172-dbed4bc62b1b,2026-07-08 17:12:02.622495+00,29138529,29137,fuzzy_strong_heating,27.40,77.30,,,27.19,3136,true,180,50,-58,"method=fuzzy_time_proportioning, target=28-30C, temp_filtered=27.40, error=1.60, trend_c_per_min=0.02, heater_demand_pct=80.0, intake_pwm=180, exhaust_pwm=50, relay=ON",2026-07-08 17:12:02.622495+00,,,,,,,,,,,true
5e9cd29f-8b8c-4293-a43d-82095a3c97f9,77211883-4c4d-4c93-ad77-9456d4aba557,69527257-2ee0-48be-a172-dbed4bc62b1b,2026-07-08 17:09:04.790577+00,28958540,28957,fuzzy_strong_heating,27.40,77.20,,,27.19,3138,true,180,50,-57,"method=fuzzy_time_proportioning, target=28-30C, temp_filtered=27.39, error=1.61, trend_c_per_min=0.04, heater_demand_pct=80.0, intake_pwm=180, exhaust_pwm=50, relay=ON",2026-07-08 17:09:04.790577+00,,,,,,,,,,,true
5eba0597-a881-455d-8629-bd3bcc6fe02b,77211883-4c4d-4c93-ad77-9456d4aba557,69527257-2ee0-48be-a172-dbed4bc62b1b,2026-07-08 18:28:25.264916+00,33698529,33697,fuzzy_strong_heating,25.60,64.80,25.00,61.80,26.38,3063,true,210,40,-52,"method=fuzzy_time_proportioning, target=28-30C, temp_filtered=25.60, error=3.40, trend_c_per_min=0.00, heater_demand_pct=100.0, intake_pwm=210, exhaust_pwm=40, relay=ON",2026-07-08 18:28:25.264916+00,,,,,0.6,3,,,,,true
5ed5bf0b-e7a5-419d-aece-34d82db9ff52,77211883-4c4d-4c93-ad77-9456d4aba557,69527257-2ee0-48be-a172-dbed4bc62b1b,2026-07-08 18:20:02.426589+00,33218529,33217,fuzzy_strong_heating,25.70,65.70,25.30,61.90,26.44,3130,true,210,40,-52,"method=fuzzy_time_proportioning, target=28-30C, temp_filtered=25.70, error=3.30, trend_c_per_min=0.00, heater_demand_pct=100.0, intake_pwm=210, exhaust_pwm=40, relay=ON",2026-07-08 18:20:02.426589+00,,,,,0.4,3.8,,,,,true
5f231bad-972e-40ed-b4ef-238f8370561b,77211883-4c4d-4c93-ad77-9456d4aba557,69527257-2ee0-48be-a172-dbed4bc62b1b,2026-07-08 10:28:32.074389+00,4928276,4927,fuzzy_strong_heating,26.80,82.00,26.80,73.60,26.75,3111,true,181,68,-53,"method=fuzzy_time_proportioning, target=28-30C, temp_filtered=26.80, error=2.20, trend_c_per_min=0.00, heater_demand_pct=75.0, intake_pwm=181, exhaust_pwm=68, relay=ON",2026-07-08 10:28:32.074389+00,,,,,,,,,,,true
5f67d9b6-a901-43ca-8c7a-8b87b019c9e2,77211883-4c4d-4c93-ad77-9456d4aba557,69527257-2ee0-48be-a172-dbed4bc62b1b,2026-07-08 09:28:31.1662+00,1328276,1327,fuzzy_strong_heating,26.80,79.20,26.40,71.70,26.75,3122,true,185,55,-56,"method=fuzzy_time_proportioning, target=28-30C, temp_filtered=26.80, error=2.20, trend_c_per_min=-0.01, heater_demand_pct=81.0, intake_pwm=185, exhaust_pwm=55, relay=ON",2026-07-08 09:28:31.1662+00,,,,,,,,,,,true
5f70a598-257f-4cbd-9b05-c287e61f55ea,77211883-4c4d-4c93-ad77-9456d4aba557,69527257-2ee0-48be-a172-dbed4bc62b1b,2026-07-08 13:23:01.188389+00,15398449,15397,fuzzy_strong_heating,26.60,75.40,,,26.69,3122,true,194,45,-54,"method=fuzzy_time_proportioning, target=28-30C, temp_filtered=26.60, error=2.40, trend_c_per_min=-0.00, heater_demand_pct=90.0, intake_pwm=194, exhaust_pwm=45, relay=ON",2026-07-08 13:23:01.188389+00,,,,,,,,,,,true
600c464c-61ba-4ab9-a50c-928904d5617e,77211883-4c4d-4c93-ad77-9456d4aba557,69527257-2ee0-48be-a172-dbed4bc62b1b,2026-07-08 16:06:31.361346+00,25208438,25207,fuzzy_strong_heating,27.30,77.10,,,27.13,3139,true,180,50,-52,"method=fuzzy_time_proportioning, target=28-30C, temp_filtered=27.30, error=1.70, trend_c_per_min=0.00, heater_demand_pct=80.0, intake_pwm=180, exhaust_pwm=50, relay=ON",2026-07-08 16:06:31.361346+00,,,,,,,,,,,true
60c9bba0-77a6-4a79-96ec-4ecd46f0f0dc,77211883-4c4d-4c93-ad77-9456d4aba557,69527257-2ee0-48be-a172-dbed4bc62b1b,2026-07-08 16:05:02.297009+00,25118438,25117,fuzzy_strong_heating,27.30,77.00,,,27.06,3137,true,180,50,-53,"method=fuzzy_time_proportioning, target=28-30C, temp_filtered=27.30, error=1.70, trend_c_per_min=0.00, heater_demand_pct=80.0, intake_pwm=180, exhaust_pwm=50, relay=ON",2026-07-08 16:05:02.297009+00,,,,,,,,,,,true
60cd73d6-4cb4-4be4-8f26-c98f485b4ac7,77211883-4c4d-4c93-ad77-9456d4aba557,69527257-2ee0-48be-a172-dbed4bc62b1b,2026-07-08 15:08:01.675595+00,21698438,21697,fuzzy_strong_heating,27.20,76.60,,,27.00,3114,true,180,50,-53,"method=fuzzy_time_proportioning, target=28-30C, temp_filtered=27.20, error=1.80, trend_c_per_min=0.00, heater_demand_pct=80.0, intake_pwm=180, exhaust_pwm=50, relay=ON",2026-07-08 15:08:01.675595+00,,,,,,,,,,,true
610fc6cf-2334-4179-94d2-12852c56172f,77211883-4c4d-4c93-ad77-9456d4aba557,69527257-2ee0-48be-a172-dbed4bc62b1b,2026-07-08 10:44:01.662342+00,5858276,5857,fuzzy_strong_heating,27.20,83.90,27.10,74.60,26.94,3118,true,176,72,-58,"method=fuzzy_time_proportioning, target=28-30C, temp_filtered=27.20, error=1.80, trend_c_per_min=0.00, heater_demand_pct=70.7, intake_pwm=176, exhaust_pwm=72, relay=ON",2026-07-08 10:44:01.662342+00,,,,,,,,,,,true
61229f9f-615f-430a-9e2f-2d3b7651a687,77211883-4c4d-4c93-ad77-9456d4aba557,69527257-2ee0-48be-a172-dbed4bc62b1b,2026-07-08 13:30:31.704809+00,15848449,15847,fuzzy_strong_heating,26.20,70.90,,,26.56,3120,true,209,40,-52,"method=fuzzy_time_proportioning, target=28-30C, temp_filtered=26.20, error=2.80, trend_c_per_min=-0.00, heater_demand_pct=100.0, intake_pwm=209, exhaust_pwm=40, relay=ON",2026-07-08 13:30:31.704809+00,,,,,,,,,,,true
613a7b57-f919-4460-aa8e-2f22c0076283,77211883-4c4d-4c93-ad77-9456d4aba557,69527257-2ee0-48be-a172-dbed4bc62b1b,2026-07-08 09:35:00.737152+00,1718276,1717,fuzzy_strong_heating,26.30,73.30,25.60,68.10,26.56,3131,true,206,41,-51,"method=fuzzy_time_proportioning, target=28-30C, temp_filtered=26.30, error=2.70, trend_c_per_min=-0.01, heater_demand_pct=97.5, intake_pwm=206, exhaust_pwm=41, relay=ON",2026-07-08 09:35:00.737152+00,,,,,,,,,,,true
6171f40b-26fa-400e-b319-d8f9d19f8a94,77211883-4c4d-4c93-ad77-9456d4aba557,69527257-2ee0-48be-a172-dbed4bc62b1b,2026-07-08 13:05:33.448652+00,14348417,14347,fuzzy_strong_heating,26.30,71.20,,,26.56,3122,true,206,41,-53,"method=fuzzy_time_proportioning, target=28-30C, temp_filtered=26.30, error=2.70, trend_c_per_min=-0.00, heater_demand_pct=97.5, intake_pwm=206, exhaust_pwm=41, relay=ON",2026-07-08 13:05:33.448652+00,,,,,,,,,,,true
6185c9f6-f8da-4e2d-9e76-6eb41430b5da,77211883-4c4d-4c93-ad77-9456d4aba557,69527257-2ee0-48be-a172-dbed4bc62b1b,2026-07-08 18:19:05.039262+00,33158529,33157,fuzzy_strong_heating,25.70,65.90,25.30,62.10,26.44,3158,true,210,40,-53,"method=fuzzy_time_proportioning, target=28-30C, temp_filtered=25.70, error=3.30, trend_c_per_min=0.00, heater_demand_pct=100.0, intake_pwm=210, exhaust_pwm=40, relay=ON",2026-07-08 18:19:05.039262+00,,,,,0.4,3.8,,,,,true
619399a2-b9d9-469a-b06d-b0b06c8a67bd,77211883-4c4d-4c93-ad77-9456d4aba557,69527257-2ee0-48be-a172-dbed4bc62b1b,2026-07-08 18:06:01.99979+00,32378529,32377,fuzzy_strong_heating,25.90,67.70,25.40,63.50,26.63,3117,true,210,40,-50,"method=fuzzy_time_proportioning, target=28-30C, temp_filtered=25.91, error=3.09, trend_c_per_min=-0.04, heater_demand_pct=100.0, intake_pwm=210, exhaust_pwm=40, relay=ON",2026-07-08 18:06:01.99979+00,,,,,0.5,4.2,,,,,true
620df7a8-0697-4369-90c2-195b4827cfa2,77211883-4c4d-4c93-ad77-9456d4aba557,69527257-2ee0-48be-a172-dbed4bc62b1b,2026-07-08 17:39:31.588185+00,30788529,30787,fuzzy_strong_heating,27.40,77.00,,,27.19,3136,true,180,50,-70,"method=fuzzy_time_proportioning, target=28-30C, temp_filtered=27.39, error=1.61, trend_c_per_min=0.05, heater_demand_pct=80.0, intake_pwm=180, exhaust_pwm=50, relay=ON",2026-07-08 17:39:31.588185+00,,,,,,,,,,,true
622f73a5-9353-4865-898d-c748ce7df90c,77211883-4c4d-4c93-ad77-9456d4aba557,69527257-2ee0-48be-a172-dbed4bc62b1b,2026-07-08 13:46:31.998182+00,16808438,16807,fuzzy_strong_heating,26.60,75.80,,,26.69,3120,true,194,45,-59,"method=fuzzy_time_proportioning, target=28-30C, temp_filtered=26.60, error=2.40, trend_c_per_min=-0.00, heater_demand_pct=90.0, intake_pwm=194, exhaust_pwm=45, relay=ON",2026-07-08 13:46:31.998182+00,,,,,,,,,,,true
62bf2c2b-681c-43bf-a3ef-da66d6e54399,77211883-4c4d-4c93-ad77-9456d4aba557,69527257-2ee0-48be-a172-dbed4bc62b1b,2026-07-08 12:12:31.039158+00,11168417,11167,fuzzy_strong_heating,26.50,72.20,,,26.63,3120,true,200,43,-55,"method=fuzzy_time_proportioning, target=28-30C, temp_filtered=26.46, error=2.54, trend_c_per_min=0.14, heater_demand_pct=93.4, intake_pwm=200, exhaust_pwm=43, relay=ON",2026-07-08 12:12:31.039158+00,,,,,,,,,,,true
62ee40c8-714d-4a5f-9524-ff98773224cd,77211883-4c4d-4c93-ad77-9456d4aba557,69527257-2ee0-48be-a172-dbed4bc62b1b,2026-07-08 14:19:31.684995+00,18788438,18787,fuzzy_strong_heating,26.30,71.70,,,26.56,3133,true,206,41,-57,"method=fuzzy_time_proportioning, target=28-30C, temp_filtered=26.30, error=2.70, trend_c_per_min=0.00, heater_demand_pct=97.5, intake_pwm=206, exhaust_pwm=41, relay=ON",2026-07-08 14:19:31.684995+00,,,,,,,,,,,true
630184cd-33e1-4b73-8cde-71c3ff219a48,77211883-4c4d-4c93-ad77-9456d4aba557,69527257-2ee0-48be-a172-dbed4bc62b1b,2026-07-08 13:58:02.033756+00,17498438,17497,fuzzy_strong_heating,26.10,74.60,,,26.50,3109,true,209,40,-53,"method=fuzzy_time_proportioning, target=28-30C, temp_filtered=26.10, error=2.90, trend_c_per_min=-0.01, heater_demand_pct=100.0, intake_pwm=209, exhaust_pwm=40, relay=ON",2026-07-08 13:58:02.033756+00,,,,,,,,,,,true
63153543-436e-4d51-aa9b-132582cc859b,77211883-4c4d-4c93-ad77-9456d4aba557,69527257-2ee0-48be-a172-dbed4bc62b1b,2026-07-08 09:32:31.556337+00,1568276,1567,fuzzy_strong_heating,26.50,74.80,25.80,69.10,26.63,3113,true,198,43,-51,"method=fuzzy_time_proportioning, target=28-30C, temp_filtered=26.50, error=2.50, trend_c_per_min=-0.01, heater_demand_pct=92.5, intake_pwm=198, exhaust_pwm=43, relay=ON",2026-07-08 09:32:31.556337+00,,,,,,,,,,,true
633ae3b5-d8e7-49a2-a5a0-90283e65a3ff,77211883-4c4d-4c93-ad77-9456d4aba557,69527257-2ee0-48be-a172-dbed4bc62b1b,2026-07-08 09:24:31.635042+00,1088276,1087,fuzzy_strong_heating,26.70,81.80,26.50,74.20,26.88,4095,true,184,66,-56,"method=fuzzy_time_proportioning, target=28-30C, temp_filtered=26.69, error=2.31, trend_c_per_min=0.03, heater_demand_pct=77.2, intake_pwm=184, exhaust_pwm=66, relay=ON",2026-07-08 09:24:31.635042+00,,,,,,,,,,,true
635c02db-1fcc-49d8-a729-38799333ccb9,77211883-4c4d-4c93-ad77-9456d4aba557,69527257-2ee0-48be-a172-dbed4bc62b1b,2026-07-08 14:52:01.708718+00,20738438,20737,fuzzy_strong_heating,27.10,75.70,,,26.88,3139,true,180,50,-53,"method=fuzzy_time_proportioning, target=28-30C, temp_filtered=27.10, error=1.90, trend_c_per_min=0.00, heater_demand_pct=80.0, intake_pwm=180, exhaust_pwm=50, relay=ON",2026-07-08 14:52:01.708718+00,,,,,,,,,,,true
63c01722-2217-4005-a4a4-c6925a082e9b,77211883-4c4d-4c93-ad77-9456d4aba557,69527257-2ee0-48be-a172-dbed4bc62b1b,2026-07-08 13:21:32.382002+00,15308449,15307,fuzzy_strong_heating,26.60,77.10,,,26.69,3110,true,194,45,-52,"method=fuzzy_time_proportioning, target=28-30C, temp_filtered=26.61, error=2.39, trend_c_per_min=-0.03, heater_demand_pct=89.8, intake_pwm=194, exhaust_pwm=45, relay=ON",2026-07-08 13:21:32.382002+00,,,,,,,,,,,true
64790945-124e-4bf7-955a-839b564454cb,77211883-4c4d-4c93-ad77-9456d4aba557,69527257-2ee0-48be-a172-dbed4bc62b1b,2026-07-08 14:54:31.746153+00,20888438,20887,fuzzy_strong_heating,27.10,75.90,,,26.88,3139,true,180,50,-53,"method=fuzzy_time_proportioning, target=28-30C, temp_filtered=27.10, error=1.90, trend_c_per_min=0.00, heater_demand_pct=80.0, intake_pwm=180, exhaust_pwm=50, relay=ON",2026-07-08 14:54:31.746153+00,,,,,,,,,,,true
6480e511-3a02-42d5-a945-c913b831caed,77211883-4c4d-4c93-ad77-9456d4aba557,69527257-2ee0-48be-a172-dbed4bc62b1b,2026-07-08 16:44:01.352712+00,27458438,27457,fuzzy_strong_heating,27.40,77.20,,,27.13,3114,true,180,50,-57,"method=fuzzy_time_proportioning, target=28-30C, temp_filtered=27.37, error=1.63, trend_c_per_min=0.10, heater_demand_pct=80.0, intake_pwm=180, exhaust_pwm=50, relay=ON",2026-07-08 16:44:01.352712+00,,,,,,,,,,,true
64962160-05cc-42f6-bdf9-d153fa301768,77211883-4c4d-4c93-ad77-9456d4aba557,69527257-2ee0-48be-a172-dbed4bc62b1b,2026-07-08 12:40:01.230303+00,12818417,12817,fuzzy_strong_heating,26.30,71.40,,,26.63,3133,true,206,41,-55,"method=fuzzy_time_proportioning, target=28-30C, temp_filtered=26.30, error=2.70, trend_c_per_min=-0.01, heater_demand_pct=97.5, intake_pwm=206, exhaust_pwm=41, relay=ON",2026-07-08 12:40:01.230303+00,,,,,,,,,,,true
64c19923-8af4-400d-b661-09c07cd3eb44,77211883-4c4d-4c93-ad77-9456d4aba557,69527257-2ee0-48be-a172-dbed4bc62b1b,2026-07-08 15:57:31.366652+00,24668438,24667,fuzzy_strong_heating,27.30,77.30,,,27.06,3135,true,180,50,-52,"method=fuzzy_time_proportioning, target=28-30C, temp_filtered=27.30, error=1.70, trend_c_per_min=0.00, heater_demand_pct=80.0, intake_pwm=180, exhaust_pwm=50, relay=ON",2026-07-08 15:57:31.366652+00,,,,,,,,,,,true
64c2a8c6-6929-4365-ad59-06b3baf96f51,77211883-4c4d-4c93-ad77-9456d4aba557,69527257-2ee0-48be-a172-dbed4bc62b1b,2026-07-08 17:22:31.978334+00,29768529,29767,fuzzy_strong_heating,27.40,77.30,,,27.19,3131,true,180,50,-54,"method=fuzzy_time_proportioning, target=28-30C, temp_filtered=27.40, error=1.60, trend_c_per_min=0.00, heater_demand_pct=80.0, intake_pwm=180, exhaust_pwm=50, relay=ON",2026-07-08 17:22:31.978334+00,,,,,,,,,,,true
64c65937-3c21-45ac-aca8-ec8cef5c88e6,77211883-4c4d-4c93-ad77-9456d4aba557,69527257-2ee0-48be-a172-dbed4bc62b1b,2026-07-08 17:38:02.338536+00,30698529,30697,fuzzy_strong_heating,27.40,76.20,,,27.19,3114,true,180,50,-59,"method=fuzzy_time_proportioning, target=28-30C, temp_filtered=27.40, error=1.60, trend_c_per_min=0.01, heater_demand_pct=80.0, intake_pwm=180, exhaust_pwm=50, relay=ON",2026-07-08 17:38:02.338536+00,,,,,,,,,,,true
64f40b6b-a37a-4e32-8b6f-9ace7fec8df7,77211883-4c4d-4c93-ad77-9456d4aba557,69527257-2ee0-48be-a172-dbed4bc62b1b,2026-07-08 15:33:32.52866+00,23228438,23227,fuzzy_strong_heating,27.30,77.40,,,27.00,3120,true,180,50,-53,"method=fuzzy_time_proportioning, target=28-30C, temp_filtered=27.30, error=1.70, trend_c_per_min=0.00, heater_demand_pct=80.0, intake_pwm=180, exhaust_pwm=50, relay=ON",2026-07-08 15:33:32.52866+00,,,,,,,,,,,true
65096f27-0d75-4694-b805-3eeba263e212,77211883-4c4d-4c93-ad77-9456d4aba557,69527257-2ee0-48be-a172-dbed4bc62b1b,2026-07-08 09:49:01.609064+00,2558276,2557,fuzzy_strong_heating,26.70,77.20,26.30,70.20,26.75,3138,true,188,46,-55,"method=fuzzy_time_proportioning, target=28-30C, temp_filtered=26.72, error=2.28, trend_c_per_min=-0.07, heater_demand_pct=84.9, intake_pwm=188, exhaust_pwm=46, relay=ON",2026-07-08 09:49:01.609064+00,,,,,,,,,,,true
652d7286-365e-4b8c-9084-0ca9f42b3750,77211883-4c4d-4c93-ad77-9456d4aba557,69527257-2ee0-48be-a172-dbed4bc62b1b,2026-07-08 13:03:01.956555+00,14198417,14197,fuzzy_strong_heating,26.40,72.60,,,26.63,3127,true,202,42,-52,"method=fuzzy_time_proportioning, target=28-30C, temp_filtered=26.39, error=2.61, trend_c_per_min=0.04, heater_demand_pct=95.3, intake_pwm=202, exhaust_pwm=42, relay=ON",2026-07-08 13:03:01.956555+00,,,,,,,,,,,true
6595688c-1fc1-465e-a605-992689c6da60,77211883-4c4d-4c93-ad77-9456d4aba557,69527257-2ee0-48be-a172-dbed4bc62b1b,2026-07-08 09:13:30.992782+00,428476,427,fuzzy_strong_heating,26.40,75.20,25.70,69.40,26.88,3179,true,201,42,-56,"method=fuzzy_time_proportioning, target=28-30C, temp_filtered=26.41, error=2.59, trend_c_per_min=-0.05, heater_demand_pct=94.1, intake_pwm=201, exhaust_pwm=42, relay=ON",2026-07-08 09:13:30.992782+00,,,,,,,,,,,true
65bc0356-1a77-4228-a242-99a279f6ce4a,77211883-4c4d-4c93-ad77-9456d4aba557,69527257-2ee0-48be-a172-dbed4bc62b1b,2026-07-08 12:57:01.506704+00,13838417,13837,fuzzy_strong_heating,26.60,76.20,,,26.75,3135,true,194,45,-55,"method=fuzzy_time_proportioning, target=28-30C, temp_filtered=26.60, error=2.40, trend_c_per_min=-0.01, heater_demand_pct=90.0, intake_pwm=194, exhaust_pwm=45, relay=ON",2026-07-08 12:57:01.506704+00,,,,,,,,,,,true
65f9aad8-fdba-47ee-be4c-1a501259cabc,77211883-4c4d-4c93-ad77-9456d4aba557,69527257-2ee0-48be-a172-dbed4bc62b1b,2026-07-08 13:07:32.006033+00,14468448,14467,fuzzy_strong_heating,26.20,70.40,,,26.56,3118,true,209,40,-51,"method=fuzzy_time_proportioning, target=28-30C, temp_filtered=26.20, error=2.80, trend_c_per_min=-0.00, heater_demand_pct=100.0, intake_pwm=209, exhaust_pwm=40, relay=ON",2026-07-08 13:07:32.006033+00,,,,,,,,,,,true
6618e9d2-33e1-429e-b4e2-e5c1aab99244,77211883-4c4d-4c93-ad77-9456d4aba557,69527257-2ee0-48be-a172-dbed4bc62b1b,2026-07-08 13:22:02.06005+00,15338449,15337,fuzzy_strong_heating,26.60,76.40,,,26.69,3115,true,194,45,-52,"method=fuzzy_time_proportioning, target=28-30C, temp_filtered=26.60, error=2.40, trend_c_per_min=-0.00, heater_demand_pct=90.0, intake_pwm=194, exhaust_pwm=45, relay=ON",2026-07-08 13:22:02.06005+00,,,,,,,,,,,true
66534197-f428-49b6-8d0a-5753e328e578,77211883-4c4d-4c93-ad77-9456d4aba557,69527257-2ee0-48be-a172-dbed4bc62b1b,2026-07-08 11:08:31.423489+00,7328366,7327,fuzzy_strong_heating,26.90,79.60,,,26.88,3129,true,181,59,-55,"method=fuzzy_time_proportioning, target=28-30C, temp_filtered=26.91, error=2.09, trend_c_per_min=-0.03, heater_demand_pct=77.8, intake_pwm=181, exhaust_pwm=59, relay=ON",2026-07-08 11:08:31.423489+00,,,,,,,,,,,true
667e7aca-98bb-461f-937d-65023e571259,77211883-4c4d-4c93-ad77-9456d4aba557,69527257-2ee0-48be-a172-dbed4bc62b1b,2026-07-08 09:07:31.326199+00,68476,67,fuzzy_strong_heating,26.40,81.20,26.20,73.90,26.94,3162,true,193,61,-57,"method=fuzzy_time_proportioning, target=28-30C, temp_filtered=26.40, error=2.60, trend_c_per_min=0.00, heater_demand_pct=83.6, intake_pwm=193, exhaust_pwm=61, relay=ON",2026-07-08 09:07:31.326199+00,,,,,,,,,,,true
679e6ad1-4ded-44dc-98eb-cbaa461a95cb,77211883-4c4d-4c93-ad77-9456d4aba557,69527257-2ee0-48be-a172-dbed4bc62b1b,2026-07-08 09:42:00.820861+00,2138276,2137,fuzzy_strong_heating,26.40,80.80,26.10,73.80,26.63,3142,true,194,59,-52,"method=fuzzy_time_proportioning, target=28-30C, temp_filtered=26.40, error=2.60, trend_c_per_min=0.00, heater_demand_pct=84.6, intake_pwm=194, exhaust_pwm=59, relay=ON",2026-07-08 09:42:00.820861+00,,,,,,,,,,,true
67d9fddc-cc1a-4900-bb7f-d4f848c16dcd,77211883-4c4d-4c93-ad77-9456d4aba557,69527257-2ee0-48be-a172-dbed4bc62b1b,2026-07-08 12:17:03.973421+00,11438417,11437,fuzzy_strong_heating,26.30,70.20,,,26.63,3131,true,206,41,-58,"method=fuzzy_time_proportioning, target=28-30C, temp_filtered=26.31, error=2.69, trend_c_per_min=-0.02, heater_demand_pct=97.4, intake_pwm=206, exhaust_pwm=41, relay=ON",2026-07-08 12:17:03.973421+00,,,,,,,,,,,true
683ec1f2-e530-491c-9fb3-e92d4fe51269,77211883-4c4d-4c93-ad77-9456d4aba557,69527257-2ee0-48be-a172-dbed4bc62b1b,2026-07-08 11:00:01.508145+00,6818355,6817,fuzzy_soft_heating,27.00,87.70,26.90,78.40,26.88,3116,true,173,72,-55,"method=fuzzy_time_proportioning, target=28-30C, temp_filtered=27.05, error=1.95, trend_c_per_min=-0.18, heater_demand_pct=66.9, intake_pwm=173, exhaust_pwm=72, relay=ON",2026-07-08 11:00:01.508145+00,,,,,,,,,,,true
68cee66a-83f1-4a22-8908-eebf27a5127d,77211883-4c4d-4c93-ad77-9456d4aba557,69527257-2ee0-48be-a172-dbed4bc62b1b,2026-07-08 17:51:02.020851+00,31478529,31477,fuzzy_strong_heating,26.50,70.90,26.10,65.70,26.88,3127,true,189,45,-52,"method=fuzzy_time_proportioning, target=28-30C, temp_filtered=26.54, error=2.46, trend_c_per_min=-0.15, heater_demand_pct=83.7, intake_pwm=189, exhaust_pwm=45, relay=ON",2026-07-08 17:51:02.020851+00,,,,,,,,,,,true
69455107-31b5-445d-a45b-9a00bcdc1572,77211883-4c4d-4c93-ad77-9456d4aba557,69527257-2ee0-48be-a172-dbed4bc62b1b,2026-07-08 14:14:01.6346+00,18458438,18457,fuzzy_strong_heating,26.40,73.00,,,26.63,3114,true,198,43,-53,"method=fuzzy_time_proportioning, target=28-30C, temp_filtered=26.42, error=2.58, trend_c_per_min=-0.07, heater_demand_pct=91.7, intake_pwm=198, exhaust_pwm=43, relay=ON",2026-07-08 14:14:01.6346+00,,,,,,,,,,,true
698d5b56-1c22-4402-bf08-dcd1ae8d9e54,77211883-4c4d-4c93-ad77-9456d4aba557,69527257-2ee0-48be-a172-dbed4bc62b1b,2026-07-08 16:44:32.308597+00,27488438,27487,fuzzy_strong_heating,27.40,77.20,,,27.13,3111,true,180,50,-56,"method=fuzzy_time_proportioning, target=28-30C, temp_filtered=27.39, error=1.61, trend_c_per_min=0.04, heater_demand_pct=80.0, intake_pwm=180, exhaust_pwm=50, relay=ON",2026-07-08 16:44:32.308597+00,,,,,,,,,,,true
6a1f294b-909a-4464-aca1-35580caa1ac4,77211883-4c4d-4c93-ad77-9456d4aba557,69527257-2ee0-48be-a172-dbed4bc62b1b,2026-07-08 13:13:02.643831+00,14798449,14797,fuzzy_strong_heating,26.30,77.20,,,26.63,3136,true,206,41,-52,"method=fuzzy_time_proportioning, target=28-30C, temp_filtered=26.30, error=2.70, trend_c_per_min=0.00, heater_demand_pct=97.5, intake_pwm=206, exhaust_pwm=41, relay=ON",2026-07-08 13:13:02.643831+00,,,,,,,,,,,true
6a49648f-a953-4aa6-be8e-a848a22f1e88,77211883-4c4d-4c93-ad77-9456d4aba557,69527257-2ee0-48be-a172-dbed4bc62b1b,2026-07-08 13:27:32.014203+00,15668449,15667,fuzzy_strong_heating,26.30,72.40,,,26.63,3127,true,206,41,-53,"method=fuzzy_time_proportioning, target=28-30C, temp_filtered=26.31, error=2.69, trend_c_per_min=-0.02, heater_demand_pct=97.4, intake_pwm=206, exhaust_pwm=41, relay=ON",2026-07-08 13:27:32.014203+00,,,,,,,,,,,true
6ac3ce0c-ea5f-408c-952d-a0fe79b25a21,77211883-4c4d-4c93-ad77-9456d4aba557,69527257-2ee0-48be-a172-dbed4bc62b1b,2026-07-08 17:36:31.930884+00,30608529,30607,fuzzy_strong_heating,27.30,76.30,,,27.19,3119,true,175,50,-60,"method=fuzzy_time_proportioning, target=28-30C, temp_filtered=27.36, error=1.64, trend_c_per_min=-0.26, heater_demand_pct=72.5, intake_pwm=175, exhaust_pwm=50, relay=ON",2026-07-08 17:36:31.930884+00,,,,,,,,,,,true
6b64eab3-ecbc-4faf-8dd3-37adad0fcde5,77211883-4c4d-4c93-ad77-9456d4aba557,69527257-2ee0-48be-a172-dbed4bc62b1b,2026-07-08 12:37:01.603091+00,12638417,12637,fuzzy_strong_heating,26.40,73.00,,,26.63,3135,true,194,44,-61,"method=fuzzy_time_proportioning, target=28-30C, temp_filtered=26.43, error=2.57, trend_c_per_min=-0.10, heater_demand_pct=88.2, intake_pwm=194, exhaust_pwm=44, relay=ON",2026-07-08 12:37:01.603091+00,,,,,,,,,,,true
6b6fbce2-b969-43dd-bb83-9cbe6cf855d7,77211883-4c4d-4c93-ad77-9456d4aba557,69527257-2ee0-48be-a172-dbed4bc62b1b,2026-07-08 16:19:01.372262+00,25958438,25957,fuzzy_strong_heating,27.30,76.80,,,27.06,3152,true,180,50,-52,"method=fuzzy_time_proportioning, target=28-30C, temp_filtered=27.30, error=1.70, trend_c_per_min=0.00, heater_demand_pct=80.0, intake_pwm=180, exhaust_pwm=50, relay=ON",2026-07-08 16:19:01.372262+00,,,,,,,,,,,true
6bae411f-72b5-4f06-909b-44d526b7e0fa,77211883-4c4d-4c93-ad77-9456d4aba557,69527257-2ee0-48be-a172-dbed4bc62b1b,2026-07-08 18:15:31.980346+00,32948529,32947,fuzzy_strong_heating,25.70,66.40,25.10,62.90,26.44,3133,true,210,40,-55,"method=fuzzy_time_proportioning, target=28-30C, temp_filtered=25.71, error=3.29, trend_c_per_min=-0.03, heater_demand_pct=100.0, intake_pwm=210, exhaust_pwm=40, relay=ON",2026-07-08 18:15:31.980346+00,,,,,0.6,3.5,,,,,true
6c6f8f63-b706-41c7-8391-756c31ea9218,77211883-4c4d-4c93-ad77-9456d4aba557,69527257-2ee0-48be-a172-dbed4bc62b1b,2026-07-08 12:55:31.839571+00,13748417,13747,fuzzy_strong_heating,26.70,77.80,,,26.69,3115,true,191,46,-55,"method=fuzzy_time_proportioning, target=28-30C, temp_filtered=26.70, error=2.30, trend_c_per_min=0.00, heater_demand_pct=87.5, intake_pwm=191, exhaust_pwm=46, relay=ON",2026-07-08 12:55:31.839571+00,,,,,,,,,,,true
6c7f4504-2690-41b1-8328-ebe6a7e31932,77211883-4c4d-4c93-ad77-9456d4aba557,69527257-2ee0-48be-a172-dbed4bc62b1b,2026-07-08 13:49:31.605453+00,16988438,16987,fuzzy_strong_heating,26.40,73.50,,,26.63,3151,true,202,42,-58,"method=fuzzy_time_proportioning, target=28-30C, temp_filtered=26.40, error=2.60, trend_c_per_min=-0.01, heater_demand_pct=95.0, intake_pwm=202, exhaust_pwm=42, relay=ON",2026-07-08 13:49:31.605453+00,,,,,,,,,,,true
6ca49a47-eafb-48ce-9b39-5331f3eb2d6b,77211883-4c4d-4c93-ad77-9456d4aba557,69527257-2ee0-48be-a172-dbed4bc62b1b,2026-07-08 09:59:01.720239+00,3158276,3157,fuzzy_strong_heating,26.30,71.40,25.90,66.00,26.63,3113,true,206,41,-51,"method=fuzzy_time_proportioning, target=28-30C, temp_filtered=26.30, error=2.70, trend_c_per_min=-0.00, heater_demand_pct=97.5, intake_pwm=206, exhaust_pwm=41, relay=ON",2026-07-08 09:59:01.720239+00,,,,,,,,,,,true
6ccc4493-d018-46d5-8f7c-7254b6d81d99,77211883-4c4d-4c93-ad77-9456d4aba557,69527257-2ee0-48be-a172-dbed4bc62b1b,2026-07-08 10:54:00.858977+00,6458276,6457,fuzzy_soft_heating,27.00,87.40,26.80,78.50,26.88,3137,true,175,79,-53,"method=fuzzy_time_proportioning, target=28-30C, temp_filtered=27.00, error=2.00, trend_c_per_min=0.00, heater_demand_pct=67.5, intake_pwm=175, exhaust_pwm=79, relay=ON",2026-07-08 10:54:00.858977+00,,,,,,,,,,,true
6cccc14c-af0c-4030-9302-82bbf8c6279a,77211883-4c4d-4c93-ad77-9456d4aba557,69527257-2ee0-48be-a172-dbed4bc62b1b,2026-07-08 12:48:01.098077+00,13298417,13297,fuzzy_strong_heating,26.40,77.50,,,26.63,3120,true,203,42,-52,"method=fuzzy_time_proportioning, target=28-30C, temp_filtered=26.39, error=2.61, trend_c_per_min=0.06, heater_demand_pct=95.4, intake_pwm=203, exhaust_pwm=42, relay=ON",2026-07-08 12:48:01.098077+00,,,,,,,,,,,true
6cf4a498-c2f5-4612-9e10-7f6b45415391,77211883-4c4d-4c93-ad77-9456d4aba557,69527257-2ee0-48be-a172-dbed4bc62b1b,2026-07-08 17:41:31.932314+00,30908529,30907,fuzzy_strong_heating,27.30,76.20,,,27.19,3119,true,180,50,-67,"method=fuzzy_time_proportioning, target=28-30C, temp_filtered=27.30, error=1.70, trend_c_per_min=-0.00, heater_demand_pct=80.0, intake_pwm=180, exhaust_pwm=50, relay=ON",2026-07-08 17:41:31.932314+00,,,,,,,,,,,true
6d644fc1-8a5f-4572-a2e1-2c6519396017,77211883-4c4d-4c93-ad77-9456d4aba557,69527257-2ee0-48be-a172-dbed4bc62b1b,2026-07-08 10:19:31.607274+00,4388276,4387,fuzzy_strong_heating,26.20,76.50,26.20,69.70,26.56,3125,true,210,40,-55,"method=fuzzy_time_proportioning, target=28-30C, temp_filtered=26.20, error=2.80, trend_c_per_min=0.00, heater_demand_pct=100.0, intake_pwm=210, exhaust_pwm=40, relay=ON",2026-07-08 10:19:31.607274+00,,,,,,,,,,,true
6d7cb7af-b43e-42f7-be1b-20f554046449,77211883-4c4d-4c93-ad77-9456d4aba557,69527257-2ee0-48be-a172-dbed4bc62b1b,2026-07-08 09:31:01.545753+00,1478276,1477,fuzzy_strong_heating,26.60,75.90,26.00,69.90,26.63,3129,true,194,45,-52,"method=fuzzy_time_proportioning, target=28-30C, temp_filtered=26.60, error=2.40, trend_c_per_min=-0.02, heater_demand_pct=89.9, intake_pwm=194, exhaust_pwm=45, relay=ON",2026-07-08 09:31:01.545753+00,,,,,,,,,,,true
6de6e632-0cef-4470-b7fc-43f51375be4f,77211883-4c4d-4c93-ad77-9456d4aba557,69527257-2ee0-48be-a172-dbed4bc62b1b,2026-07-08 18:03:32.378473+00,32228529,32227,fuzzy_strong_heating,26.00,68.00,25.50,63.60,26.63,3152,true,210,40,-50,"method=fuzzy_time_proportioning, target=28-30C, temp_filtered=26.00, error=3.00, trend_c_per_min=-0.00, heater_demand_pct=100.0, intake_pwm=210, exhaust_pwm=40, relay=ON",2026-07-08 18:03:32.378473+00,,,,,0.5,4.4,,,,,true
6e052392-cf62-4ec0-afb4-693faebc404a,77211883-4c4d-4c93-ad77-9456d4aba557,69527257-2ee0-48be-a172-dbed4bc62b1b,2026-07-08 11:26:31.876008+00,8408417,8407,fuzzy_strong_heating,26.10,71.00,,,26.63,3118,true,210,40,-54,"method=fuzzy_time_proportioning, target=28-30C, temp_filtered=26.12, error=2.88, trend_c_per_min=-0.07, heater_demand_pct=100.0, intake_pwm=210, exhaust_pwm=40, relay=ON",2026-07-08 11:26:31.876008+00,,,,,,,,,,,true
6e2c1204-1172-4516-a6fd-04ac02fa7342,77211883-4c4d-4c93-ad77-9456d4aba557,69527257-2ee0-48be-a172-dbed4bc62b1b,2026-07-08 16:59:36.845437+00,28388464,28387,fuzzy_strong_heating,27.30,77.20,,,27.13,3147,true,175,50,-56,"method=fuzzy_time_proportioning, target=28-30C, temp_filtered=27.36, error=1.64, trend_c_per_min=-0.26, heater_demand_pct=72.5, intake_pwm=175, exhaust_pwm=50, relay=ON",2026-07-08 16:59:36.845437+00,,,,,,,,,,,true
6e3894b5-9c34-4b02-ba16-e5d31bd089b5,77211883-4c4d-4c93-ad77-9456d4aba557,69527257-2ee0-48be-a172-dbed4bc62b1b,2026-07-08 17:07:02.068131+00,28838540,28837,fuzzy_strong_heating,27.30,77.00,,,27.13,3136,true,179,50,-56,"method=fuzzy_time_proportioning, target=28-30C, temp_filtered=27.31, error=1.69, trend_c_per_min=-0.05, heater_demand_pct=79.7, intake_pwm=179, exhaust_pwm=50, relay=ON",2026-07-08 17:07:02.068131+00,,,,,,,,,,,true
6e46c525-e4d9-4a2d-8b97-bb8c48ed5b09,77211883-4c4d-4c93-ad77-9456d4aba557,69527257-2ee0-48be-a172-dbed4bc62b1b,2026-07-08 08:56:43.757141+00,728160,727,baseline_off,26.30,78.70,25.80,66.70,26.94,3169,false,0,0,-57,,2026-07-08 08:56:43.757141+00,,,,,,,,,,,true
6e60fee6-ebf2-44e8-adba-1c436122872f,77211883-4c4d-4c93-ad77-9456d4aba557,69527257-2ee0-48be-a172-dbed4bc62b1b,2026-07-08 15:06:02.347597+00,21578438,21577,fuzzy_strong_heating,27.10,76.60,,,26.94,3146,true,177,50,-55,"method=fuzzy_time_proportioning, target=28-30C, temp_filtered=27.14, error=1.86, trend_c_per_min=-0.14, heater_demand_pct=75.7, intake_pwm=177, exhaust_pwm=50, relay=ON",2026-07-08 15:06:02.347597+00,,,,,,,,,,,true
6e6369a1-ebd3-4064-b7a3-e78717b5f7e9,77211883-4c4d-4c93-ad77-9456d4aba557,69527257-2ee0-48be-a172-dbed4bc62b1b,2026-07-08 11:45:32.18543+00,9548417,9547,fuzzy_strong_heating,26.50,72.70,,,26.69,3114,true,198,43,-52,"method=fuzzy_time_proportioning, target=28-30C, temp_filtered=26.50, error=2.50, trend_c_per_min=-0.00, heater_demand_pct=92.5, intake_pwm=198, exhaust_pwm=43, relay=ON",2026-07-08 11:45:32.18543+00,,,,,,,,,,,true
6e841bef-ffdc-4079-b622-6be34c6acfc0,77211883-4c4d-4c93-ad77-9456d4aba557,69527257-2ee0-48be-a172-dbed4bc62b1b,2026-07-08 17:55:31.664283+00,31748529,31747,fuzzy_strong_heating,26.30,69.70,25.80,65.00,26.75,3140,true,206,41,-49,"method=fuzzy_time_proportioning, target=28-30C, temp_filtered=26.30, error=2.70, trend_c_per_min=-0.00, heater_demand_pct=97.5, intake_pwm=206, exhaust_pwm=41, relay=ON",2026-07-08 17:55:31.664283+00,,,,,,,,,,,true
6eb152e1-4c26-42fb-a04e-280d16f73d63,77211883-4c4d-4c93-ad77-9456d4aba557,69527257-2ee0-48be-a172-dbed4bc62b1b,2026-07-08 13:09:02.078051+00,14558448,14557,fuzzy_strong_heating,26.20,71.30,,,26.56,3118,true,210,40,-53,"method=fuzzy_time_proportioning, target=28-30C, temp_filtered=26.16, error=2.84, trend_c_per_min=0.17, heater_demand_pct=100.0, intake_pwm=210, exhaust_pwm=40, relay=ON",2026-07-08 13:09:02.078051+00,,,,,,,,,,,true
6ef2f67c-13f6-4ad4-82b4-9fa882668657,77211883-4c4d-4c93-ad77-9456d4aba557,69527257-2ee0-48be-a172-dbed4bc62b1b,2026-07-08 14:30:32.236058+00,19448438,19447,fuzzy_strong_heating,26.80,73.60,,,26.81,3135,true,189,46,-57,"method=fuzzy_time_proportioning, target=28-30C, temp_filtered=26.76, error=2.24, trend_c_per_min=0.17, heater_demand_pct=86.1, intake_pwm=189, exhaust_pwm=46, relay=ON",2026-07-08 14:30:32.236058+00,,,,,,,,,,,true
6f19efd5-40bc-45ba-95df-2858435c15f8,77211883-4c4d-4c93-ad77-9456d4aba557,69527257-2ee0-48be-a172-dbed4bc62b1b,2026-07-08 10:13:31.269272+00,4028276,4027,fuzzy_strong_heating,25.90,68.20,25.60,63.40,26.44,3114,true,210,40,-54,"method=fuzzy_time_proportioning, target=28-30C, temp_filtered=25.90, error=3.10, trend_c_per_min=-0.00, heater_demand_pct=100.0, intake_pwm=210, exhaust_pwm=40, relay=ON",2026-07-08 10:13:31.269272+00,,,,,,,,,,,true
6f338545-80f8-4044-b3c5-b464e4df2815,77211883-4c4d-4c93-ad77-9456d4aba557,69527257-2ee0-48be-a172-dbed4bc62b1b,2026-07-08 11:57:31.522042+00,10268417,10267,fuzzy_strong_heating,26.40,75.80,,,26.69,3126,true,203,42,-53,"method=fuzzy_time_proportioning, target=28-30C, temp_filtered=26.37, error=2.63, trend_c_per_min=0.13, heater_demand_pct=95.8, intake_pwm=203, exhaust_pwm=42, relay=ON",2026-07-08 11:57:31.522042+00,,,,,,,,,,,true
6f58de5a-1352-4290-ab68-dde981cdb37e,77211883-4c4d-4c93-ad77-9456d4aba557,69527257-2ee0-48be-a172-dbed4bc62b1b,2026-07-08 16:37:31.39768+00,27068438,27067,fuzzy_strong_heating,27.30,77.20,,,27.13,3120,true,180,50,-57,"method=fuzzy_time_proportioning, target=28-30C, temp_filtered=27.30, error=1.70, trend_c_per_min=-0.01, heater_demand_pct=80.0, intake_pwm=180, exhaust_pwm=50, relay=ON",2026-07-08 16:37:31.39768+00,,,,,,,,,,,true
6f59ab4a-7b58-4df9-a25c-d350aebeaae3,77211883-4c4d-4c93-ad77-9456d4aba557,69527257-2ee0-48be-a172-dbed4bc62b1b,2026-07-08 17:16:31.885582+00,29408529,29407,fuzzy_strong_heating,27.40,77.40,,,27.19,3117,true,180,50,-53,"method=fuzzy_time_proportioning, target=28-30C, temp_filtered=27.38, error=1.62, trend_c_per_min=0.08, heater_demand_pct=80.0, intake_pwm=180, exhaust_pwm=50, relay=ON",2026-07-08 17:16:31.885582+00,,,,,,,,,,,true
6f7c5a0d-80d5-4bda-b4c0-d5ea8f254950,77211883-4c4d-4c93-ad77-9456d4aba557,69527257-2ee0-48be-a172-dbed4bc62b1b,2026-07-08 18:21:02.20421+00,33278529,33277,fuzzy_strong_heating,25.70,65.60,25.20,61.80,26.44,3090,true,210,40,-52,"method=fuzzy_time_proportioning, target=28-30C, temp_filtered=25.70, error=3.30, trend_c_per_min=0.00, heater_demand_pct=100.0, intake_pwm=210, exhaust_pwm=40, relay=ON",2026-07-08 18:21:02.20421+00,,,,,0.5,3.8,,,,,true
6f7e8911-e69c-4d80-a8bd-d8727e911769,77211883-4c4d-4c93-ad77-9456d4aba557,69527257-2ee0-48be-a172-dbed4bc62b1b,2026-07-08 12:51:31.524977+00,13508417,13507,fuzzy_strong_heating,26.60,80.40,,,26.69,3128,true,189,59,-56,"method=fuzzy_time_proportioning, target=28-30C, temp_filtered=26.60, error=2.40, trend_c_per_min=0.02, heater_demand_pct=82.0, intake_pwm=189, exhaust_pwm=59, relay=ON",2026-07-08 12:51:31.524977+00,,,,,,,,,,,true
6f86792c-9dcd-4f9a-b7bd-4b2055cb0951,77211883-4c4d-4c93-ad77-9456d4aba557,69527257-2ee0-48be-a172-dbed4bc62b1b,2026-07-08 10:12:31.342349+00,3968276,3967,fuzzy_strong_heating,25.90,68.20,25.60,63.50,26.50,3135,true,210,40,-56,"method=fuzzy_time_proportioning, target=28-30C, temp_filtered=25.90, error=3.10, trend_c_per_min=-0.01, heater_demand_pct=100.0, intake_pwm=210, exhaust_pwm=40, relay=ON",2026-07-08 10:12:31.342349+00,,,,,,,,,,,true
6f8e4b1c-8e38-404e-8c37-73ca5528d6ef,77211883-4c4d-4c93-ad77-9456d4aba557,69527257-2ee0-48be-a172-dbed4bc62b1b,2026-07-08 09:41:31.222869+00,2108276,2107,fuzzy_strong_heating,26.40,80.70,26.10,74.10,26.63,3130,true,194,59,-71,"method=fuzzy_time_proportioning, target=28-30C, temp_filtered=26.40, error=2.60, trend_c_per_min=0.01, heater_demand_pct=85.0, intake_pwm=194, exhaust_pwm=59, relay=ON",2026-07-08 09:41:31.222869+00,,,,,,,,,,,true
6fcd2dcd-f6d4-4dd0-881c-1ca4e1632914,77211883-4c4d-4c93-ad77-9456d4aba557,69527257-2ee0-48be-a172-dbed4bc62b1b,2026-07-08 09:54:32.071181+00,2888276,2887,fuzzy_strong_heating,26.40,73.70,26.00,67.80,26.69,3134,true,201,42,-52,"method=fuzzy_time_proportioning, target=28-30C, temp_filtered=26.41, error=2.59, trend_c_per_min=-0.05, heater_demand_pct=94.2, intake_pwm=201, exhaust_pwm=42, relay=ON",2026-07-08 09:54:32.071181+00,,,,,,,,,,,true
6fd33ec0-ab68-4048-9ee7-491edf1dcf08,77211883-4c4d-4c93-ad77-9456d4aba557,69527257-2ee0-48be-a172-dbed4bc62b1b,2026-07-08 17:24:32.287357+00,29888529,29887,fuzzy_strong_heating,27.40,77.20,,,27.19,3135,true,180,50,-55,"method=fuzzy_time_proportioning, target=28-30C, temp_filtered=27.38, error=1.62, trend_c_per_min=0.08, heater_demand_pct=80.0, intake_pwm=180, exhaust_pwm=50, relay=ON",2026-07-08 17:24:32.287357+00,,,,,,,,,,,true
700fc797-6344-4ba0-b7e5-e893873ea825,77211883-4c4d-4c93-ad77-9456d4aba557,69527257-2ee0-48be-a172-dbed4bc62b1b,2026-07-08 11:38:31.068186+00,9128417,9127,fuzzy_strong_heating,26.70,78.70,,,26.75,3123,true,189,51,-56,"method=fuzzy_time_proportioning, target=28-30C, temp_filtered=26.70, error=2.30, trend_c_per_min=0.00, heater_demand_pct=84.9, intake_pwm=189, exhaust_pwm=51, relay=ON",2026-07-08 11:38:31.068186+00,,,,,,,,,,,true
7090fb13-1c51-4ffc-9af0-1da113f16627,77211883-4c4d-4c93-ad77-9456d4aba557,69527257-2ee0-48be-a172-dbed4bc62b1b,2026-07-08 09:49:31.800111+00,2588276,2587,fuzzy_strong_heating,26.70,76.70,26.30,69.90,26.75,3139,true,191,46,-52,"method=fuzzy_time_proportioning, target=28-30C, temp_filtered=26.70, error=2.30, trend_c_per_min=-0.01, heater_demand_pct=87.4, intake_pwm=191, exhaust_pwm=46, relay=ON",2026-07-08 09:49:31.800111+00,,,,,,,,,,,true
714ef63f-3fe0-4058-a764-13d89e38e016,77211883-4c4d-4c93-ad77-9456d4aba557,69527257-2ee0-48be-a172-dbed4bc62b1b,2026-07-08 09:45:00.752568+00,2318276,2317,fuzzy_strong_heating,26.70,84.40,26.50,73.90,26.75,3135,true,183,69,-55,"method=fuzzy_time_proportioning, target=28-30C, temp_filtered=26.68, error=2.32, trend_c_per_min=0.10, heater_demand_pct=75.8, intake_pwm=183, exhaust_pwm=69, relay=ON",2026-07-08 09:45:00.752568+00,,,,,,,,,,,true
715d34ea-7238-449e-8aaf-be49ad7b5ebf,77211883-4c4d-4c93-ad77-9456d4aba557,69527257-2ee0-48be-a172-dbed4bc62b1b,2026-07-08 16:11:32.80019+00,25508438,25507,fuzzy_strong_heating,27.30,77.30,,,27.06,3145,true,180,50,-53,"method=fuzzy_time_proportioning, target=28-30C, temp_filtered=27.30, error=1.70, trend_c_per_min=0.00, heater_demand_pct=80.0, intake_pwm=180, exhaust_pwm=50, relay=ON",2026-07-08 16:11:32.80019+00,,,,,,,,,,,true
719350f0-7596-4fa5-aa76-509483e1b216,77211883-4c4d-4c93-ad77-9456d4aba557,69527257-2ee0-48be-a172-dbed4bc62b1b,2026-07-08 13:00:32.030747+00,14048417,14047,fuzzy_strong_heating,26.40,73.80,,,26.63,3127,true,194,44,-52,"method=fuzzy_time_proportioning, target=28-30C, temp_filtered=26.43, error=2.57, trend_c_per_min=-0.11, heater_demand_pct=87.9, intake_pwm=194, exhaust_pwm=44, relay=ON",2026-07-08 13:00:32.030747+00,,,,,,,,,,,true
71b8aa95-acb9-4c42-afdd-615511a2b671,77211883-4c4d-4c93-ad77-9456d4aba557,69527257-2ee0-48be-a172-dbed4bc62b1b,2026-07-08 11:15:01.382761+00,7718428,7717,fuzzy_strong_heating,26.50,75.30,,,26.75,3116,true,197,44,-55,"method=fuzzy_time_proportioning, target=28-30C, temp_filtered=26.51, error=2.49, trend_c_per_min=-0.05, heater_demand_pct=91.7, intake_pwm=197, exhaust_pwm=44, relay=ON",2026-07-08 11:15:01.382761+00,,,,,,,,,,,true
7205ec00-ebc8-48d3-a284-156394b4f02d,77211883-4c4d-4c93-ad77-9456d4aba557,69527257-2ee0-48be-a172-dbed4bc62b1b,2026-07-08 15:26:31.357429+00,22808438,22807,fuzzy_strong_heating,27.30,77.30,,,27.00,3136,true,180,50,-53,"method=fuzzy_time_proportioning, target=28-30C, temp_filtered=27.24, error=1.76, trend_c_per_min=0.22, heater_demand_pct=80.0, intake_pwm=180, exhaust_pwm=50, relay=ON",2026-07-08 15:26:31.357429+00,,,,,,,,,,,true
72092c69-9320-419c-b4c0-91f17c033063,77211883-4c4d-4c93-ad77-9456d4aba557,69527257-2ee0-48be-a172-dbed4bc62b1b,2026-07-08 10:05:31.229082+00,3548276,3547,fuzzy_strong_heating,26.10,69.60,25.70,64.40,26.56,3136,true,209,40,-58,"method=fuzzy_time_proportioning, target=28-30C, temp_filtered=26.10, error=2.90, trend_c_per_min=-0.00, heater_demand_pct=100.0, intake_pwm=209, exhaust_pwm=40, relay=ON",2026-07-08 10:05:31.229082+00,,,,,,,,,,,true
72636912-c4c4-4623-bfe8-253e2edd63a8,77211883-4c4d-4c93-ad77-9456d4aba557,69527257-2ee0-48be-a172-dbed4bc62b1b,2026-07-08 13:29:31.210993+00,15788449,15787,fuzzy_strong_heating,26.20,71.30,,,26.56,3137,true,209,40,-51,"method=fuzzy_time_proportioning, target=28-30C, temp_filtered=26.20, error=2.80, trend_c_per_min=-0.01, heater_demand_pct=99.9, intake_pwm=209, exhaust_pwm=40, relay=ON",2026-07-08 13:29:31.210993+00,,,,,,,,,,,true
7299c14c-5565-4797-9b3b-1ccce7b3599d,77211883-4c4d-4c93-ad77-9456d4aba557,69527257-2ee0-48be-a172-dbed4bc62b1b,2026-07-08 14:23:02.147333+00,18998438,18997,fuzzy_strong_heating,26.40,72.60,,,26.63,3127,true,202,42,-57,"method=fuzzy_time_proportioning, target=28-30C, temp_filtered=26.39, error=2.61, trend_c_per_min=0.04, heater_demand_pct=95.3, intake_pwm=202, exhaust_pwm=42, relay=ON",2026-07-08 14:23:02.147333+00,,,,,,,,,,,true
73195c8d-a98f-43b2-af5e-6c5ec443b964,77211883-4c4d-4c93-ad77-9456d4aba557,69527257-2ee0-48be-a172-dbed4bc62b1b,2026-07-08 10:18:02.03473+00,4298276,4297,fuzzy_strong_heating,26.20,75.00,26.00,68.60,26.56,3137,true,209,40,-57,"method=fuzzy_time_proportioning, target=28-30C, temp_filtered=26.12, error=2.88, trend_c_per_min=0.31, heater_demand_pct=100.0, intake_pwm=209, exhaust_pwm=40, relay=ON",2026-07-08 10:18:02.03473+00,,,,,,,,,,,true
737b96f7-1829-4117-a6db-68ff3cd1f2b5,77211883-4c4d-4c93-ad77-9456d4aba557,69527257-2ee0-48be-a172-dbed4bc62b1b,2026-07-08 13:49:01.753934+00,16958438,16957,fuzzy_strong_heating,26.40,73.90,,,26.63,3138,true,202,42,-56,"method=fuzzy_time_proportioning, target=28-30C, temp_filtered=26.41, error=2.59, trend_c_per_min=-0.04, heater_demand_pct=94.7, intake_pwm=202, exhaust_pwm=42, relay=ON",2026-07-08 13:49:01.753934+00,,,,,,,,,,,true
73eb9ce8-b665-4270-9ff3-8f67a45afd91,77211883-4c4d-4c93-ad77-9456d4aba557,69527257-2ee0-48be-a172-dbed4bc62b1b,2026-07-08 11:36:31.843142+00,9008417,9007,fuzzy_strong_heating,26.70,81.30,,,26.75,3136,true,186,64,-56,"method=fuzzy_time_proportioning, target=28-30C, temp_filtered=26.66, error=2.34, trend_c_per_min=0.17, heater_demand_pct=78.8, intake_pwm=186, exhaust_pwm=64, relay=ON",2026-07-08 11:36:31.843142+00,,,,,,,,,,,true
74355c1f-400a-42fb-a038-90a4da655cf4,77211883-4c4d-4c93-ad77-9456d4aba557,69527257-2ee0-48be-a172-dbed4bc62b1b,2026-07-08 09:30:00.920285+00,1418276,1417,fuzzy_strong_heating,26.70,76.80,26.10,70.40,26.69,3120,true,191,46,-52,"method=fuzzy_time_proportioning, target=28-30C, temp_filtered=26.71, error=2.29, trend_c_per_min=-0.02, heater_demand_pct=87.4, intake_pwm=191, exhaust_pwm=46, relay=ON",2026-07-08 09:30:00.920285+00,,,,,,,,,,,true
743827d7-8cae-4368-9f55-6ce838107ebf,77211883-4c4d-4c93-ad77-9456d4aba557,69527257-2ee0-48be-a172-dbed4bc62b1b,2026-07-08 11:02:02.079047+00,6938366,6937,fuzzy_soft_heating,27.10,87.70,,,26.88,3136,true,175,79,-51,"method=fuzzy_time_proportioning, target=28-30C, temp_filtered=27.10, error=1.90, trend_c_per_min=0.01, heater_demand_pct=67.5, intake_pwm=175, exhaust_pwm=79, relay=ON",2026-07-08 11:02:02.079047+00,,,,,,,,,,,true
743cd790-d93a-4d48-80ea-9c3b0fa8b085,77211883-4c4d-4c93-ad77-9456d4aba557,69527257-2ee0-48be-a172-dbed4bc62b1b,2026-07-08 17:47:03.013353+00,31238529,31237,fuzzy_strong_heating,26.90,72.30,26.40,66.60,27.00,3136,true,183,48,-53,"method=fuzzy_time_proportioning, target=28-30C, temp_filtered=26.90, error=2.10, trend_c_per_min=-0.01, heater_demand_pct=82.5, intake_pwm=183, exhaust_pwm=48, relay=ON",2026-07-08 17:47:03.013353+00,,,,,,,,,,,true
743cead5-65c6-4888-86ed-ff415d8bf5de,77211883-4c4d-4c93-ad77-9456d4aba557,69527257-2ee0-48be-a172-dbed4bc62b1b,2026-07-08 13:50:32.150003+00,17048438,17047,fuzzy_strong_heating,26.30,72.80,,,26.56,3114,true,199,42,-59,"method=fuzzy_time_proportioning, target=28-30C, temp_filtered=26.33, error=2.67, trend_c_per_min=-0.14, heater_demand_pct=92.1, intake_pwm=199, exhaust_pwm=42, relay=ON",2026-07-08 13:50:32.150003+00,,,,,,,,,,,true
745081f0-44c7-4f3d-91b4-f1097f8ca4f9,77211883-4c4d-4c93-ad77-9456d4aba557,69527257-2ee0-48be-a172-dbed4bc62b1b,2026-07-08 17:21:31.859134+00,29708529,29707,fuzzy_strong_heating,27.40,77.30,,,27.13,3117,true,180,50,-55,"method=fuzzy_time_proportioning, target=28-30C, temp_filtered=27.39, error=1.61, trend_c_per_min=0.03, heater_demand_pct=80.0, intake_pwm=180, exhaust_pwm=50, relay=ON",2026-07-08 17:21:31.859134+00,,,,,,,,,,,true
7491f9e9-1432-446a-a522-c274bb85de77,77211883-4c4d-4c93-ad77-9456d4aba557,69527257-2ee0-48be-a172-dbed4bc62b1b,2026-07-08 15:18:32.120817+00,22328438,22327,fuzzy_strong_heating,27.20,77.00,,,27.00,3137,true,180,50,-53,"method=fuzzy_time_proportioning, target=28-30C, temp_filtered=27.20, error=1.80, trend_c_per_min=0.00, heater_demand_pct=80.0, intake_pwm=180, exhaust_pwm=50, relay=ON",2026-07-08 15:18:32.120817+00,,,,,,,,,,,true
749a1420-9186-474b-a9ad-999a7a3b0b4e,77211883-4c4d-4c93-ad77-9456d4aba557,69527257-2ee0-48be-a172-dbed4bc62b1b,2026-07-08 18:07:02.401467+00,32438529,32437,fuzzy_strong_heating,25.90,67.40,25.30,63.50,26.56,3135,true,210,40,-51,"method=fuzzy_time_proportioning, target=28-30C, temp_filtered=25.90, error=3.10, trend_c_per_min=-0.00, heater_demand_pct=100.0, intake_pwm=210, exhaust_pwm=40, relay=ON",2026-07-08 18:07:02.401467+00,,,,,0.6,3.9,,,,,true
74bc108d-a615-43a9-901f-23354386f0c0,77211883-4c4d-4c93-ad77-9456d4aba557,69527257-2ee0-48be-a172-dbed4bc62b1b,2026-07-08 12:36:31.910767+00,12608417,12607,fuzzy_strong_heating,26.50,73.30,,,26.63,3430,true,198,43,-60,"method=fuzzy_time_proportioning, target=28-30C, temp_filtered=26.50, error=2.50, trend_c_per_min=-0.00, heater_demand_pct=92.5, intake_pwm=198, exhaust_pwm=43, relay=ON",2026-07-08 12:36:31.910767+00,,,,,,,,,,,true
74bc4bb6-9ee0-4b41-ae91-9eaf2a5edb9f,77211883-4c4d-4c93-ad77-9456d4aba557,69527257-2ee0-48be-a172-dbed4bc62b1b,2026-07-08 14:29:02.087046+00,19358438,19357,fuzzy_strong_heating,26.70,73.30,,,26.75,3119,true,191,46,-56,"method=fuzzy_time_proportioning, target=28-30C, temp_filtered=26.69, error=2.31, trend_c_per_min=0.04, heater_demand_pct=87.8, intake_pwm=191, exhaust_pwm=46, relay=ON",2026-07-08 14:29:02.087046+00,,,,,,,,,,,true
74e16bea-9e29-4410-aaa7-e120b3dba51e,77211883-4c4d-4c93-ad77-9456d4aba557,69527257-2ee0-48be-a172-dbed4bc62b1b,2026-07-08 11:31:32.115457+00,8708417,8707,fuzzy_strong_heating,26.40,78.20,,,26.69,3111,true,203,43,-55,"method=fuzzy_time_proportioning, target=28-30C, temp_filtered=26.34, error=2.66, trend_c_per_min=0.23, heater_demand_pct=95.4, intake_pwm=203, exhaust_pwm=43, relay=ON",2026-07-08 11:31:32.115457+00,,,,,,,,,,,true
75277af8-19fa-4261-91ab-9a0cf1232832,77211883-4c4d-4c93-ad77-9456d4aba557,69527257-2ee0-48be-a172-dbed4bc62b1b,2026-07-08 15:28:02.112812+00,22898438,22897,fuzzy_strong_heating,27.20,77.30,,,27.00,3122,true,180,50,-53,"method=fuzzy_time_proportioning, target=28-30C, temp_filtered=27.20, error=1.80, trend_c_per_min=-0.01, heater_demand_pct=80.0, intake_pwm=180, exhaust_pwm=50, relay=ON",2026-07-08 15:28:02.112812+00,,,,,,,,,,,true
754d8167-293d-434d-845c-666d9841616b,77211883-4c4d-4c93-ad77-9456d4aba557,69527257-2ee0-48be-a172-dbed4bc62b1b,2026-07-08 11:56:01.906361+00,10178417,10177,fuzzy_strong_heating,26.30,73.70,,,26.63,3133,true,206,41,-51,"method=fuzzy_time_proportioning, target=28-30C, temp_filtered=26.30, error=2.70, trend_c_per_min=0.01, heater_demand_pct=97.5, intake_pwm=206, exhaust_pwm=41, relay=ON",2026-07-08 11:56:01.906361+00,,,,,,,,,,,true
7593ad4f-ac48-4e15-b3b7-bbde476d8033,77211883-4c4d-4c93-ad77-9456d4aba557,69527257-2ee0-48be-a172-dbed4bc62b1b,2026-07-08 14:08:31.22021+00,18128438,18127,fuzzy_strong_heating,26.70,77.60,,,26.69,3138,true,191,46,-53,"method=fuzzy_time_proportioning, target=28-30C, temp_filtered=26.70, error=2.30, trend_c_per_min=0.00, heater_demand_pct=87.5, intake_pwm=191, exhaust_pwm=46, relay=ON",2026-07-08 14:08:31.22021+00,,,,,,,,,,,true
75ac1dfb-ea7b-40e5-bd42-09a5eeaf09ae,77211883-4c4d-4c93-ad77-9456d4aba557,69527257-2ee0-48be-a172-dbed4bc62b1b,2026-07-08 13:00:01.537561+00,14018417,14017,fuzzy_strong_heating,26.50,74.10,,,26.69,3114,true,199,43,-52,"method=fuzzy_time_proportioning, target=28-30C, temp_filtered=26.47, error=2.53, trend_c_per_min=0.12, heater_demand_pct=93.2, intake_pwm=199, exhaust_pwm=43, relay=ON",2026-07-08 13:00:01.537561+00,,,,,,,,,,,true
75c4677e-473f-4fe0-b146-ab3982796911,77211883-4c4d-4c93-ad77-9456d4aba557,69527257-2ee0-48be-a172-dbed4bc62b1b,2026-07-08 09:21:31.499527+00,908476,907,fuzzy_strong_heating,26.50,80.30,26.20,73.10,26.88,3193,true,194,57,-60,"method=fuzzy_time_proportioning, target=28-30C, temp_filtered=26.43, error=2.57, trend_c_per_min=0.27, heater_demand_pct=85.4, intake_pwm=194, exhaust_pwm=57, relay=ON",2026-07-08 09:21:31.499527+00,,,,,,,,,,,true
75ef57e9-1a6b-4e4a-91b7-50ec5af92ea7,77211883-4c4d-4c93-ad77-9456d4aba557,69527257-2ee0-48be-a172-dbed4bc62b1b,2026-07-08 16:33:01.882845+00,26798438,26797,fuzzy_strong_heating,27.30,77.00,,,27.13,3137,true,179,50,-52,"method=fuzzy_time_proportioning, target=28-30C, temp_filtered=27.32, error=1.68, trend_c_per_min=-0.07, heater_demand_pct=79.0, intake_pwm=179, exhaust_pwm=50, relay=ON",2026-07-08 16:33:01.882845+00,,,,,,,,,,,true
764b8643-e43a-40e0-a712-6b95ea2f0d75,77211883-4c4d-4c93-ad77-9456d4aba557,69527257-2ee0-48be-a172-dbed4bc62b1b,2026-07-08 16:07:32.053873+00,25268438,25267,fuzzy_strong_heating,27.30,77.10,,,27.06,3127,true,180,50,-53,"method=fuzzy_time_proportioning, target=28-30C, temp_filtered=27.30, error=1.70, trend_c_per_min=0.00, heater_demand_pct=80.0, intake_pwm=180, exhaust_pwm=50, relay=ON",2026-07-08 16:07:32.053873+00,,,,,,,,,,,true
7651d066-a882-4be7-a89e-ff81014fe0f1,77211883-4c4d-4c93-ad77-9456d4aba557,69527257-2ee0-48be-a172-dbed4bc62b1b,2026-07-08 18:30:32.53153+00,33848529,33847,fuzzy_strong_heating,25.50,64.80,24.80,61.90,26.38,3123,true,210,40,-48,"method=fuzzy_time_proportioning, target=28-30C, temp_filtered=25.51, error=3.49, trend_c_per_min=-0.05, heater_demand_pct=100.0, intake_pwm=210, exhaust_pwm=40, relay=ON",2026-07-08 18:30:32.53153+00,,,,,0.7,2.9,,,,,true
76a5d7c9-b778-4782-9f32-767905cfcced,77211883-4c4d-4c93-ad77-9456d4aba557,69527257-2ee0-48be-a172-dbed4bc62b1b,2026-07-08 10:34:32.283116+00,5288276,5287,fuzzy_soft_heating,27.00,84.00,27.00,75.20,26.81,3136,true,175,75,-56,"method=fuzzy_time_proportioning, target=28-30C, temp_filtered=27.00, error=2.00, trend_c_per_min=0.01, heater_demand_pct=69.3, intake_pwm=175, exhaust_pwm=75, relay=ON",2026-07-08 10:34:32.283116+00,,,,,,,,,,,true
76eb389c-0e1b-4fae-b584-2786535bdb94,77211883-4c4d-4c93-ad77-9456d4aba557,69527257-2ee0-48be-a172-dbed4bc62b1b,2026-07-08 14:36:01.640309+00,19778438,19777,fuzzy_strong_heating,26.90,74.20,,,26.81,3130,true,183,48,-57,"method=fuzzy_time_proportioning, target=28-30C, temp_filtered=26.90, error=2.10, trend_c_per_min=0.00, heater_demand_pct=82.5, intake_pwm=183, exhaust_pwm=48, relay=ON",2026-07-08 14:36:01.640309+00,,,,,,,,,,,true
76ee4e84-1f5f-4832-9171-462aba23f74e,77211883-4c4d-4c93-ad77-9456d4aba557,69527257-2ee0-48be-a172-dbed4bc62b1b,2026-07-08 15:53:32.141413+00,24428438,24427,fuzzy_strong_heating,27.30,77.50,,,27.06,3122,true,180,50,-57,"method=fuzzy_time_proportioning, target=28-30C, temp_filtered=27.30, error=1.70, trend_c_per_min=0.00, heater_demand_pct=80.0, intake_pwm=180, exhaust_pwm=50, relay=ON",2026-07-08 15:53:32.141413+00,,,,,,,,,,,true
7782191d-a7a9-40ab-a3aa-224c70dee28d,77211883-4c4d-4c93-ad77-9456d4aba557,69527257-2ee0-48be-a172-dbed4bc62b1b,2026-07-08 11:54:01.915485+00,10058417,10057,fuzzy_strong_heating,26.20,69.80,,,26.56,3135,true,203,41,-52,"method=fuzzy_time_proportioning, target=28-30C, temp_filtered=26.28, error=2.72, trend_c_per_min=-0.30, heater_demand_pct=95.3, intake_pwm=203, exhaust_pwm=41, relay=ON",2026-07-08 11:54:01.915485+00,,,,,,,,,,,true
7792483b-7dbb-47a4-95a2-5a6bf10e6d3d,77211883-4c4d-4c93-ad77-9456d4aba557,69527257-2ee0-48be-a172-dbed4bc62b1b,2026-07-08 09:02:44.698214+00,1088160,1087,baseline_off,26.30,78.70,25.90,71.80,26.94,3199,false,0,0,-58,,2026-07-08 09:02:44.698214+00,,,,,,,,,,,true
77cc84d8-b8fe-4159-b554-acf2ec9c58dd,77211883-4c4d-4c93-ad77-9456d4aba557,69527257-2ee0-48be-a172-dbed4bc62b1b,2026-07-08 14:26:01.770256+00,19178438,19177,fuzzy_strong_heating,26.60,73.00,,,26.69,3130,true,197,44,-57,"method=fuzzy_time_proportioning, target=28-30C, temp_filtered=26.52, error=2.48, trend_c_per_min=0.30, heater_demand_pct=91.9, intake_pwm=197, exhaust_pwm=44, relay=ON",2026-07-08 14:26:01.770256+00,,,,,,,,,,,true
78337546-67ac-48b8-b60f-d3e6cd85393e,77211883-4c4d-4c93-ad77-9456d4aba557,69527257-2ee0-48be-a172-dbed4bc62b1b,2026-07-08 13:25:02.023856+00,15518449,15517,fuzzy_strong_heating,26.40,73.90,,,26.63,3129,true,192,45,-52,"method=fuzzy_time_proportioning, target=28-30C, temp_filtered=26.48, error=2.52, trend_c_per_min=-0.30, heater_demand_pct=85.9, intake_pwm=192, exhaust_pwm=45, relay=ON",2026-07-08 13:25:02.023856+00,,,,,,,,,,,true
78689669-8a7a-4545-8655-8ce2478c06c7,77211883-4c4d-4c93-ad77-9456d4aba557,69527257-2ee0-48be-a172-dbed4bc62b1b,2026-07-08 18:10:32.918478+00,32648529,32647,fuzzy_strong_heating,25.80,66.90,25.20,63.30,26.50,3133,true,210,40,-49,"method=fuzzy_time_proportioning, target=28-30C, temp_filtered=25.80, error=3.20, trend_c_per_min=-0.00, heater_demand_pct=100.0, intake_pwm=210, exhaust_pwm=40, relay=ON",2026-07-08 18:10:32.918478+00,,,,,0.6,3.6,,,,,true
78aa8ea1-dd71-4731-9496-e04e9cdb411d,77211883-4c4d-4c93-ad77-9456d4aba557,69527257-2ee0-48be-a172-dbed4bc62b1b,2026-07-08 10:43:30.849457+00,5828276,5827,fuzzy_strong_heating,27.20,84.60,27.20,75.10,26.94,3133,true,176,73,-60,"method=fuzzy_time_proportioning, target=28-30C, temp_filtered=27.20, error=1.80, trend_c_per_min=0.00, heater_demand_pct=70.1, intake_pwm=176, exhaust_pwm=73, relay=ON",2026-07-08 10:43:30.849457+00,,,,,,,,,,,true
78ab820d-64a2-416c-a9a6-4b990ccf5785,77211883-4c4d-4c93-ad77-9456d4aba557,69527257-2ee0-48be-a172-dbed4bc62b1b,2026-07-08 09:44:30.778516+00,2288276,2287,fuzzy_strong_heating,26.60,81.80,26.50,74.00,26.75,3129,true,187,65,-58,"method=fuzzy_time_proportioning, target=28-30C, temp_filtered=26.60, error=2.40, trend_c_per_min=0.01, heater_demand_pct=78.8, intake_pwm=187, exhaust_pwm=65, relay=ON",2026-07-08 09:44:30.778516+00,,,,,,,,,,,true
79159f32-4970-42d5-8249-b1078f1721b3,77211883-4c4d-4c93-ad77-9456d4aba557,69527257-2ee0-48be-a172-dbed4bc62b1b,2026-07-08 09:44:02.596368+00,2258276,2257,fuzzy_strong_heating,26.60,81.40,26.40,73.80,26.75,3530,true,188,64,-56,"method=fuzzy_time_proportioning, target=28-30C, temp_filtered=26.58, error=2.42, trend_c_per_min=0.07, heater_demand_pct=79.9, intake_pwm=188, exhaust_pwm=64, relay=ON",2026-07-08 09:44:02.596368+00,,,,,,,,,,,true
79291ee5-9882-4482-918b-3bf6c0e18506,77211883-4c4d-4c93-ad77-9456d4aba557,69527257-2ee0-48be-a172-dbed4bc62b1b,2026-07-08 14:33:31.273355+00,19628438,19627,fuzzy_strong_heating,26.90,73.90,,,26.81,3140,true,185,48,-57,"method=fuzzy_time_proportioning, target=28-30C, temp_filtered=26.86, error=2.14, trend_c_per_min=0.16, heater_demand_pct=83.5, intake_pwm=185, exhaust_pwm=48, relay=ON",2026-07-08 14:33:31.273355+00,,,,,,,,,,,true
792ff766-ebfe-45e7-812f-f80616ed806a,77211883-4c4d-4c93-ad77-9456d4aba557,69527257-2ee0-48be-a172-dbed4bc62b1b,2026-07-08 17:52:01.964235+00,31538529,31537,fuzzy_strong_heating,26.50,70.60,26.00,65.70,26.81,3094,true,198,43,-51,"method=fuzzy_time_proportioning, target=28-30C, temp_filtered=26.50, error=2.50, trend_c_per_min=-0.00, heater_demand_pct=92.5, intake_pwm=198, exhaust_pwm=43, relay=ON",2026-07-08 17:52:01.964235+00,,,,,,,,,,,true
79833957-8291-4cbe-b495-ed75361d491a,77211883-4c4d-4c93-ad77-9456d4aba557,69527257-2ee0-48be-a172-dbed4bc62b1b,2026-07-08 17:33:01.569007+00,30398529,30397,fuzzy_strong_heating,27.40,76.60,,,27.19,3131,true,179,50,-55,"method=fuzzy_time_proportioning, target=28-30C, temp_filtered=27.40, error=1.60, trend_c_per_min=0.00, heater_demand_pct=80.0, intake_pwm=179, exhaust_pwm=50, relay=ON",2026-07-08 17:33:01.569007+00,,,,,,,,,,,true
7987e8f0-ca05-41be-9a2a-bd1e979eceb9,77211883-4c4d-4c93-ad77-9456d4aba557,69527257-2ee0-48be-a172-dbed4bc62b1b,2026-07-08 11:55:31.466141+00,10148417,10147,fuzzy_strong_heating,26.30,72.90,,,26.63,3119,true,206,41,-53,"method=fuzzy_time_proportioning, target=28-30C, temp_filtered=26.29, error=2.71, trend_c_per_min=0.04, heater_demand_pct=97.7, intake_pwm=206, exhaust_pwm=41, relay=ON",2026-07-08 11:55:31.466141+00,,,,,,,,,,,true
79a038c4-7246-4db5-af2b-23dca65442ab,77211883-4c4d-4c93-ad77-9456d4aba557,69527257-2ee0-48be-a172-dbed4bc62b1b,2026-07-08 17:51:32.341978+00,31508529,31507,fuzzy_strong_heating,26.50,70.70,26.10,65.50,26.81,3123,true,198,43,-51,"method=fuzzy_time_proportioning, target=28-30C, temp_filtered=26.51, error=2.49, trend_c_per_min=-0.03, heater_demand_pct=92.3, intake_pwm=198, exhaust_pwm=43, relay=ON",2026-07-08 17:51:32.341978+00,,,,,,,,,,,true
7a2987ed-3ede-4564-9761-185d88add927,77211883-4c4d-4c93-ad77-9456d4aba557,69527257-2ee0-48be-a172-dbed4bc62b1b,2026-07-08 13:01:01.140087+00,14078417,14077,fuzzy_strong_heating,26.40,73.50,,,26.63,3136,true,202,42,-52,"method=fuzzy_time_proportioning, target=28-30C, temp_filtered=26.40, error=2.60, trend_c_per_min=-0.02, heater_demand_pct=94.9, intake_pwm=202, exhaust_pwm=42, relay=ON",2026-07-08 13:01:01.140087+00,,,,,,,,,,,true
7b42200f-2af9-41f0-990b-fccd995ce072,77211883-4c4d-4c93-ad77-9456d4aba557,69527257-2ee0-48be-a172-dbed4bc62b1b,2026-07-08 13:30:02.144806+00,15818449,15817,fuzzy_strong_heating,26.20,71.20,,,26.56,3131,true,209,40,-53,"method=fuzzy_time_proportioning, target=28-30C, temp_filtered=26.20, error=2.80, trend_c_per_min=-0.00, heater_demand_pct=100.0, intake_pwm=209, exhaust_pwm=40, relay=ON",2026-07-08 13:30:02.144806+00,,,,,,,,,,,true
7ba61499-bf59-4bad-8f6d-ecc8518eaca1,77211883-4c4d-4c93-ad77-9456d4aba557,69527257-2ee0-48be-a172-dbed4bc62b1b,2026-07-08 11:47:31.972503+00,9668417,9667,fuzzy_strong_heating,26.40,71.90,,,26.69,3111,true,202,42,-56,"method=fuzzy_time_proportioning, target=28-30C, temp_filtered=26.40, error=2.60, trend_c_per_min=-0.00, heater_demand_pct=95.0, intake_pwm=202, exhaust_pwm=42, relay=ON",2026-07-08 11:47:31.972503+00,,,,,,,,,,,true
7bd71e82-dee9-41ed-a219-76bb6615ab19,77211883-4c4d-4c93-ad77-9456d4aba557,69527257-2ee0-48be-a172-dbed4bc62b1b,2026-07-08 11:20:36.246121+00,8048428,8047,fuzzy_strong_heating,26.30,73.00,,,26.69,3133,true,206,41,-54,"method=fuzzy_time_proportioning, target=28-30C, temp_filtered=26.30, error=2.70, trend_c_per_min=-0.01, heater_demand_pct=97.5, intake_pwm=206, exhaust_pwm=41, relay=ON",2026-07-08 11:20:36.246121+00,,,,,,,,,,,true
7bd8985a-d0ae-4a9d-b9b9-8d006bc937ce,77211883-4c4d-4c93-ad77-9456d4aba557,69527257-2ee0-48be-a172-dbed4bc62b1b,2026-07-08 16:31:01.830132+00,26678438,26677,fuzzy_strong_heating,27.30,77.00,,,27.13,3139,true,180,50,-52,"method=fuzzy_time_proportioning, target=28-30C, temp_filtered=27.30, error=1.70, trend_c_per_min=0.00, heater_demand_pct=80.0, intake_pwm=180, exhaust_pwm=50, relay=ON",2026-07-08 16:31:01.830132+00,,,,,,,,,,,true
7be7a2c1-1c24-4de1-b09e-895c94904e6a,77211883-4c4d-4c93-ad77-9456d4aba557,69527257-2ee0-48be-a172-dbed4bc62b1b,2026-07-08 17:04:02.325035+00,28658540,28657,fuzzy_strong_heating,27.30,76.90,,,27.13,3143,true,179,50,-55,"method=fuzzy_time_proportioning, target=28-30C, temp_filtered=27.31, error=1.69, trend_c_per_min=-0.06, heater_demand_pct=79.5, intake_pwm=179, exhaust_pwm=50, relay=ON",2026-07-08 17:04:02.325035+00,,,,,,,,,,,true
7bfeeae6-f664-42d8-85e9-66f3a1006f55,77211883-4c4d-4c93-ad77-9456d4aba557,69527257-2ee0-48be-a172-dbed4bc62b1b,2026-07-08 10:35:01.198742+00,5318276,5317,fuzzy_soft_heating,27.00,84.10,27.00,75.30,26.81,3137,true,175,75,-55,"method=fuzzy_time_proportioning, target=28-30C, temp_filtered=27.00, error=2.00, trend_c_per_min=0.00, heater_demand_pct=69.2, intake_pwm=175, exhaust_pwm=75, relay=ON",2026-07-08 10:35:01.198742+00,,,,,,,,,,,true
7c23403b-c9cf-4af8-b957-1b79042212b9,77211883-4c4d-4c93-ad77-9456d4aba557,69527257-2ee0-48be-a172-dbed4bc62b1b,2026-07-08 10:03:01.222973+00,3398276,3397,fuzzy_strong_heating,26.20,70.20,25.70,65.10,26.56,3120,true,209,40,-52,"method=fuzzy_time_proportioning, target=28-30C, temp_filtered=26.20, error=2.80, trend_c_per_min=-0.00, heater_demand_pct=100.0, intake_pwm=209, exhaust_pwm=40, relay=ON",2026-07-08 10:03:01.222973+00,,,,,,,,,,,true
7c657dd4-0fa7-420e-812d-e87888471766,77211883-4c4d-4c93-ad77-9456d4aba557,69527257-2ee0-48be-a172-dbed4bc62b1b,2026-07-08 16:08:31.721014+00,25328438,25327,fuzzy_strong_heating,27.30,77.20,,,27.06,3131,true,180,50,-53,"method=fuzzy_time_proportioning, target=28-30C, temp_filtered=27.30, error=1.70, trend_c_per_min=0.00, heater_demand_pct=80.0, intake_pwm=180, exhaust_pwm=50, relay=ON",2026-07-08 16:08:31.721014+00,,,,,,,,,,,true
7c90cfe8-9324-4ca2-b99c-e2e46fe0d649,77211883-4c4d-4c93-ad77-9456d4aba557,69527257-2ee0-48be-a172-dbed4bc62b1b,2026-07-08 13:24:01.95077+00,15458449,15457,fuzzy_strong_heating,26.50,74.60,,,26.63,3120,true,198,43,-53,"method=fuzzy_time_proportioning, target=28-30C, temp_filtered=26.51, error=2.49, trend_c_per_min=-0.03, heater_demand_pct=92.3, intake_pwm=198, exhaust_pwm=43, relay=ON",2026-07-08 13:24:01.95077+00,,,,,,,,,,,true
7cb28aed-3fa2-4f92-9b36-6a22f085bd16,77211883-4c4d-4c93-ad77-9456d4aba557,69527257-2ee0-48be-a172-dbed4bc62b1b,2026-07-08 14:54:02.657071+00,20858438,20857,fuzzy_strong_heating,27.10,75.90,,,26.88,3120,true,180,50,-53,"method=fuzzy_time_proportioning, target=28-30C, temp_filtered=27.10, error=1.90, trend_c_per_min=0.00, heater_demand_pct=80.0, intake_pwm=180, exhaust_pwm=50, relay=ON",2026-07-08 14:54:02.657071+00,,,,,,,,,,,true
7d17a075-5230-42e5-a756-883904124786,77211883-4c4d-4c93-ad77-9456d4aba557,69527257-2ee0-48be-a172-dbed4bc62b1b,2026-07-08 10:15:32.127124+00,4148276,4147,fuzzy_strong_heating,26.00,71.40,25.70,66.30,26.50,3122,true,210,40,-55,"method=fuzzy_time_proportioning, target=28-30C, temp_filtered=25.96, error=3.04, trend_c_per_min=0.17, heater_demand_pct=100.0, intake_pwm=210, exhaust_pwm=40, relay=ON",2026-07-08 10:15:32.127124+00,,,,,,,,,,,true
7d43e2e0-973b-4abc-826c-6a591925f7fc,77211883-4c4d-4c93-ad77-9456d4aba557,69527257-2ee0-48be-a172-dbed4bc62b1b,2026-07-08 16:08:02.624252+00,25298438,25297,fuzzy_strong_heating,27.30,77.20,,,27.06,3120,true,180,50,-54,"method=fuzzy_time_proportioning, target=28-30C, temp_filtered=27.30, error=1.70, trend_c_per_min=0.00, heater_demand_pct=80.0, intake_pwm=180, exhaust_pwm=50, relay=ON",2026-07-08 16:08:02.624252+00,,,,,,,,,,,true
7db602b8-ddd7-42b7-b046-44cfc14d928f,77211883-4c4d-4c93-ad77-9456d4aba557,69527257-2ee0-48be-a172-dbed4bc62b1b,2026-07-08 14:52:31.705379+00,20768438,20767,fuzzy_strong_heating,27.10,75.80,,,26.88,3113,true,180,50,-53,"method=fuzzy_time_proportioning, target=28-30C, temp_filtered=27.10, error=1.90, trend_c_per_min=0.00, heater_demand_pct=80.0, intake_pwm=180, exhaust_pwm=50, relay=ON",2026-07-08 14:52:31.705379+00,,,,,,,,,,,true
7dd94ad4-4378-49c2-a215-d1a54582f872,77211883-4c4d-4c93-ad77-9456d4aba557,69527257-2ee0-48be-a172-dbed4bc62b1b,2026-07-08 13:17:31.965322+00,15068449,15067,fuzzy_strong_heating,26.60,80.60,,,26.69,3583,true,188,60,-54,"method=fuzzy_time_proportioning, target=28-30C, temp_filtered=26.60, error=2.40, trend_c_per_min=0.01, heater_demand_pct=81.4, intake_pwm=188, exhaust_pwm=60, relay=ON",2026-07-08 13:17:31.965322+00,,,,,,,,,,,true
7de5fbc9-6d36-4880-acdd-c7c5c32449e4,77211883-4c4d-4c93-ad77-9456d4aba557,69527257-2ee0-48be-a172-dbed4bc62b1b,2026-07-08 13:06:31.659455+00,14408448,14407,fuzzy_strong_heating,26.20,71.10,,,26.56,3134,true,209,40,-50,"method=fuzzy_time_proportioning, target=28-30C, temp_filtered=26.20, error=2.80, trend_c_per_min=-0.02, heater_demand_pct=99.9, intake_pwm=209, exhaust_pwm=40, relay=ON",2026-07-08 13:06:31.659455+00,,,,,,,,,,,true
7e168c92-043d-4045-be05-3681f1f6adbe,77211883-4c4d-4c93-ad77-9456d4aba557,69527257-2ee0-48be-a172-dbed4bc62b1b,2026-07-08 12:49:31.537946+00,13388417,13387,fuzzy_strong_heating,26.50,78.80,,,26.69,3115,true,197,49,-53,"method=fuzzy_time_proportioning, target=28-30C, temp_filtered=26.45, error=2.55, trend_c_per_min=0.18, heater_demand_pct=90.1, intake_pwm=197, exhaust_pwm=49, relay=ON",2026-07-08 12:49:31.537946+00,,,,,,,,,,,true
7e7216ec-79cf-4068-bba3-26b41b23a8e7,77211883-4c4d-4c93-ad77-9456d4aba557,69527257-2ee0-48be-a172-dbed4bc62b1b,2026-07-08 10:25:01.257024+00,4718276,4717,fuzzy_strong_heating,26.70,80.30,26.70,72.20,26.69,3133,true,188,59,-53,"method=fuzzy_time_proportioning, target=28-30C, temp_filtered=26.62, error=2.38, trend_c_per_min=0.30, heater_demand_pct=81.7, intake_pwm=188, exhaust_pwm=59, relay=ON",2026-07-08 10:25:01.257024+00,,,,,,,,,,,true
7e92bad9-6449-4e16-9bf1-32b86fb030f3,77211883-4c4d-4c93-ad77-9456d4aba557,69527257-2ee0-48be-a172-dbed4bc62b1b,2026-07-08 13:41:02.493364+00,16478438,16477,fuzzy_strong_heating,26.60,80.30,,,26.69,3136,true,191,58,-57,"method=fuzzy_time_proportioning, target=28-30C, temp_filtered=26.52, error=2.48, trend_c_per_min=0.30, heater_demand_pct=83.6, intake_pwm=191, exhaust_pwm=58, relay=ON",2026-07-08 13:41:02.493364+00,,,,,,,,,,,true
7ecfd086-90a3-4513-8c72-505ab3927eb9,77211883-4c4d-4c93-ad77-9456d4aba557,69527257-2ee0-48be-a172-dbed4bc62b1b,2026-07-08 16:35:01.91049+00,26918438,26917,fuzzy_strong_heating,27.30,77.10,,,27.13,3115,true,180,50,-53,"method=fuzzy_time_proportioning, target=28-30C, temp_filtered=27.30, error=1.70, trend_c_per_min=-0.00, heater_demand_pct=80.0, intake_pwm=180, exhaust_pwm=50, relay=ON",2026-07-08 16:35:01.91049+00,,,,,,,,,,,true
7f242105-28da-40cf-a9f7-e1173b280d59,77211883-4c4d-4c93-ad77-9456d4aba557,69527257-2ee0-48be-a172-dbed4bc62b1b,2026-07-08 08:50:44.43965+00,368159,367,baseline_off,26.50,78.70,26.10,70.40,27.00,3205,false,0,0,-57,,2026-07-08 08:50:44.43965+00,,,,,,,,,,,true
7f429286-5366-4c8b-adf2-dfc9e72c3655,77211883-4c4d-4c93-ad77-9456d4aba557,69527257-2ee0-48be-a172-dbed4bc62b1b,2026-07-08 15:45:31.689363+00,23948438,23947,fuzzy_strong_heating,27.30,77.50,,,27.06,3119,true,180,50,-56,"method=fuzzy_time_proportioning, target=28-30C, temp_filtered=27.30, error=1.70, trend_c_per_min=0.00, heater_demand_pct=80.0, intake_pwm=180, exhaust_pwm=50, relay=ON",2026-07-08 15:45:31.689363+00,,,,,,,,,,,true
7f562ddd-cea1-45f4-a198-417785dc6ce9,77211883-4c4d-4c93-ad77-9456d4aba557,69527257-2ee0-48be-a172-dbed4bc62b1b,2026-07-08 15:16:31.761909+00,22208438,22207,fuzzy_strong_heating,27.20,77.00,,,27.00,3125,true,180,50,-52,"method=fuzzy_time_proportioning, target=28-30C, temp_filtered=27.20, error=1.80, trend_c_per_min=0.00, heater_demand_pct=80.0, intake_pwm=180, exhaust_pwm=50, relay=ON",2026-07-08 15:16:31.761909+00,,,,,,,,,,,true
7f766439-fe93-4f52-b872-65683bca9197,77211883-4c4d-4c93-ad77-9456d4aba557,69527257-2ee0-48be-a172-dbed4bc62b1b,2026-07-08 12:38:31.526125+00,12728417,12727,fuzzy_strong_heating,26.40,72.20,,,26.63,3133,true,202,42,-59,"method=fuzzy_time_proportioning, target=28-30C, temp_filtered=26.40, error=2.60, trend_c_per_min=-0.00, heater_demand_pct=95.0, intake_pwm=202, exhaust_pwm=42, relay=ON",2026-07-08 12:38:31.526125+00,,,,,,,,,,,true
7fc013c1-adc2-4830-b718-7bea517ebc47,77211883-4c4d-4c93-ad77-9456d4aba557,69527257-2ee0-48be-a172-dbed4bc62b1b,2026-07-08 14:42:01.507684+00,20138438,20137,fuzzy_strong_heating,27.00,74.90,,,26.88,3091,true,180,49,-53,"method=fuzzy_time_proportioning, target=28-30C, temp_filtered=27.00, error=2.00, trend_c_per_min=0.00, heater_demand_pct=80.0, intake_pwm=180, exhaust_pwm=49, relay=ON",2026-07-08 14:42:01.507684+00,,,,,,,,,,,true
7fcf3751-62d4-40cb-9361-7cddfca257ea,77211883-4c4d-4c93-ad77-9456d4aba557,69527257-2ee0-48be-a172-dbed4bc62b1b,2026-07-08 15:46:02.556516+00,23978438,23977,fuzzy_strong_heating,27.30,77.50,,,27.00,3117,true,180,50,-56,"method=fuzzy_time_proportioning, target=28-30C, temp_filtered=27.30, error=1.70, trend_c_per_min=0.00, heater_demand_pct=80.0, intake_pwm=180, exhaust_pwm=50, relay=ON",2026-07-08 15:46:02.556516+00,,,,,,,,,,,true
803b8715-f765-4843-87d4-0140edd95cdb,77211883-4c4d-4c93-ad77-9456d4aba557,69527257-2ee0-48be-a172-dbed4bc62b1b,2026-07-08 15:13:01.676595+00,21998438,21997,fuzzy_strong_heating,27.20,76.80,,,26.94,3059,true,180,50,-53,"method=fuzzy_time_proportioning, target=28-30C, temp_filtered=27.20, error=1.80, trend_c_per_min=0.00, heater_demand_pct=80.0, intake_pwm=180, exhaust_pwm=50, relay=ON",2026-07-08 15:13:01.676595+00,,,,,,,,,,,true
8100eb23-cf31-4d59-b40f-cd0f74d6c50e,77211883-4c4d-4c93-ad77-9456d4aba557,69527257-2ee0-48be-a172-dbed4bc62b1b,2026-07-08 15:19:31.67501+00,22388438,22387,fuzzy_strong_heating,27.20,77.10,,,27.00,3121,true,180,50,-54,"method=fuzzy_time_proportioning, target=28-30C, temp_filtered=27.20, error=1.80, trend_c_per_min=0.00, heater_demand_pct=80.0, intake_pwm=180, exhaust_pwm=50, relay=ON",2026-07-08 15:19:31.67501+00,,,,,,,,,,,true
81027df9-f6ee-44f7-b8c1-b9ce268196e6,77211883-4c4d-4c93-ad77-9456d4aba557,69527257-2ee0-48be-a172-dbed4bc62b1b,2026-07-08 11:22:01.379309+00,8138417,8137,fuzzy_strong_heating,26.30,72.30,,,26.63,3115,true,206,41,-52,"method=fuzzy_time_proportioning, target=28-30C, temp_filtered=26.30, error=2.70, trend_c_per_min=-0.00, heater_demand_pct=97.5, intake_pwm=206, exhaust_pwm=41, relay=ON",2026-07-08 11:22:01.379309+00,,,,,,,,,,,true
81112eae-edd1-44a5-a4dd-bf5ced78da61,77211883-4c4d-4c93-ad77-9456d4aba557,69527257-2ee0-48be-a172-dbed4bc62b1b,2026-07-08 16:28:01.933101+00,26498438,26497,fuzzy_strong_heating,27.30,76.90,,,27.13,3124,true,180,50,-52,"method=fuzzy_time_proportioning, target=28-30C, temp_filtered=27.31, error=1.69, trend_c_per_min=-0.05, heater_demand_pct=80.0, intake_pwm=180, exhaust_pwm=50, relay=ON",2026-07-08 16:28:01.933101+00,,,,,,,,,,,true
8146a75e-a286-48b4-99b7-e2c39aee7e8b,77211883-4c4d-4c93-ad77-9456d4aba557,69527257-2ee0-48be-a172-dbed4bc62b1b,2026-07-08 14:39:02.109528+00,19958438,19957,fuzzy_strong_heating,27.00,74.70,,,26.81,3131,true,181,49,-54,"method=fuzzy_time_proportioning, target=28-30C, temp_filtered=26.97, error=2.03, trend_c_per_min=0.11, heater_demand_pct=80.7, intake_pwm=181, exhaust_pwm=49, relay=ON",2026-07-08 14:39:02.109528+00,,,,,,,,,,,true
8181b28e-89a4-4c34-a7e5-fb8537d85b5c,77211883-4c4d-4c93-ad77-9456d4aba557,69527257-2ee0-48be-a172-dbed4bc62b1b,2026-07-08 09:46:01.664078+00,2378276,2377,fuzzy_strong_heating,26.80,81.30,26.60,73.30,26.75,3116,true,182,65,-59,"method=fuzzy_time_proportioning, target=28-30C, temp_filtered=26.79, error=2.21, trend_c_per_min=0.04, heater_demand_pct=76.4, intake_pwm=182, exhaust_pwm=65, relay=ON",2026-07-08 09:46:01.664078+00,,,,,,,,,,,true
81b058e8-9313-42b5-b833-8797ce5b8c35,77211883-4c4d-4c93-ad77-9456d4aba557,69527257-2ee0-48be-a172-dbed4bc62b1b,2026-07-08 10:13:01.269815+00,3998276,3997,fuzzy_strong_heating,25.90,68.10,25.60,63.40,26.50,3126,true,210,40,-54,"method=fuzzy_time_proportioning, target=28-30C, temp_filtered=25.90, error=3.10, trend_c_per_min=-0.00, heater_demand_pct=100.0, intake_pwm=210, exhaust_pwm=40, relay=ON",2026-07-08 10:13:01.269815+00,,,,,,,,,,,true
81bd7998-e87d-426e-9003-cfc1a167aa59,77211883-4c4d-4c93-ad77-9456d4aba557,69527257-2ee0-48be-a172-dbed4bc62b1b,2026-07-08 12:50:01.714804+00,13418417,13417,fuzzy_strong_heating,26.50,79.40,,,26.69,3127,true,194,53,-51,"method=fuzzy_time_proportioning, target=28-30C, temp_filtered=26.49, error=2.51, trend_c_per_min=0.03, heater_demand_pct=87.1, intake_pwm=194, exhaust_pwm=53, relay=ON",2026-07-08 12:50:01.714804+00,,,,,,,,,,,true
81d88dff-4acb-4ba7-82a2-70c52c627278,77211883-4c4d-4c93-ad77-9456d4aba557,69527257-2ee0-48be-a172-dbed4bc62b1b,2026-07-08 14:09:02.050778+00,18158438,18157,fuzzy_strong_heating,26.70,77.10,,,26.69,3137,true,191,46,-50,"method=fuzzy_time_proportioning, target=28-30C, temp_filtered=26.70, error=2.30, trend_c_per_min=0.00, heater_demand_pct=87.5, intake_pwm=191, exhaust_pwm=46, relay=ON",2026-07-08 14:09:02.050778+00,,,,,,,,,,,true
8257cd40-3742-415a-aed4-89f1f7474b7a,77211883-4c4d-4c93-ad77-9456d4aba557,69527257-2ee0-48be-a172-dbed4bc62b1b,2026-07-08 15:05:32.442738+00,21548438,21547,fuzzy_strong_heating,27.10,76.60,,,26.94,3141,true,175,50,-53,"method=fuzzy_time_proportioning, target=28-30C, temp_filtered=27.16, error=1.84, trend_c_per_min=-0.25, heater_demand_pct=73.1, intake_pwm=175, exhaust_pwm=50, relay=ON",2026-07-08 15:05:32.442738+00,,,,,,,,,,,true
827532ec-c6a8-40f8-abec-1c151b3b2838,77211883-4c4d-4c93-ad77-9456d4aba557,69527257-2ee0-48be-a172-dbed4bc62b1b,2026-07-08 10:00:32.074463+00,3248276,3247,fuzzy_strong_heating,26.30,71.00,25.80,66.00,26.63,3113,true,206,41,-52,"method=fuzzy_time_proportioning, target=28-30C, temp_filtered=26.29, error=2.71, trend_c_per_min=0.06, heater_demand_pct=97.9, intake_pwm=206, exhaust_pwm=41, relay=ON",2026-07-08 10:00:32.074463+00,,,,,,,,,,,true
82b02d7f-a6e7-47ec-bc01-256ccaec1e9f,77211883-4c4d-4c93-ad77-9456d4aba557,69527257-2ee0-48be-a172-dbed4bc62b1b,2026-07-08 13:37:31.582319+00,16268438,16267,fuzzy_strong_heating,26.30,77.70,,,26.63,3121,true,206,41,-53,"method=fuzzy_time_proportioning, target=28-30C, temp_filtered=26.30, error=2.70, trend_c_per_min=0.00, heater_demand_pct=97.5, intake_pwm=206, exhaust_pwm=41, relay=ON",2026-07-08 13:37:31.582319+00,,,,,,,,,,,true
82b5c8f4-de0f-4501-b3f5-17f5390e7c1d,77211883-4c4d-4c93-ad77-9456d4aba557,69527257-2ee0-48be-a172-dbed4bc62b1b,2026-07-08 15:08:32.505114+00,21728438,21727,fuzzy_strong_heating,27.20,76.70,,,26.94,3125,true,180,50,-54,"method=fuzzy_time_proportioning, target=28-30C, temp_filtered=27.20, error=1.80, trend_c_per_min=0.00, heater_demand_pct=80.0, intake_pwm=180, exhaust_pwm=50, relay=ON",2026-07-08 15:08:32.505114+00,,,,,,,,,,,true
82dfc704-ba88-4ef7-a7b4-7c5b9b699d69,77211883-4c4d-4c93-ad77-9456d4aba557,69527257-2ee0-48be-a172-dbed4bc62b1b,2026-07-08 15:13:31.274253+00,22028438,22027,fuzzy_strong_heating,27.20,76.80,,,27.00,3120,true,180,50,-53,"method=fuzzy_time_proportioning, target=28-30C, temp_filtered=27.20, error=1.80, trend_c_per_min=0.00, heater_demand_pct=80.0, intake_pwm=180, exhaust_pwm=50, relay=ON",2026-07-08 15:13:31.274253+00,,,,,,,,,,,true
82fb20cb-8bb4-420e-9cf3-6b48de75333e,77211883-4c4d-4c93-ad77-9456d4aba557,69527257-2ee0-48be-a172-dbed4bc62b1b,2026-07-08 14:12:33.45455+00,18368438,18367,fuzzy_strong_heating,26.50,73.80,,,26.63,3117,true,195,44,-52,"method=fuzzy_time_proportioning, target=28-30C, temp_filtered=26.52, error=2.48, trend_c_per_min=-0.07, heater_demand_pct=89.3, intake_pwm=195, exhaust_pwm=44, relay=ON",2026-07-08 14:12:33.45455+00,,,,,,,,,,,true
831521e4-3e33-4b75-bd20-3c6d2d82af54,77211883-4c4d-4c93-ad77-9456d4aba557,69527257-2ee0-48be-a172-dbed4bc62b1b,2026-07-08 13:54:02.233442+00,17258438,17257,fuzzy_strong_heating,26.20,71.00,,,26.50,3129,true,209,40,-56,"method=fuzzy_time_proportioning, target=28-30C, temp_filtered=26.20, error=2.80, trend_c_per_min=-0.00, heater_demand_pct=100.0, intake_pwm=209, exhaust_pwm=40, relay=ON",2026-07-08 13:54:02.233442+00,,,,,,,,,,,true
8355c202-6642-40cd-95cb-c9c5fead2d99,77211883-4c4d-4c93-ad77-9456d4aba557,69527257-2ee0-48be-a172-dbed4bc62b1b,2026-07-08 16:16:02.361667+00,25778438,25777,fuzzy_strong_heating,27.30,76.80,,,27.13,3138,true,180,50,-52,"method=fuzzy_time_proportioning, target=28-30C, temp_filtered=27.30, error=1.70, trend_c_per_min=0.00, heater_demand_pct=80.0, intake_pwm=180, exhaust_pwm=50, relay=ON",2026-07-08 16:16:02.361667+00,,,,,,,,,,,true
836cb9b8-6bb4-40d1-8343-23af7d0881ca,77211883-4c4d-4c93-ad77-9456d4aba557,69527257-2ee0-48be-a172-dbed4bc62b1b,2026-07-08 12:08:32.456595+00,10928417,10927,fuzzy_strong_heating,26.60,75.00,,,26.75,3115,true,194,45,-56,"method=fuzzy_time_proportioning, target=28-30C, temp_filtered=26.60, error=2.40, trend_c_per_min=-0.00, heater_demand_pct=90.0, intake_pwm=194, exhaust_pwm=45, relay=ON",2026-07-08 12:08:32.456595+00,,,,,,,,,,,true
838279d0-73ba-4208-a9ed-62bf5938a352,77211883-4c4d-4c93-ad77-9456d4aba557,69527257-2ee0-48be-a172-dbed4bc62b1b,2026-07-08 14:13:32.624119+00,18428438,18427,fuzzy_strong_heating,26.50,73.30,,,26.63,3129,true,198,43,-54,"method=fuzzy_time_proportioning, target=28-30C, temp_filtered=26.50, error=2.50, trend_c_per_min=-0.00, heater_demand_pct=92.5, intake_pwm=198, exhaust_pwm=43, relay=ON",2026-07-08 14:13:32.624119+00,,,,,,,,,,,true
83aa52b3-f10a-4404-acac-75e2f92a19f3,77211883-4c4d-4c93-ad77-9456d4aba557,69527257-2ee0-48be-a172-dbed4bc62b1b,2026-07-08 16:40:02.610626+00,27218438,27217,fuzzy_strong_heating,27.30,77.20,,,27.13,3118,true,178,50,-55,"method=fuzzy_time_proportioning, target=28-30C, temp_filtered=27.32, error=1.68, trend_c_per_min=-0.09, heater_demand_pct=77.7, intake_pwm=178, exhaust_pwm=50, relay=ON",2026-07-08 16:40:02.610626+00,,,,,,,,,,,true
8484971f-ad92-4051-82b5-62e4b2d00173,77211883-4c4d-4c93-ad77-9456d4aba557,69527257-2ee0-48be-a172-dbed4bc62b1b,2026-07-08 17:38:31.52735+00,30728529,30727,fuzzy_strong_heating,27.40,76.20,,,27.19,3130,true,179,50,-61,"method=fuzzy_time_proportioning, target=28-30C, temp_filtered=27.39, error=1.61, trend_c_per_min=0.03, heater_demand_pct=80.0, intake_pwm=179, exhaust_pwm=50, relay=ON",2026-07-08 17:38:31.52735+00,,,,,,,,,,,true
84eb3c50-54c5-4a85-bf6c-f9349e8d0d9a,77211883-4c4d-4c93-ad77-9456d4aba557,69527257-2ee0-48be-a172-dbed4bc62b1b,2026-07-08 17:30:01.974214+00,30218529,30217,fuzzy_strong_heating,27.40,76.40,,,27.19,3117,true,180,50,-54,"method=fuzzy_time_proportioning, target=28-30C, temp_filtered=27.40, error=1.60, trend_c_per_min=0.00, heater_demand_pct=80.0, intake_pwm=180, exhaust_pwm=50, relay=ON",2026-07-08 17:30:01.974214+00,,,,,,,,,,,true
84f2afee-402e-4908-88e1-9298adc31048,77211883-4c4d-4c93-ad77-9456d4aba557,69527257-2ee0-48be-a172-dbed4bc62b1b,2026-07-08 11:59:31.929932+00,10388417,10387,fuzzy_strong_heating,26.50,77.80,,,26.69,3123,true,198,43,-53,"method=fuzzy_time_proportioning, target=28-30C, temp_filtered=26.49, error=2.51, trend_c_per_min=0.02, heater_demand_pct=92.6, intake_pwm=198, exhaust_pwm=43, relay=ON",2026-07-08 11:59:31.929932+00,,,,,,,,,,,true
851d5613-b10a-4cfe-8dd1-672133c81e99,77211883-4c4d-4c93-ad77-9456d4aba557,69527257-2ee0-48be-a172-dbed4bc62b1b,2026-07-08 12:54:01.945907+00,13658417,13657,fuzzy_strong_heating,26.70,80.40,,,26.75,3120,true,186,60,-62,"method=fuzzy_time_proportioning, target=28-30C, temp_filtered=26.70, error=2.30, trend_c_per_min=0.01, heater_demand_pct=80.0, intake_pwm=186, exhaust_pwm=60, relay=ON",2026-07-08 12:54:01.945907+00,,,,,,,,,,,true
85397de1-893e-4bea-805f-eeb5d5d698af,77211883-4c4d-4c93-ad77-9456d4aba557,69527257-2ee0-48be-a172-dbed4bc62b1b,2026-07-08 10:24:31.612048+00,4688276,4687,fuzzy_strong_heating,26.60,80.10,26.70,72.00,26.69,3123,true,189,58,-52,"method=fuzzy_time_proportioning, target=28-30C, temp_filtered=26.60, error=2.40, trend_c_per_min=0.01, heater_demand_pct=82.7, intake_pwm=189, exhaust_pwm=58, relay=ON",2026-07-08 10:24:31.612048+00,,,,,,,,,,,true
853c8248-f6f5-49e4-8ccf-f807586a3fb1,77211883-4c4d-4c93-ad77-9456d4aba557,69527257-2ee0-48be-a172-dbed4bc62b1b,2026-07-08 14:20:32.002706+00,18848438,18847,fuzzy_strong_heating,26.30,72.00,,,26.56,3115,true,206,41,-57,"method=fuzzy_time_proportioning, target=28-30C, temp_filtered=26.30, error=2.70, trend_c_per_min=0.00, heater_demand_pct=97.5, intake_pwm=206, exhaust_pwm=41, relay=ON",2026-07-08 14:20:32.002706+00,,,,,,,,,,,true
85624ea1-683a-4f64-975d-f0ca8cec0d66,77211883-4c4d-4c93-ad77-9456d4aba557,69527257-2ee0-48be-a172-dbed4bc62b1b,2026-07-08 16:15:32.005162+00,25748438,25747,fuzzy_strong_heating,27.30,76.80,,,27.13,3123,true,180,50,-52,"method=fuzzy_time_proportioning, target=28-30C, temp_filtered=27.30, error=1.70, trend_c_per_min=0.00, heater_demand_pct=80.0, intake_pwm=180, exhaust_pwm=50, relay=ON",2026-07-08 16:15:32.005162+00,,,,,,,,,,,true
8580d3e8-a57b-4ce6-91bd-5293721fb063,77211883-4c4d-4c93-ad77-9456d4aba557,69527257-2ee0-48be-a172-dbed4bc62b1b,2026-07-08 10:58:31.647414+00,6728276,6727,fuzzy_soft_heating,27.00,87.80,26.90,78.50,26.88,3137,true,174,77,-55,"method=fuzzy_time_proportioning, target=28-30C, temp_filtered=27.02, error=1.98, trend_c_per_min=-0.09, heater_demand_pct=67.3, intake_pwm=174, exhaust_pwm=77, relay=ON",2026-07-08 10:58:31.647414+00,,,,,,,,,,,true
8665c693-44bd-4b4c-a9a9-7b959fabc386,77211883-4c4d-4c93-ad77-9456d4aba557,69527257-2ee0-48be-a172-dbed4bc62b1b,2026-07-08 16:11:01.744414+00,25478438,25477,fuzzy_strong_heating,27.30,77.30,,,27.06,3138,true,180,50,-54,"method=fuzzy_time_proportioning, target=28-30C, temp_filtered=27.30, error=1.70, trend_c_per_min=0.00, heater_demand_pct=80.0, intake_pwm=180, exhaust_pwm=50, relay=ON",2026-07-08 16:11:01.744414+00,,,,,,,,,,,true
8693f010-7349-40d9-8694-e6b4448ca47b,77211883-4c4d-4c93-ad77-9456d4aba557,69527257-2ee0-48be-a172-dbed4bc62b1b,2026-07-08 12:29:01.98099+00,12158417,12157,fuzzy_strong_heating,26.70,80.80,,,26.75,3116,true,186,62,-55,"method=fuzzy_time_proportioning, target=28-30C, temp_filtered=26.69, error=2.31, trend_c_per_min=0.05, heater_demand_pct=79.3, intake_pwm=186, exhaust_pwm=62, relay=ON",2026-07-08 12:29:01.98099+00,,,,,,,,,,,true
873ff77d-639b-4280-87bd-e51e8b03d916,77211883-4c4d-4c93-ad77-9456d4aba557,69527257-2ee0-48be-a172-dbed4bc62b1b,2026-07-08 15:41:32.066781+00,23708438,23707,fuzzy_strong_heating,27.30,77.50,,,27.06,3133,true,180,50,-56,"method=fuzzy_time_proportioning, target=28-30C, temp_filtered=27.30, error=1.70, trend_c_per_min=0.00, heater_demand_pct=80.0, intake_pwm=180, exhaust_pwm=50, relay=ON",2026-07-08 15:41:32.066781+00,,,,,,,,,,,true
8794bbe5-9018-476f-a7b2-90e5442ca4ac,77211883-4c4d-4c93-ad77-9456d4aba557,69527257-2ee0-48be-a172-dbed4bc62b1b,2026-07-08 15:41:02.827739+00,23678438,23677,fuzzy_strong_heating,27.30,77.50,,,27.06,3114,true,180,50,-58,"method=fuzzy_time_proportioning, target=28-30C, temp_filtered=27.30, error=1.70, trend_c_per_min=0.00, heater_demand_pct=80.0, intake_pwm=180, exhaust_pwm=50, relay=ON",2026-07-08 15:41:02.827739+00,,,,,,,,,,,true
87cbe40e-c324-4a43-aa5f-02f18b08564f,77211883-4c4d-4c93-ad77-9456d4aba557,69527257-2ee0-48be-a172-dbed4bc62b1b,2026-07-08 12:00:01.075993+00,10418417,10417,fuzzy_strong_heating,26.50,78.20,,,26.69,4095,true,198,45,-52,"method=fuzzy_time_proportioning, target=28-30C, temp_filtered=26.50, error=2.50, trend_c_per_min=0.00, heater_demand_pct=91.6, intake_pwm=198, exhaust_pwm=45, relay=ON",2026-07-08 12:00:01.075993+00,,,,,,,,,,,true
87cd6097-ccd9-49b2-bd70-ae21c793d91c,77211883-4c4d-4c93-ad77-9456d4aba557,69527257-2ee0-48be-a172-dbed4bc62b1b,2026-07-08 15:30:01.750077+00,23018438,23017,fuzzy_strong_heating,27.30,77.20,,,27.00,3141,true,180,50,-53,"method=fuzzy_time_proportioning, target=28-30C, temp_filtered=27.29, error=1.71, trend_c_per_min=0.05, heater_demand_pct=80.0, intake_pwm=180, exhaust_pwm=50, relay=ON",2026-07-08 15:30:01.750077+00,,,,,,,,,,,true
87ddd1d2-b9c1-4ca6-83e8-14866829b2ac,77211883-4c4d-4c93-ad77-9456d4aba557,69527257-2ee0-48be-a172-dbed4bc62b1b,2026-07-08 14:31:32.110679+00,19508438,19507,fuzzy_strong_heating,26.80,73.70,,,26.75,3131,true,187,47,-56,"method=fuzzy_time_proportioning, target=28-30C, temp_filtered=26.80, error=2.20, trend_c_per_min=0.01, heater_demand_pct=85.0, intake_pwm=187, exhaust_pwm=47, relay=ON",2026-07-08 14:31:32.110679+00,,,,,,,,,,,true
88d40040-907a-4814-a9fd-741555891af1,77211883-4c4d-4c93-ad77-9456d4aba557,69527257-2ee0-48be-a172-dbed4bc62b1b,2026-07-08 09:38:31.508187+00,1928276,1927,fuzzy_strong_heating,26.30,78.20,25.90,72.00,26.50,3136,true,205,42,-52,"method=fuzzy_time_proportioning, target=28-30C, temp_filtered=26.30, error=2.70, trend_c_per_min=0.02, heater_demand_pct=96.6, intake_pwm=205, exhaust_pwm=42, relay=ON",2026-07-08 09:38:31.508187+00,,,,,,,,,,,true
8929f936-dc06-4049-908c-56d81e24b310,77211883-4c4d-4c93-ad77-9456d4aba557,69527257-2ee0-48be-a172-dbed4bc62b1b,2026-07-08 10:55:31.217871+00,6548276,6547,fuzzy_soft_heating,27.00,87.60,26.90,78.40,26.88,3117,true,175,79,-52,"method=fuzzy_time_proportioning, target=28-30C, temp_filtered=27.00, error=2.00, trend_c_per_min=0.00, heater_demand_pct=67.5, intake_pwm=175, exhaust_pwm=79, relay=ON",2026-07-08 10:55:31.217871+00,,,,,,,,,,,true
89a69b93-9724-42fd-b908-5117299089f6,77211883-4c4d-4c93-ad77-9456d4aba557,69527257-2ee0-48be-a172-dbed4bc62b1b,2026-07-08 11:01:31.564956+00,6908355,6907,fuzzy_soft_heating,27.10,87.80,27.00,78.20,26.88,3139,true,175,79,-53,"method=fuzzy_time_proportioning, target=28-30C, temp_filtered=27.08, error=1.92, trend_c_per_min=0.07, heater_demand_pct=67.5, intake_pwm=175, exhaust_pwm=79, relay=ON",2026-07-08 11:01:31.564956+00,,,,,,,,,,,true
89b4cef6-b5bc-45b5-85dc-10e6104fb5d4,77211883-4c4d-4c93-ad77-9456d4aba557,69527257-2ee0-48be-a172-dbed4bc62b1b,2026-07-08 16:38:32.145999+00,27128438,27127,fuzzy_strong_heating,27.40,77.20,,,27.13,3120,true,180,50,-56,"method=fuzzy_time_proportioning, target=28-30C, temp_filtered=27.35, error=1.65, trend_c_per_min=0.18, heater_demand_pct=80.0, intake_pwm=180, exhaust_pwm=50, relay=ON",2026-07-08 16:38:32.145999+00,,,,,,,,,,,true
89b6a03a-810d-42a8-b4d5-b995bc475f5b,77211883-4c4d-4c93-ad77-9456d4aba557,69527257-2ee0-48be-a172-dbed4bc62b1b,2026-07-08 18:09:31.931645+00,32588529,32587,fuzzy_strong_heating,25.80,67.00,25.20,63.40,26.50,3138,true,210,40,-49,"method=fuzzy_time_proportioning, target=28-30C, temp_filtered=25.84, error=3.16, trend_c_per_min=-0.14, heater_demand_pct=100.0, intake_pwm=210, exhaust_pwm=40, relay=ON",2026-07-08 18:09:31.931645+00,,,,,0.6,3.6,,,,,true
89bd7d8f-5cf2-45db-9fa2-4a555756fee6,77211883-4c4d-4c93-ad77-9456d4aba557,69527257-2ee0-48be-a172-dbed4bc62b1b,2026-07-08 11:54:31.425036+00,10088417,10087,fuzzy_strong_heating,26.30,70.50,,,26.63,3123,true,207,40,-55,"method=fuzzy_time_proportioning, target=28-30C, temp_filtered=26.28, error=2.72, trend_c_per_min=0.09, heater_demand_pct=98.1, intake_pwm=207, exhaust_pwm=40, relay=ON",2026-07-08 11:54:31.425036+00,,,,,,,,,,,true
89dfff59-3c33-4b9c-aebb-e6b524f5b256,77211883-4c4d-4c93-ad77-9456d4aba557,69527257-2ee0-48be-a172-dbed4bc62b1b,2026-07-08 18:12:31.558233+00,32768529,32767,fuzzy_strong_heating,25.80,66.70,25.30,62.80,26.50,3168,true,210,40,-50,"method=fuzzy_time_proportioning, target=28-30C, temp_filtered=25.80, error=3.20, trend_c_per_min=0.00, heater_demand_pct=100.0, intake_pwm=210, exhaust_pwm=40, relay=ON",2026-07-08 18:12:31.558233+00,,,,,0.5,3.9,,,,,true
89f1d358-80ec-45fb-be37-ed0c0e66d1d0,77211883-4c4d-4c93-ad77-9456d4aba557,69527257-2ee0-48be-a172-dbed4bc62b1b,2026-07-08 12:34:32.363558+00,12488417,12487,fuzzy_strong_heating,26.60,74.70,,,26.69,3121,true,194,45,-53,"method=fuzzy_time_proportioning, target=28-30C, temp_filtered=26.60, error=2.40, trend_c_per_min=-0.00, heater_demand_pct=90.0, intake_pwm=194, exhaust_pwm=45, relay=ON",2026-07-08 12:34:32.363558+00,,,,,,,,,,,true
8a2553a6-959c-48be-89e6-3563d1741aa3,77211883-4c4d-4c93-ad77-9456d4aba557,69527257-2ee0-48be-a172-dbed4bc62b1b,2026-07-08 13:51:01.901131+00,17078438,17077,fuzzy_strong_heating,26.30,72.60,,,26.56,3127,true,206,41,-58,"method=fuzzy_time_proportioning, target=28-30C, temp_filtered=26.31, error=2.69, trend_c_per_min=-0.02, heater_demand_pct=97.3, intake_pwm=206, exhaust_pwm=41, relay=ON",2026-07-08 13:51:01.901131+00,,,,,,,,,,,true
8a2b5ee4-8f61-454d-92bb-13827ab75f25,77211883-4c4d-4c93-ad77-9456d4aba557,69527257-2ee0-48be-a172-dbed4bc62b1b,2026-07-08 18:22:31.650918+00,33368529,33367,fuzzy_strong_heating,25.70,65.40,25.10,62.10,26.44,3152,true,210,40,-52,"method=fuzzy_time_proportioning, target=28-30C, temp_filtered=25.70, error=3.30, trend_c_per_min=0.00, heater_demand_pct=100.0, intake_pwm=210, exhaust_pwm=40, relay=ON",2026-07-08 18:22:31.650918+00,,,,,0.6,3.3,,,,,true
8a4ef60d-b132-4ece-963e-30f274df63cb,77211883-4c4d-4c93-ad77-9456d4aba557,69527257-2ee0-48be-a172-dbed4bc62b1b,2026-07-08 14:10:32.180074+00,18248438,18247,fuzzy_strong_heating,26.60,75.30,,,26.69,3136,true,194,45,-57,"method=fuzzy_time_proportioning, target=28-30C, temp_filtered=26.61, error=2.39, trend_c_per_min=-0.02, heater_demand_pct=89.9, intake_pwm=194, exhaust_pwm=45, relay=ON",2026-07-08 14:10:32.180074+00,,,,,,,,,,,true
8aceef68-7010-4888-a6e4-82a3d4384cc6,77211883-4c4d-4c93-ad77-9456d4aba557,69527257-2ee0-48be-a172-dbed4bc62b1b,2026-07-08 13:08:01.586924+00,14498448,14497,fuzzy_strong_heating,26.20,70.30,,,26.56,3115,true,209,40,-51,"method=fuzzy_time_proportioning, target=28-30C, temp_filtered=26.20, error=2.80, trend_c_per_min=-0.00, heater_demand_pct=100.0, intake_pwm=209, exhaust_pwm=40, relay=ON",2026-07-08 13:08:01.586924+00,,,,,,,,,,,true
8b423d7d-855f-43c1-9d06-d52841b3bf7f,77211883-4c4d-4c93-ad77-9456d4aba557,69527257-2ee0-48be-a172-dbed4bc62b1b,2026-07-08 13:10:31.174137+00,14648449,14647,fuzzy_strong_heating,26.20,74.10,,,26.56,3113,true,210,40,-51,"method=fuzzy_time_proportioning, target=28-30C, temp_filtered=26.20, error=2.80, trend_c_per_min=0.00, heater_demand_pct=100.0, intake_pwm=210, exhaust_pwm=40, relay=ON",2026-07-08 13:10:31.174137+00,,,,,,,,,,,true
8bc89f84-e701-40ac-8111-679b904c06e5,77211883-4c4d-4c93-ad77-9456d4aba557,69527257-2ee0-48be-a172-dbed4bc62b1b,2026-07-08 12:07:01.921039+00,10838417,10837,fuzzy_strong_heating,26.60,76.40,,,26.75,3118,true,183,47,-57,"method=fuzzy_time_proportioning, target=28-30C, temp_filtered=26.67, error=2.33, trend_c_per_min=-0.30, heater_demand_pct=79.5, intake_pwm=183, exhaust_pwm=47, relay=ON",2026-07-08 12:07:01.921039+00,,,,,,,,,,,true
8bcc7846-e6f9-4348-bce9-bfc5b4d6c3ba,77211883-4c4d-4c93-ad77-9456d4aba557,69527257-2ee0-48be-a172-dbed4bc62b1b,2026-07-08 10:23:32.920712+00,4628276,4627,fuzzy_strong_heating,26.60,79.40,26.50,71.70,26.69,3127,true,192,54,-54,"method=fuzzy_time_proportioning, target=28-30C, temp_filtered=26.56, error=2.44, trend_c_per_min=0.17, heater_demand_pct=85.7, intake_pwm=192, exhaust_pwm=54, relay=ON",2026-07-08 10:23:32.920712+00,,,,,,,,,,,true
8c296bfe-016f-42aa-9228-6e53a6478417,77211883-4c4d-4c93-ad77-9456d4aba557,69527257-2ee0-48be-a172-dbed4bc62b1b,2026-07-08 15:36:01.769682+00,23378438,23377,fuzzy_strong_heating,27.30,77.50,,,27.00,3115,true,180,50,-54,"method=fuzzy_time_proportioning, target=28-30C, temp_filtered=27.30, error=1.70, trend_c_per_min=0.00, heater_demand_pct=80.0, intake_pwm=180, exhaust_pwm=50, relay=ON",2026-07-08 15:36:01.769682+00,,,,,,,,,,,true
8c38dd78-53b2-460f-98be-895b34322b5a,77211883-4c4d-4c93-ad77-9456d4aba557,69527257-2ee0-48be-a172-dbed4bc62b1b,2026-07-08 15:24:31.786843+00,22688438,22687,fuzzy_strong_heating,27.20,77.20,,,27.00,3131,true,180,50,-53,"method=fuzzy_time_proportioning, target=28-30C, temp_filtered=27.20, error=1.80, trend_c_per_min=-0.00, heater_demand_pct=80.0, intake_pwm=180, exhaust_pwm=50, relay=ON",2026-07-08 15:24:31.786843+00,,,,,,,,,,,true
8cf6aa71-5a76-43ac-ac8c-827bdad48301,77211883-4c4d-4c93-ad77-9456d4aba557,69527257-2ee0-48be-a172-dbed4bc62b1b,2026-07-08 17:23:01.973217+00,29798529,29797,fuzzy_strong_heating,27.40,77.30,,,27.19,3132,true,180,50,-53,"method=fuzzy_time_proportioning, target=28-30C, temp_filtered=27.40, error=1.60, trend_c_per_min=0.00, heater_demand_pct=80.0, intake_pwm=180, exhaust_pwm=50, relay=ON",2026-07-08 17:23:01.973217+00,,,,,,,,,,,true
8d3221e0-020e-4189-9530-07c4800fd8fe,77211883-4c4d-4c93-ad77-9456d4aba557,69527257-2ee0-48be-a172-dbed4bc62b1b,2026-07-08 16:23:33.15061+00,26228438,26227,fuzzy_strong_heating,27.30,77.00,,,27.13,3117,true,180,50,-54,"method=fuzzy_time_proportioning, target=28-30C, temp_filtered=27.30, error=1.70, trend_c_per_min=-0.00, heater_demand_pct=80.0, intake_pwm=180, exhaust_pwm=50, relay=ON",2026-07-08 16:23:33.15061+00,,,,,,,,,,,true
8d49e12a-75a3-45a1-a283-178205aa66ee,77211883-4c4d-4c93-ad77-9456d4aba557,69527257-2ee0-48be-a172-dbed4bc62b1b,2026-07-08 14:32:01.714105+00,19538438,19537,fuzzy_strong_heating,26.80,73.70,,,26.81,3129,true,187,47,-57,"method=fuzzy_time_proportioning, target=28-30C, temp_filtered=26.80, error=2.20, trend_c_per_min=0.00, heater_demand_pct=85.0, intake_pwm=187, exhaust_pwm=47, relay=ON",2026-07-08 14:32:01.714105+00,,,,,,,,,,,true
8d9f32c3-d854-4de0-a11f-2b47bf20653b,77211883-4c4d-4c93-ad77-9456d4aba557,69527257-2ee0-48be-a172-dbed4bc62b1b,2026-07-08 15:11:02.362478+00,21878438,21877,fuzzy_strong_heating,27.20,76.70,,,26.94,3125,true,180,50,-53,"method=fuzzy_time_proportioning, target=28-30C, temp_filtered=27.20, error=1.80, trend_c_per_min=0.00, heater_demand_pct=80.0, intake_pwm=180, exhaust_pwm=50, relay=ON",2026-07-08 15:11:02.362478+00,,,,,,,,,,,true
8db25cb4-7968-4107-9db6-66258e731587,77211883-4c4d-4c93-ad77-9456d4aba557,69527257-2ee0-48be-a172-dbed4bc62b1b,2026-07-08 15:37:01.700237+00,23438438,23437,fuzzy_strong_heating,27.30,77.50,,,27.00,3119,true,180,50,-52,"method=fuzzy_time_proportioning, target=28-30C, temp_filtered=27.30, error=1.70, trend_c_per_min=0.00, heater_demand_pct=80.0, intake_pwm=180, exhaust_pwm=50, relay=ON",2026-07-08 15:37:01.700237+00,,,,,,,,,,,true
8dc5baf6-9824-4cef-bedb-22e6c9bc8a8c,77211883-4c4d-4c93-ad77-9456d4aba557,69527257-2ee0-48be-a172-dbed4bc62b1b,2026-07-08 11:04:01.713445+00,7058367,7057,fuzzy_soft_heating,27.10,86.00,,,26.94,3127,true,175,78,-53,"method=fuzzy_time_proportioning, target=28-30C, temp_filtered=27.10, error=1.90, trend_c_per_min=0.00, heater_demand_pct=68.2, intake_pwm=175, exhaust_pwm=78, relay=ON",2026-07-08 11:04:01.713445+00,,,,,,,,,,,true
8e4234a9-d24a-4ed5-95f0-c63a8e657de3,77211883-4c4d-4c93-ad77-9456d4aba557,69527257-2ee0-48be-a172-dbed4bc62b1b,2026-07-08 17:41:02.397159+00,30878529,30877,fuzzy_strong_heating,27.30,76.70,,,27.19,3127,true,180,50,-65,"method=fuzzy_time_proportioning, target=28-30C, temp_filtered=27.30, error=1.70, trend_c_per_min=-0.02, heater_demand_pct=80.0, intake_pwm=180, exhaust_pwm=50, relay=ON",2026-07-08 17:41:02.397159+00,,,,,,,,,,,true
8e5280da-bdad-4043-b28a-6fd7b146d32a,77211883-4c4d-4c93-ad77-9456d4aba557,69527257-2ee0-48be-a172-dbed4bc62b1b,2026-07-08 09:09:00.922737+00,158484,157,fuzzy_strong_heating,26.50,81.60,26.30,74.00,26.94,3183,true,189,64,-60,"method=fuzzy_time_proportioning, target=28-30C, temp_filtered=26.50, error=2.50, trend_c_per_min=0.01, heater_demand_pct=80.9, intake_pwm=189, exhaust_pwm=64, relay=ON",2026-07-08 09:09:00.922737+00,,,,,,,,,,,true
8e6b9e67-469b-48dd-9486-5031db3a6518,77211883-4c4d-4c93-ad77-9456d4aba557,69527257-2ee0-48be-a172-dbed4bc62b1b,2026-07-08 12:46:01.516783+00,13178417,13177,fuzzy_strong_heating,26.30,75.20,,,26.56,3107,true,208,40,-52,"method=fuzzy_time_proportioning, target=28-30C, temp_filtered=26.24, error=2.76, trend_c_per_min=0.23, heater_demand_pct=98.9, intake_pwm=208, exhaust_pwm=40, relay=ON",2026-07-08 12:46:01.516783+00,,,,,,,,,,,true
8ee49cfb-ab9b-4d70-a514-140e7a522eba,77211883-4c4d-4c93-ad77-9456d4aba557,69527257-2ee0-48be-a172-dbed4bc62b1b,2026-07-08 12:49:01.177079+00,13358417,13357,fuzzy_strong_heating,26.40,78.40,,,26.63,3132,true,200,45,-52,"method=fuzzy_time_proportioning, target=28-30C, temp_filtered=26.40, error=2.60, trend_c_per_min=0.00, heater_demand_pct=93.1, intake_pwm=200, exhaust_pwm=45, relay=ON",2026-07-08 12:49:01.177079+00,,,,,,,,,,,true
8f04a7ce-4e05-48de-ae3d-e0c91b902cc8,77211883-4c4d-4c93-ad77-9456d4aba557,69527257-2ee0-48be-a172-dbed4bc62b1b,2026-07-08 14:17:31.238462+00,18668438,18667,fuzzy_strong_heating,26.30,71.80,,,26.56,3275,true,206,41,-53,"method=fuzzy_time_proportioning, target=28-30C, temp_filtered=26.30, error=2.70, trend_c_per_min=-0.00, heater_demand_pct=97.5, intake_pwm=206, exhaust_pwm=41, relay=ON",2026-07-08 14:17:31.238462+00,,,,,,,,,,,true
8f6b9c34-5edc-4014-a437-8708bd43fff9,77211883-4c4d-4c93-ad77-9456d4aba557,69527257-2ee0-48be-a172-dbed4bc62b1b,2026-07-08 13:23:31.591531+00,15428449,15427,fuzzy_strong_heating,26.50,75.00,,,26.69,3110,true,189,45,-52,"method=fuzzy_time_proportioning, target=28-30C, temp_filtered=26.54, error=2.46, trend_c_per_min=-0.15, heater_demand_pct=83.7, intake_pwm=189, exhaust_pwm=45, relay=ON",2026-07-08 13:23:31.591531+00,,,,,,,,,,,true
8f84e07c-59b9-47c4-bfd8-657bfa62870e,77211883-4c4d-4c93-ad77-9456d4aba557,69527257-2ee0-48be-a172-dbed4bc62b1b,2026-07-08 10:22:31.896454+00,4568276,4567,fuzzy_strong_heating,26.50,78.90,26.50,71.30,26.63,3130,true,196,50,-55,"method=fuzzy_time_proportioning, target=28-30C, temp_filtered=26.48, error=2.52, trend_c_per_min=0.10, heater_demand_pct=89.2, intake_pwm=196, exhaust_pwm=50, relay=ON",2026-07-08 10:22:31.896454+00,,,,,,,,,,,true
8fa01d7e-3f59-4f8b-b164-b61f7dffd3a7,77211883-4c4d-4c93-ad77-9456d4aba557,69527257-2ee0-48be-a172-dbed4bc62b1b,2026-07-08 14:48:32.490766+00,20528438,20527,fuzzy_strong_heating,27.10,75.50,,,26.88,3115,true,180,50,-53,"method=fuzzy_time_proportioning, target=28-30C, temp_filtered=27.09, error=1.91, trend_c_per_min=0.03, heater_demand_pct=80.0, intake_pwm=180, exhaust_pwm=50, relay=ON",2026-07-08 14:48:32.490766+00,,,,,,,,,,,true
8fd053df-566e-45a8-9d4b-4b8dc7fd92b3,77211883-4c4d-4c93-ad77-9456d4aba557,69527257-2ee0-48be-a172-dbed4bc62b1b,2026-07-08 13:42:02.286179+00,16538438,16537,fuzzy_strong_heating,26.60,80.90,,,26.69,3135,true,188,62,-59,"method=fuzzy_time_proportioning, target=28-30C, temp_filtered=26.60, error=2.40, trend_c_per_min=0.01, heater_demand_pct=80.7, intake_pwm=188, exhaust_pwm=62, relay=ON",2026-07-08 13:42:02.286179+00,,,,,,,,,,,true
903edbfd-608a-4203-aec7-5de2c9c9dc2a,77211883-4c4d-4c93-ad77-9456d4aba557,69527257-2ee0-48be-a172-dbed4bc62b1b,2026-07-08 17:17:02.370251+00,29438529,29437,fuzzy_strong_heating,27.40,77.40,,,27.19,3120,true,180,50,-54,"method=fuzzy_time_proportioning, target=28-30C, temp_filtered=27.38, error=1.62, trend_c_per_min=0.07, heater_demand_pct=80.0, intake_pwm=180, exhaust_pwm=50, relay=ON",2026-07-08 17:17:02.370251+00,,,,,,,,,,,true
90923d62-5dc6-4ddf-bfdc-dd0eb531520c,77211883-4c4d-4c93-ad77-9456d4aba557,69527257-2ee0-48be-a172-dbed4bc62b1b,2026-07-08 12:18:01.922066+00,11498417,11497,fuzzy_strong_heating,26.30,69.80,,,26.63,3325,true,206,41,-57,"method=fuzzy_time_proportioning, target=28-30C, temp_filtered=26.30, error=2.70, trend_c_per_min=-0.00, heater_demand_pct=97.5, intake_pwm=206, exhaust_pwm=41, relay=ON",2026-07-08 12:18:01.922066+00,,,,,,,,,,,true
90caaa53-313b-4ff9-a3d4-a2046557ce56,77211883-4c4d-4c93-ad77-9456d4aba557,69527257-2ee0-48be-a172-dbed4bc62b1b,2026-07-08 15:38:02.159999+00,23498438,23497,fuzzy_strong_heating,27.30,77.50,,,27.00,3139,true,180,50,-56,"method=fuzzy_time_proportioning, target=28-30C, temp_filtered=27.30, error=1.70, trend_c_per_min=0.00, heater_demand_pct=80.0, intake_pwm=180, exhaust_pwm=50, relay=ON",2026-07-08 15:38:02.159999+00,,,,,,,,,,,true
90ee37b2-ccd8-406a-8b69-c6bd96cff88c,77211883-4c4d-4c93-ad77-9456d4aba557,69527257-2ee0-48be-a172-dbed4bc62b1b,2026-07-08 10:52:31.775218+00,6368276,6367,fuzzy_soft_heating,27.00,87.20,26.80,78.20,26.88,3136,true,175,79,-53,"method=fuzzy_time_proportioning, target=28-30C, temp_filtered=27.00, error=2.00, trend_c_per_min=0.00, heater_demand_pct=67.5, intake_pwm=175, exhaust_pwm=79, relay=ON",2026-07-08 10:52:31.775218+00,,,,,,,,,,,true
9128354a-6fcf-49c8-8618-8e419a000035,77211883-4c4d-4c93-ad77-9456d4aba557,69527257-2ee0-48be-a172-dbed4bc62b1b,2026-07-08 09:41:00.827118+00,2078276,2077,fuzzy_strong_heating,26.40,80.40,26.00,73.60,26.63,3126,true,195,57,-51,"method=fuzzy_time_proportioning, target=28-30C, temp_filtered=26.38, error=2.62, trend_c_per_min=0.08, heater_demand_pct=86.1, intake_pwm=195, exhaust_pwm=57, relay=ON",2026-07-08 09:41:00.827118+00,,,,,,,,,,,true
916c9144-fed5-4e93-ae43-b5308295b3a8,77211883-4c4d-4c93-ad77-9456d4aba557,69527257-2ee0-48be-a172-dbed4bc62b1b,2026-07-08 13:36:35.56292+00,16208449,16207,fuzzy_strong_heating,26.30,76.90,,,26.56,3135,true,206,41,-53,"method=fuzzy_time_proportioning, target=28-30C, temp_filtered=26.28, error=2.72, trend_c_per_min=0.07, heater_demand_pct=97.9, intake_pwm=206, exhaust_pwm=41, relay=ON",2026-07-08 13:36:35.56292+00,,,,,,,,,,,true
917e1e67-fbcb-4b30-a438-8d23b26dfc7f,77211883-4c4d-4c93-ad77-9456d4aba557,69527257-2ee0-48be-a172-dbed4bc62b1b,2026-07-08 10:28:01.944933+00,4898276,4897,fuzzy_strong_heating,26.80,81.80,26.80,73.40,26.75,3125,true,181,67,-54,"method=fuzzy_time_proportioning, target=28-30C, temp_filtered=26.79, error=2.21, trend_c_per_min=0.02, heater_demand_pct=75.4, intake_pwm=181, exhaust_pwm=67, relay=ON",2026-07-08 10:28:01.944933+00,,,,,,,,,,,true
918cc8d4-5eb1-43fb-a278-19b159287c2a,77211883-4c4d-4c93-ad77-9456d4aba557,69527257-2ee0-48be-a172-dbed4bc62b1b,2026-07-08 16:34:31.461486+00,26888438,26887,fuzzy_strong_heating,27.30,77.10,,,27.13,3122,true,180,50,-53,"method=fuzzy_time_proportioning, target=28-30C, temp_filtered=27.30, error=1.70, trend_c_per_min=-0.01, heater_demand_pct=80.0, intake_pwm=180, exhaust_pwm=50, relay=ON",2026-07-08 16:34:31.461486+00,,,,,,,,,,,true
91cec059-7154-4bec-964a-89783c6b2b5a,77211883-4c4d-4c93-ad77-9456d4aba557,69527257-2ee0-48be-a172-dbed4bc62b1b,2026-07-08 14:24:32.059829+00,19088438,19087,fuzzy_strong_heating,26.40,72.90,,,26.69,3134,true,198,43,-57,"method=fuzzy_time_proportioning, target=28-30C, temp_filtered=26.42, error=2.58, trend_c_per_min=-0.07, heater_demand_pct=91.3, intake_pwm=198, exhaust_pwm=43, relay=ON",2026-07-08 14:24:32.059829+00,,,,,,,,,,,true
921b81ea-e297-4a14-a73d-d69c86c94e72,77211883-4c4d-4c93-ad77-9456d4aba557,69527257-2ee0-48be-a172-dbed4bc62b1b,2026-07-08 12:57:31.62982+00,13868417,13867,fuzzy_strong_heating,26.60,75.60,,,26.69,3133,true,194,45,-54,"method=fuzzy_time_proportioning, target=28-30C, temp_filtered=26.60, error=2.40, trend_c_per_min=-0.00, heater_demand_pct=90.0, intake_pwm=194, exhaust_pwm=45, relay=ON",2026-07-08 12:57:31.62982+00,,,,,,,,,,,true
923ff581-5132-45ad-83ba-ddaa64b19ee0,77211883-4c4d-4c93-ad77-9456d4aba557,69527257-2ee0-48be-a172-dbed4bc62b1b,2026-07-08 13:44:01.491667+00,16658438,16657,fuzzy_strong_heating,26.70,79.80,,,26.69,3127,true,188,57,-58,"method=fuzzy_time_proportioning, target=28-30C, temp_filtered=26.66, error=2.34, trend_c_per_min=0.16, heater_demand_pct=82.4, intake_pwm=188, exhaust_pwm=57, relay=ON",2026-07-08 13:44:01.491667+00,,,,,,,,,,,true
934e7326-d83f-4321-8f2d-553a54e56d97,77211883-4c4d-4c93-ad77-9456d4aba557,69527257-2ee0-48be-a172-dbed4bc62b1b,2026-07-08 14:04:32.446022+00,17888438,17887,fuzzy_strong_heating,26.60,80.80,,,26.69,3106,true,188,61,-52,"method=fuzzy_time_proportioning, target=28-30C, temp_filtered=26.60, error=2.40, trend_c_per_min=0.01, heater_demand_pct=81.0, intake_pwm=188, exhaust_pwm=61, relay=ON",2026-07-08 14:04:32.446022+00,,,,,,,,,,,true
9396a34d-967c-488c-889f-b4bb673c76ff,77211883-4c4d-4c93-ad77-9456d4aba557,69527257-2ee0-48be-a172-dbed4bc62b1b,2026-07-08 10:51:31.796315+00,6308276,6307,fuzzy_soft_heating,27.00,87.20,26.90,78.10,26.81,3199,true,175,79,-53,"method=fuzzy_time_proportioning, target=28-30C, temp_filtered=27.00, error=2.00, trend_c_per_min=0.00, heater_demand_pct=67.5, intake_pwm=175, exhaust_pwm=79, relay=ON",2026-07-08 10:51:31.796315+00,,,,,,,,,,,true
93a99519-1370-4724-9f53-e8d1b82243df,77211883-4c4d-4c93-ad77-9456d4aba557,69527257-2ee0-48be-a172-dbed4bc62b1b,2026-07-08 14:45:32.123523+00,20348438,20347,fuzzy_strong_heating,27.00,75.20,,,26.88,3139,true,180,49,-53,"method=fuzzy_time_proportioning, target=28-30C, temp_filtered=27.00, error=2.00, trend_c_per_min=0.00, heater_demand_pct=80.0, intake_pwm=180, exhaust_pwm=49, relay=ON",2026-07-08 14:45:32.123523+00,,,,,,,,,,,true
93b4b890-f38b-4ef1-acc1-0befa8586d86,77211883-4c4d-4c93-ad77-9456d4aba557,69527257-2ee0-48be-a172-dbed4bc62b1b,2026-07-08 15:29:31.68778+00,22988438,22987,fuzzy_strong_heating,27.30,77.20,,,27.00,3133,true,180,50,-53,"method=fuzzy_time_proportioning, target=28-30C, temp_filtered=27.26, error=1.74, trend_c_per_min=0.15, heater_demand_pct=80.0, intake_pwm=180, exhaust_pwm=50, relay=ON",2026-07-08 15:29:31.68778+00,,,,,,,,,,,true
93c9920c-ce43-4bc1-8c6c-8f45852a576d,77211883-4c4d-4c93-ad77-9456d4aba557,69527257-2ee0-48be-a172-dbed4bc62b1b,2026-07-08 11:52:31.459791+00,9968417,9967,fuzzy_strong_heating,26.30,69.60,,,26.56,3100,true,206,41,-54,"method=fuzzy_time_proportioning, target=28-30C, temp_filtered=26.30, error=2.70, trend_c_per_min=0.00, heater_demand_pct=97.5, intake_pwm=206, exhaust_pwm=41, relay=ON",2026-07-08 11:52:31.459791+00,,,,,,,,,,,true
93d1566c-b72f-47c9-90f4-3e2d8571f088,77211883-4c4d-4c93-ad77-9456d4aba557,69527257-2ee0-48be-a172-dbed4bc62b1b,2026-07-08 17:49:01.744541+00,31358529,31357,fuzzy_strong_heating,26.70,71.50,26.20,66.40,26.88,3181,true,191,46,-51,"method=fuzzy_time_proportioning, target=28-30C, temp_filtered=26.71, error=2.29, trend_c_per_min=-0.02, heater_demand_pct=87.4, intake_pwm=191, exhaust_pwm=46, relay=ON",2026-07-08 17:49:01.744541+00,,,,,,,,,,,true
93e3ad51-dfa3-46e3-b330-a87a9ef78d99,77211883-4c4d-4c93-ad77-9456d4aba557,69527257-2ee0-48be-a172-dbed4bc62b1b,2026-07-08 18:00:02.518338+00,32018529,32017,fuzzy_strong_heating,26.10,68.80,25.70,64.50,26.69,3113,true,210,40,-50,"method=fuzzy_time_proportioning, target=28-30C, temp_filtered=26.10, error=2.90, trend_c_per_min=-0.00, heater_demand_pct=100.0, intake_pwm=210, exhaust_pwm=40, relay=ON",2026-07-08 18:00:02.518338+00,,,,,0.4,4.3,,,,,true
94455371-0022-46dc-ab8a-5f2f23efef0e,77211883-4c4d-4c93-ad77-9456d4aba557,69527257-2ee0-48be-a172-dbed4bc62b1b,2026-07-08 12:07:31.510522+00,10868417,10867,fuzzy_strong_heating,26.60,75.80,,,26.69,3126,true,188,46,-55,"method=fuzzy_time_proportioning, target=28-30C, temp_filtered=26.63, error=2.37, trend_c_per_min=-0.11, heater_demand_pct=83.8, intake_pwm=188, exhaust_pwm=46, relay=ON",2026-07-08 12:07:31.510522+00,,,,,,,,,,,true
94b70d78-42d1-4086-bd97-33b474dce2da,77211883-4c4d-4c93-ad77-9456d4aba557,69527257-2ee0-48be-a172-dbed4bc62b1b,2026-07-08 09:37:31.143809+00,1868276,1867,fuzzy_strong_heating,26.30,76.80,25.80,71.10,26.56,2938,true,208,40,-51,"method=fuzzy_time_proportioning, target=28-30C, temp_filtered=26.24, error=2.76, trend_c_per_min=0.26, heater_demand_pct=99.1, intake_pwm=208, exhaust_pwm=40, relay=ON",2026-07-08 09:37:31.143809+00,,,,,,,,,,,true
94fa064a-eec9-465a-8c4c-d57f58a92c5e,77211883-4c4d-4c93-ad77-9456d4aba557,69527257-2ee0-48be-a172-dbed4bc62b1b,2026-07-08 12:55:01.678819+00,13718417,13717,fuzzy_strong_heating,26.70,78.70,,,26.75,3069,true,189,51,-54,"method=fuzzy_time_proportioning, target=28-30C, temp_filtered=26.70, error=2.30, trend_c_per_min=0.00, heater_demand_pct=84.9, intake_pwm=189, exhaust_pwm=51, relay=ON",2026-07-08 12:55:01.678819+00,,,,,,,,,,,true
9587a0e8-2584-4a0b-ac9e-c1c809c1904b,77211883-4c4d-4c93-ad77-9456d4aba557,69527257-2ee0-48be-a172-dbed4bc62b1b,2026-07-08 17:14:32.533736+00,29288529,29287,fuzzy_strong_heating,27.40,77.40,,,27.13,3123,true,180,50,-57,"method=fuzzy_time_proportioning, target=28-30C, temp_filtered=27.39, error=1.61, trend_c_per_min=0.04, heater_demand_pct=80.0, intake_pwm=180, exhaust_pwm=50, relay=ON",2026-07-08 17:14:32.533736+00,,,,,,,,,,,true
95ce226a-1544-452b-ad5c-4735becf71fa,77211883-4c4d-4c93-ad77-9456d4aba557,69527257-2ee0-48be-a172-dbed4bc62b1b,2026-07-08 17:28:01.551334+00,30098529,30097,fuzzy_strong_heating,27.40,77.00,,,27.19,3120,true,180,50,-52,"method=fuzzy_time_proportioning, target=28-30C, temp_filtered=27.40, error=1.60, trend_c_per_min=0.01, heater_demand_pct=80.0, intake_pwm=180, exhaust_pwm=50, relay=ON",2026-07-08 17:28:01.551334+00,,,,,,,,,,,true
95e1d857-ae41-4c93-8446-ecbce2762bbf,77211883-4c4d-4c93-ad77-9456d4aba557,69527257-2ee0-48be-a172-dbed4bc62b1b,2026-07-08 14:41:32.492236+00,20108438,20107,fuzzy_strong_heating,27.00,74.90,,,26.81,3142,true,180,49,-53,"method=fuzzy_time_proportioning, target=28-30C, temp_filtered=27.00, error=2.00, trend_c_per_min=0.00, heater_demand_pct=80.0, intake_pwm=180, exhaust_pwm=49, relay=ON",2026-07-08 14:41:32.492236+00,,,,,,,,,,,true
9620ba4a-3464-4c4d-8505-6a2557d8d28f,77211883-4c4d-4c93-ad77-9456d4aba557,69527257-2ee0-48be-a172-dbed4bc62b1b,2026-07-08 18:04:02.350449+00,32258529,32257,fuzzy_strong_heating,26.00,67.90,25.50,63.70,26.63,3127,true,210,40,-50,"method=fuzzy_time_proportioning, target=28-30C, temp_filtered=26.00, error=3.00, trend_c_per_min=-0.00, heater_demand_pct=100.0, intake_pwm=210, exhaust_pwm=40, relay=ON",2026-07-08 18:04:02.350449+00,,,,,0.5,4.2,,,,,true
962c26f8-8e95-4eaa-8e4d-374eb1e403a9,77211883-4c4d-4c93-ad77-9456d4aba557,69527257-2ee0-48be-a172-dbed4bc62b1b,2026-07-08 16:35:32.167882+00,26948438,26947,fuzzy_strong_heating,27.30,77.10,,,27.13,3135,true,180,50,-54,"method=fuzzy_time_proportioning, target=28-30C, temp_filtered=27.30, error=1.70, trend_c_per_min=-0.00, heater_demand_pct=80.0, intake_pwm=180, exhaust_pwm=50, relay=ON",2026-07-08 16:35:32.167882+00,,,,,,,,,,,true
965fd903-f9b0-473c-a266-aa22f701caf5,77211883-4c4d-4c93-ad77-9456d4aba557,69527257-2ee0-48be-a172-dbed4bc62b1b,2026-07-08 15:01:31.698002+00,21308438,21307,fuzzy_strong_heating,27.10,76.40,,,26.94,3136,true,180,50,-54,"method=fuzzy_time_proportioning, target=28-30C, temp_filtered=27.10, error=1.90, trend_c_per_min=-0.00, heater_demand_pct=80.0, intake_pwm=180, exhaust_pwm=50, relay=ON",2026-07-08 15:01:31.698002+00,,,,,,,,,,,true
967c824b-0200-4dc9-83f2-f1eb78c38131,77211883-4c4d-4c93-ad77-9456d4aba557,69527257-2ee0-48be-a172-dbed4bc62b1b,2026-07-08 09:33:00.715661+00,1598276,1597,fuzzy_strong_heating,26.40,74.50,25.80,69.00,26.63,3127,true,198,43,-52,"method=fuzzy_time_proportioning, target=28-30C, temp_filtered=26.42, error=2.58, trend_c_per_min=-0.07, heater_demand_pct=91.6, intake_pwm=198, exhaust_pwm=43, relay=ON",2026-07-08 09:33:00.715661+00,,,,,,,,,,,true
9687ebb1-a0ca-4403-bbb3-112fe17bdcd0,77211883-4c4d-4c93-ad77-9456d4aba557,69527257-2ee0-48be-a172-dbed4bc62b1b,2026-07-08 17:04:32.417691+00,28688540,28687,fuzzy_strong_heating,27.30,76.90,,,27.13,3137,true,178,50,-57,"method=fuzzy_time_proportioning, target=28-30C, temp_filtered=27.32, error=1.68, trend_c_per_min=-0.09, heater_demand_pct=77.9, intake_pwm=178, exhaust_pwm=50, relay=ON",2026-07-08 17:04:32.417691+00,,,,,,,,,,,true
969c5833-6998-4b7d-9bda-0ee5ac6c90e6,77211883-4c4d-4c93-ad77-9456d4aba557,69527257-2ee0-48be-a172-dbed4bc62b1b,2026-07-08 13:28:31.240926+00,15728449,15727,fuzzy_strong_heating,26.20,71.90,,,26.56,3118,true,203,41,-53,"method=fuzzy_time_proportioning, target=28-30C, temp_filtered=26.28, error=2.72, trend_c_per_min=-0.30, heater_demand_pct=95.3, intake_pwm=203, exhaust_pwm=41, relay=ON",2026-07-08 13:28:31.240926+00,,,,,,,,,,,true
96ef07cb-9451-4e83-ac63-5343872ebea7,77211883-4c4d-4c93-ad77-9456d4aba557,69527257-2ee0-48be-a172-dbed4bc62b1b,2026-07-08 15:04:01.309739+00,21458438,21457,fuzzy_strong_heating,27.20,76.50,,,26.94,4095,true,180,50,-53,"method=fuzzy_time_proportioning, target=28-30C, temp_filtered=27.16, error=1.84, trend_c_per_min=0.17, heater_demand_pct=80.0, intake_pwm=180, exhaust_pwm=50, relay=ON",2026-07-08 15:04:01.309739+00,,,,,,,,,,,true
97186a15-3a55-4c60-998d-52b5129c47bc,77211883-4c4d-4c93-ad77-9456d4aba557,69527257-2ee0-48be-a172-dbed4bc62b1b,2026-07-08 15:09:32.10721+00,21788438,21787,fuzzy_strong_heating,27.20,76.70,,,26.94,3131,true,180,50,-53,"method=fuzzy_time_proportioning, target=28-30C, temp_filtered=27.20, error=1.80, trend_c_per_min=0.00, heater_demand_pct=80.0, intake_pwm=180, exhaust_pwm=50, relay=ON",2026-07-08 15:09:32.10721+00,,,,,,,,,,,true
97a7cb23-3d59-49f3-b029-c2e5731ef9b4,77211883-4c4d-4c93-ad77-9456d4aba557,69527257-2ee0-48be-a172-dbed4bc62b1b,2026-07-08 12:35:01.088518+00,12518417,12517,fuzzy_strong_heating,26.50,74.30,,,26.69,3123,true,191,45,-54,"method=fuzzy_time_proportioning, target=28-30C, temp_filtered=26.53, error=2.47, trend_c_per_min=-0.11, heater_demand_pct=85.3, intake_pwm=191, exhaust_pwm=45, relay=ON",2026-07-08 12:35:01.088518+00,,,,,,,,,,,true
97b84886-4958-497a-a7c6-525c94aa177c,77211883-4c4d-4c93-ad77-9456d4aba557,69527257-2ee0-48be-a172-dbed4bc62b1b,2026-07-08 14:03:31.268379+00,17828438,17827,fuzzy_strong_heating,26.60,80.00,,,26.63,3135,true,192,57,-52,"method=fuzzy_time_proportioning, target=28-30C, temp_filtered=26.52, error=2.48, trend_c_per_min=0.32, heater_demand_pct=84.6, intake_pwm=192, exhaust_pwm=57, relay=ON",2026-07-08 14:03:31.268379+00,,,,,,,,,,,true
97e4931f-3ca9-42f2-82b9-3c1d3d27cfc1,77211883-4c4d-4c93-ad77-9456d4aba557,69527257-2ee0-48be-a172-dbed4bc62b1b,2026-07-08 13:26:01.821458+00,15578449,15577,fuzzy_strong_heating,26.40,73.30,,,26.63,3123,true,202,42,-52,"method=fuzzy_time_proportioning, target=28-30C, temp_filtered=26.40, error=2.60, trend_c_per_min=-0.01, heater_demand_pct=94.9, intake_pwm=202, exhaust_pwm=42, relay=ON",2026-07-08 13:26:01.821458+00,,,,,,,,,,,true
9855adf9-0610-4bae-8d7d-b11cef5efc6e,77211883-4c4d-4c93-ad77-9456d4aba557,69527257-2ee0-48be-a172-dbed4bc62b1b,2026-07-08 12:10:01.063816+00,11018417,11017,fuzzy_strong_heating,26.50,73.80,,,26.69,3117,true,189,45,-56,"method=fuzzy_time_proportioning, target=28-30C, temp_filtered=26.53, error=2.47, trend_c_per_min=-0.13, heater_demand_pct=83.8, intake_pwm=189, exhaust_pwm=45, relay=ON",2026-07-08 12:10:01.063816+00,,,,,,,,,,,true
98677ca5-a51f-4417-92e0-905dd2908b85,77211883-4c4d-4c93-ad77-9456d4aba557,69527257-2ee0-48be-a172-dbed4bc62b1b,2026-07-08 16:54:31.849482+00,28088464,28087,fuzzy_strong_heating,27.30,77.10,,,27.13,3134,true,177,50,-56,"method=fuzzy_time_proportioning, target=28-30C, temp_filtered=27.33, error=1.67, trend_c_per_min=-0.13, heater_demand_pct=75.7, intake_pwm=177, exhaust_pwm=50, relay=ON",2026-07-08 16:54:31.849482+00,,,,,,,,,,,true
98953361-3d81-42fd-9bec-ee92579d30af,77211883-4c4d-4c93-ad77-9456d4aba557,69527257-2ee0-48be-a172-dbed4bc62b1b,2026-07-08 12:21:31.068123+00,11708417,11707,fuzzy_strong_heating,26.30,74.20,,,26.63,3122,true,206,41,-53,"method=fuzzy_time_proportioning, target=28-30C, temp_filtered=26.30, error=2.70, trend_c_per_min=0.02, heater_demand_pct=97.6, intake_pwm=206, exhaust_pwm=41, relay=ON",2026-07-08 12:21:31.068123+00,,,,,,,,,,,true
98972d91-fec8-4c72-9d9b-0ae453753f69,77211883-4c4d-4c93-ad77-9456d4aba557,69527257-2ee0-48be-a172-dbed4bc62b1b,2026-07-08 17:37:32.023092+00,30668529,30667,fuzzy_strong_heating,27.40,76.30,,,27.19,3131,true,180,50,-59,"method=fuzzy_time_proportioning, target=28-30C, temp_filtered=27.39, error=1.61, trend_c_per_min=0.03, heater_demand_pct=80.0, intake_pwm=180, exhaust_pwm=50, relay=ON",2026-07-08 17:37:32.023092+00,,,,,,,,,,,true
98e0e9eb-3eca-45c8-b889-036445176a79,77211883-4c4d-4c93-ad77-9456d4aba557,69527257-2ee0-48be-a172-dbed4bc62b1b,2026-07-08 17:10:01.997622+00,29018529,29017,fuzzy_strong_heating,27.40,77.30,,,27.19,3138,true,180,50,-57,"method=fuzzy_time_proportioning, target=28-30C, temp_filtered=27.38, error=1.62, trend_c_per_min=0.07, heater_demand_pct=80.0, intake_pwm=180, exhaust_pwm=50, relay=ON",2026-07-08 17:10:01.997622+00,,,,,,,,,,,true
99049ac7-0a5b-496b-b38d-aade4e72493b,77211883-4c4d-4c93-ad77-9456d4aba557,69527257-2ee0-48be-a172-dbed4bc62b1b,2026-07-08 10:14:01.785938+00,4058276,4057,fuzzy_strong_heating,25.90,68.80,25.60,64.10,26.50,3123,true,210,40,-54,"method=fuzzy_time_proportioning, target=28-30C, temp_filtered=25.90, error=3.10, trend_c_per_min=-0.00, heater_demand_pct=100.0, intake_pwm=210, exhaust_pwm=40, relay=ON",2026-07-08 10:14:01.785938+00,,,,,,,,,,,true
995f7a63-4e8b-4131-942b-a90e825871cd,77211883-4c4d-4c93-ad77-9456d4aba557,69527257-2ee0-48be-a172-dbed4bc62b1b,2026-07-08 17:42:31.998513+00,30968529,30967,fuzzy_strong_heating,27.20,75.10,,,27.13,3122,true,179,50,-62,"method=fuzzy_time_proportioning, target=28-30C, temp_filtered=27.22, error=1.78, trend_c_per_min=-0.07, heater_demand_pct=78.8, intake_pwm=179, exhaust_pwm=50, relay=ON",2026-07-08 17:42:31.998513+00,,,,,,,,,,,true
9974b559-a91e-4e06-8d9b-2080896e9c36,77211883-4c4d-4c93-ad77-9456d4aba557,69527257-2ee0-48be-a172-dbed4bc62b1b,2026-07-08 10:49:01.265939+00,6158276,6157,fuzzy_soft_heating,26.90,83.90,26.60,76.60,26.88,3114,true,174,66,-54,"method=fuzzy_time_proportioning, target=28-30C, temp_filtered=26.97, error=2.03, trend_c_per_min=-0.28, heater_demand_pct=68.1, intake_pwm=174, exhaust_pwm=66, relay=ON",2026-07-08 10:49:01.265939+00,,,,,,,,,,,true
9997f341-5767-4991-8fb2-63870351bdb2,77211883-4c4d-4c93-ad77-9456d4aba557,69527257-2ee0-48be-a172-dbed4bc62b1b,2026-07-08 17:46:32.336827+00,31208529,31207,fuzzy_strong_heating,26.90,73.10,26.50,66.60,27.00,3146,true,183,48,-52,"method=fuzzy_time_proportioning, target=28-30C, temp_filtered=26.91, error=2.09, trend_c_per_min=-0.03, heater_demand_pct=82.3, intake_pwm=183, exhaust_pwm=48, relay=ON",2026-07-08 17:46:32.336827+00,,,,,,,,,,,true
99a7c371-6f6c-4415-b58e-01377f6f17cf,77211883-4c4d-4c93-ad77-9456d4aba557,69527257-2ee0-48be-a172-dbed4bc62b1b,2026-07-08 12:03:31.873955+00,10628417,10627,fuzzy_strong_heating,26.70,80.60,,,26.75,3127,true,186,61,-54,"method=fuzzy_time_proportioning, target=28-30C, temp_filtered=26.68, error=2.32, trend_c_per_min=0.07, heater_demand_pct=79.9, intake_pwm=186, exhaust_pwm=61, relay=ON",2026-07-08 12:03:31.873955+00,,,,,,,,,,,true
99aaf2ed-fb6c-4842-a522-f19e455fb469,77211883-4c4d-4c93-ad77-9456d4aba557,69527257-2ee0-48be-a172-dbed4bc62b1b,2026-07-08 12:17:31.475349+00,11468417,11467,fuzzy_strong_heating,26.30,69.90,,,26.63,3130,true,206,41,-55,"method=fuzzy_time_proportioning, target=28-30C, temp_filtered=26.30, error=2.70, trend_c_per_min=-0.00, heater_demand_pct=97.5, intake_pwm=206, exhaust_pwm=41, relay=ON",2026-07-08 12:17:31.475349+00,,,,,,,,,,,true
99e2af82-afe3-4a0d-b906-d9e72dcc0ddc,77211883-4c4d-4c93-ad77-9456d4aba557,69527257-2ee0-48be-a172-dbed4bc62b1b,2026-07-08 13:55:31.586011+00,17348438,17347,fuzzy_strong_heating,26.10,70.40,,,26.50,3118,true,210,40,-52,"method=fuzzy_time_proportioning, target=28-30C, temp_filtered=26.10, error=2.90, trend_c_per_min=-0.02, heater_demand_pct=100.0, intake_pwm=210, exhaust_pwm=40, relay=ON",2026-07-08 13:55:31.586011+00,,,,,,,,,,,true
99e6652c-b3ae-4aa9-9cc2-dd4d4b2dc5fc,77211883-4c4d-4c93-ad77-9456d4aba557,69527257-2ee0-48be-a172-dbed4bc62b1b,2026-07-08 11:20:01.411991+00,8018428,8017,fuzzy_strong_heating,26.30,73.20,,,26.69,3100,true,205,41,-56,"method=fuzzy_time_proportioning, target=28-30C, temp_filtered=26.31, error=2.69, trend_c_per_min=-0.03, heater_demand_pct=97.3, intake_pwm=205, exhaust_pwm=41, relay=ON",2026-07-08 11:20:01.411991+00,,,,,,,,,,,true
9a695838-73b7-4be7-b7c1-4d59955cf32e,77211883-4c4d-4c93-ad77-9456d4aba557,69527257-2ee0-48be-a172-dbed4bc62b1b,2026-07-08 09:33:31.215774+00,1628276,1627,fuzzy_strong_heating,26.40,74.20,25.70,68.70,26.56,3120,true,202,42,-52,"method=fuzzy_time_proportioning, target=28-30C, temp_filtered=26.40, error=2.60, trend_c_per_min=-0.01, heater_demand_pct=94.9, intake_pwm=202, exhaust_pwm=42, relay=ON",2026-07-08 09:33:31.215774+00,,,,,,,,,,,true
9ad226ac-4928-4aeb-bc78-2bace144d00f,77211883-4c4d-4c93-ad77-9456d4aba557,69527257-2ee0-48be-a172-dbed4bc62b1b,2026-07-08 14:44:01.729153+00,20258438,20257,fuzzy_strong_heating,27.00,75.10,,,26.81,3110,true,180,49,-54,"method=fuzzy_time_proportioning, target=28-30C, temp_filtered=27.00, error=2.00, trend_c_per_min=0.00, heater_demand_pct=80.0, intake_pwm=180, exhaust_pwm=49, relay=ON",2026-07-08 14:44:01.729153+00,,,,,,,,,,,true
9aef59ed-6ba6-498e-8058-aaee68b6393a,77211883-4c4d-4c93-ad77-9456d4aba557,69527257-2ee0-48be-a172-dbed4bc62b1b,2026-07-08 17:11:02.688365+00,29078529,29077,fuzzy_strong_heating,27.40,77.20,,,27.13,3119,true,180,50,-57,"method=fuzzy_time_proportioning, target=28-30C, temp_filtered=27.40, error=1.60, trend_c_per_min=0.01, heater_demand_pct=80.0, intake_pwm=180, exhaust_pwm=50, relay=ON",2026-07-08 17:11:02.688365+00,,,,,,,,,,,true
9b63eae5-16aa-4cb7-9c33-274ea253d28b,77211883-4c4d-4c93-ad77-9456d4aba557,69527257-2ee0-48be-a172-dbed4bc62b1b,2026-07-08 15:43:32.094749+00,23828438,23827,fuzzy_strong_heating,27.30,77.50,,,27.06,3110,true,180,50,-57,"method=fuzzy_time_proportioning, target=28-30C, temp_filtered=27.30, error=1.70, trend_c_per_min=0.00, heater_demand_pct=80.0, intake_pwm=180, exhaust_pwm=50, relay=ON",2026-07-08 15:43:32.094749+00,,,,,,,,,,,true
9c084096-686d-41d8-8daf-cbd194597047,77211883-4c4d-4c93-ad77-9456d4aba557,69527257-2ee0-48be-a172-dbed4bc62b1b,2026-07-08 18:05:02.362288+00,32318529,32317,fuzzy_strong_heating,25.90,68.10,25.50,64.30,26.56,3137,true,210,40,-52,"method=fuzzy_time_proportioning, target=28-30C, temp_filtered=25.95, error=3.05, trend_c_per_min=-0.20, heater_demand_pct=100.0, intake_pwm=210, exhaust_pwm=40, relay=ON",2026-07-08 18:05:02.362288+00,,,,,0.4,3.8,,,,,true
9c392a63-70b6-4417-9d5d-ea1dea0dd2a6,77211883-4c4d-4c93-ad77-9456d4aba557,69527257-2ee0-48be-a172-dbed4bc62b1b,2026-07-08 14:40:31.697219+00,20048438,20047,fuzzy_strong_heating,27.00,74.80,,,26.81,3098,true,180,49,-54,"method=fuzzy_time_proportioning, target=28-30C, temp_filtered=27.00, error=2.00, trend_c_per_min=0.00, heater_demand_pct=80.0, intake_pwm=180, exhaust_pwm=49, relay=ON",2026-07-08 14:40:31.697219+00,,,,,,,,,,,true
9c5c29ad-85fe-4ed8-8f9f-ca168a5970a9,77211883-4c4d-4c93-ad77-9456d4aba557,69527257-2ee0-48be-a172-dbed4bc62b1b,2026-07-08 16:40:32.193543+00,27248438,27247,fuzzy_strong_heating,27.30,77.10,,,27.13,3115,true,177,50,-56,"method=fuzzy_time_proportioning, target=28-30C, temp_filtered=27.33, error=1.67, trend_c_per_min=-0.11, heater_demand_pct=76.5, intake_pwm=177, exhaust_pwm=50, relay=ON",2026-07-08 16:40:32.193543+00,,,,,,,,,,,true
9cf129de-dd57-4b78-bbbf-f7b7eca4a719,77211883-4c4d-4c93-ad77-9456d4aba557,69527257-2ee0-48be-a172-dbed4bc62b1b,2026-07-08 16:07:02.19083+00,25238438,25237,fuzzy_strong_heating,27.30,77.10,,,27.13,3115,true,180,50,-53,"method=fuzzy_time_proportioning, target=28-30C, temp_filtered=27.30, error=1.70, trend_c_per_min=0.00, heater_demand_pct=80.0, intake_pwm=180, exhaust_pwm=50, relay=ON",2026-07-08 16:07:02.19083+00,,,,,,,,,,,true
9d101be8-87a9-4c50-ad9b-a4990565fa18,77211883-4c4d-4c93-ad77-9456d4aba557,69527257-2ee0-48be-a172-dbed4bc62b1b,2026-07-08 12:56:31.816354+00,13808417,13807,fuzzy_strong_heating,26.60,76.70,,,26.69,3129,true,194,45,-55,"method=fuzzy_time_proportioning, target=28-30C, temp_filtered=26.61, error=2.39, trend_c_per_min=-0.03, heater_demand_pct=89.8, intake_pwm=194, exhaust_pwm=45, relay=ON",2026-07-08 12:56:31.816354+00,,,,,,,,,,,true
9d8a824d-5de8-4946-ade9-92e293e81fc9,77211883-4c4d-4c93-ad77-9456d4aba557,69527257-2ee0-48be-a172-dbed4bc62b1b,2026-07-08 10:31:31.696401+00,5108276,5107,fuzzy_strong_heating,26.90,83.20,26.90,74.50,26.81,3132,true,178,72,-52,"method=fuzzy_time_proportioning, target=28-30C, temp_filtered=26.90, error=2.10, trend_c_per_min=0.00, heater_demand_pct=71.7, intake_pwm=178, exhaust_pwm=72, relay=ON",2026-07-08 10:31:31.696401+00,,,,,,,,,,,true
9d9fd090-56cd-45ed-ae86-afbd67476c7f,77211883-4c4d-4c93-ad77-9456d4aba557,69527257-2ee0-48be-a172-dbed4bc62b1b,2026-07-08 10:59:01.24667+00,6758276,6757,fuzzy_soft_heating,27.00,87.80,26.90,78.50,26.88,3138,true,174,79,-54,"method=fuzzy_time_proportioning, target=28-30C, temp_filtered=27.01, error=1.99, trend_c_per_min=-0.05, heater_demand_pct=67.5, intake_pwm=174, exhaust_pwm=79, relay=ON",2026-07-08 10:59:01.24667+00,,,,,,,,,,,true
9df3b5fb-fb71-4f24-b054-094b72905272,77211883-4c4d-4c93-ad77-9456d4aba557,69527257-2ee0-48be-a172-dbed4bc62b1b,2026-07-08 16:03:32.107216+00,25028438,25027,fuzzy_strong_heating,27.30,77.00,,,27.06,3136,true,180,50,-53,"method=fuzzy_time_proportioning, target=28-30C, temp_filtered=27.30, error=1.70, trend_c_per_min=0.00, heater_demand_pct=80.0, intake_pwm=180, exhaust_pwm=50, relay=ON",2026-07-08 16:03:32.107216+00,,,,,,,,,,,true
9e0ad713-e264-4506-825b-e2ca1c63a46d,77211883-4c4d-4c93-ad77-9456d4aba557,69527257-2ee0-48be-a172-dbed4bc62b1b,2026-07-08 09:14:00.952879+00,458477,457,fuzzy_strong_heating,26.40,74.70,25.60,69.20,26.81,3126,true,202,42,-56,"method=fuzzy_time_proportioning, target=28-30C, temp_filtered=26.40, error=2.60, trend_c_per_min=-0.01, heater_demand_pct=94.9, intake_pwm=202, exhaust_pwm=42, relay=ON",2026-07-08 09:14:00.952879+00,,,,,,,,,,,true
9e57b431-0cb2-4b6e-a896-9fb4b6c0754f,77211883-4c4d-4c93-ad77-9456d4aba557,69527257-2ee0-48be-a172-dbed4bc62b1b,2026-07-08 15:39:01.362216+00,23558438,23557,fuzzy_strong_heating,27.30,77.50,,,27.06,3135,true,180,50,-57,"method=fuzzy_time_proportioning, target=28-30C, temp_filtered=27.30, error=1.70, trend_c_per_min=0.00, heater_demand_pct=80.0, intake_pwm=180, exhaust_pwm=50, relay=ON",2026-07-08 15:39:01.362216+00,,,,,,,,,,,true
9e7f5fe5-5b8a-4449-afa1-98cacb45fea6,77211883-4c4d-4c93-ad77-9456d4aba557,69527257-2ee0-48be-a172-dbed4bc62b1b,2026-07-08 09:43:01.716707+00,2198276,2197,fuzzy_strong_heating,26.50,81.20,26.30,73.50,26.63,3111,true,191,62,-54,"method=fuzzy_time_proportioning, target=28-30C, temp_filtered=26.48, error=2.52, trend_c_per_min=0.09, heater_demand_pct=82.2, intake_pwm=191, exhaust_pwm=62, relay=ON",2026-07-08 09:43:01.716707+00,,,,,,,,,,,true
9edaa3c8-4f1b-4275-88de-99e2f298e0dc,77211883-4c4d-4c93-ad77-9456d4aba557,69527257-2ee0-48be-a172-dbed4bc62b1b,2026-07-08 13:02:02.538414+00,14138417,14137,fuzzy_strong_heating,26.40,72.80,,,26.63,3137,true,202,42,-53,"method=fuzzy_time_proportioning, target=28-30C, temp_filtered=26.40, error=2.60, trend_c_per_min=-0.00, heater_demand_pct=95.0, intake_pwm=202, exhaust_pwm=42, relay=ON",2026-07-08 13:02:02.538414+00,,,,,,,,,,,true
9ef62ad6-38ab-4405-a506-efef6e13c6a5,77211883-4c4d-4c93-ad77-9456d4aba557,69527257-2ee0-48be-a172-dbed4bc62b1b,2026-07-08 16:09:32.184986+00,25388438,25387,fuzzy_strong_heating,27.30,77.10,,,27.06,3125,true,180,50,-53,"method=fuzzy_time_proportioning, target=28-30C, temp_filtered=27.30, error=1.70, trend_c_per_min=0.00, heater_demand_pct=80.0, intake_pwm=180, exhaust_pwm=50, relay=ON",2026-07-08 16:09:32.184986+00,,,,,,,,,,,true
9f2e0966-321c-4ad3-a526-2a024020423d,77211883-4c4d-4c93-ad77-9456d4aba557,69527257-2ee0-48be-a172-dbed4bc62b1b,2026-07-08 13:03:31.582529+00,14228417,14227,fuzzy_strong_heating,26.30,72.30,,,26.63,3580,true,203,42,-52,"method=fuzzy_time_proportioning, target=28-30C, temp_filtered=26.32, error=2.68, trend_c_per_min=-0.06, heater_demand_pct=95.0, intake_pwm=203, exhaust_pwm=42, relay=ON",2026-07-08 13:03:31.582529+00,,,,,,,,,,,true
9f5bae28-0eb6-496f-a55b-caba9bd21433,77211883-4c4d-4c93-ad77-9456d4aba557,69527257-2ee0-48be-a172-dbed4bc62b1b,2026-07-08 12:43:32.75327+00,13028417,13027,fuzzy_strong_heating,26.20,70.80,,,26.56,3136,true,209,40,-55,"method=fuzzy_time_proportioning, target=28-30C, temp_filtered=26.20, error=2.80, trend_c_per_min=-0.00, heater_demand_pct=100.0, intake_pwm=209, exhaust_pwm=40, relay=ON",2026-07-08 12:43:32.75327+00,,,,,,,,,,,true
9f73e447-7e81-4b96-a763-89c652ebfc14,77211883-4c4d-4c93-ad77-9456d4aba557,69527257-2ee0-48be-a172-dbed4bc62b1b,2026-07-08 16:01:32.396421+00,24908438,24907,fuzzy_strong_heating,27.30,77.00,,,27.06,3116,true,180,50,-52,"method=fuzzy_time_proportioning, target=28-30C, temp_filtered=27.30, error=1.70, trend_c_per_min=0.00, heater_demand_pct=80.0, intake_pwm=180, exhaust_pwm=50, relay=ON",2026-07-08 16:01:32.396421+00,,,,,,,,,,,true
9fb0ca74-2067-4c11-8253-2277ee94bdd0,77211883-4c4d-4c93-ad77-9456d4aba557,69527257-2ee0-48be-a172-dbed4bc62b1b,2026-07-08 14:28:32.0323+00,19328438,19327,fuzzy_strong_heating,26.70,73.30,,,26.75,3126,true,193,45,-58,"method=fuzzy_time_proportioning, target=28-30C, temp_filtered=26.64, error=2.36, trend_c_per_min=0.23, heater_demand_pct=88.9, intake_pwm=193, exhaust_pwm=45, relay=ON",2026-07-08 14:28:32.0323+00,,,,,,,,,,,true
a009a34f-1262-4beb-a47e-5cf8648ef4e0,77211883-4c4d-4c93-ad77-9456d4aba557,69527257-2ee0-48be-a172-dbed4bc62b1b,2026-07-08 15:30:32.48781+00,23048438,23047,fuzzy_strong_heating,27.30,77.30,,,27.00,3120,true,180,50,-53,"method=fuzzy_time_proportioning, target=28-30C, temp_filtered=27.29, error=1.71, trend_c_per_min=0.05, heater_demand_pct=80.0, intake_pwm=180, exhaust_pwm=50, relay=ON",2026-07-08 15:30:32.48781+00,,,,,,,,,,,true
a0129de0-6f11-455f-8849-33b70837403f,77211883-4c4d-4c93-ad77-9456d4aba557,69527257-2ee0-48be-a172-dbed4bc62b1b,2026-07-08 09:39:01.588917+00,1958276,1957,fuzzy_strong_heating,26.30,78.70,25.90,72.50,26.56,3123,true,203,46,-52,"method=fuzzy_time_proportioning, target=28-30C, temp_filtered=26.30, error=2.70, trend_c_per_min=0.00, heater_demand_pct=94.1, intake_pwm=203, exhaust_pwm=46, relay=ON",2026-07-08 09:39:01.588917+00,,,,,,,,,,,true
a01aae58-44e4-4d2d-b9aa-9f7cc9f80a4f,77211883-4c4d-4c93-ad77-9456d4aba557,69527257-2ee0-48be-a172-dbed4bc62b1b,2026-07-08 09:11:30.932458+00,308476,307,fuzzy_strong_heating,26.50,78.20,26.10,70.70,26.94,3207,true,188,47,-55,"method=fuzzy_time_proportioning, target=28-30C, temp_filtered=26.56, error=2.44, trend_c_per_min=-0.22, heater_demand_pct=82.6, intake_pwm=188, exhaust_pwm=47, relay=ON",2026-07-08 09:11:30.932458+00,,,,,,,,,,,true
a06a9199-0244-4cc3-a260-d7250fb6fe05,77211883-4c4d-4c93-ad77-9456d4aba557,69527257-2ee0-48be-a172-dbed4bc62b1b,2026-07-08 12:43:01.123115+00,12998417,12997,fuzzy_strong_heating,26.20,70.30,,,26.56,3146,true,209,40,-56,"method=fuzzy_time_proportioning, target=28-30C, temp_filtered=26.20, error=2.80, trend_c_per_min=-0.00, heater_demand_pct=100.0, intake_pwm=209, exhaust_pwm=40, relay=ON",2026-07-08 12:43:01.123115+00,,,,,,,,,,,true
a06ad372-96f6-428f-9aa0-67f3ac1e306c,77211883-4c4d-4c93-ad77-9456d4aba557,69527257-2ee0-48be-a172-dbed4bc62b1b,2026-07-08 11:56:31.642867+00,10208417,10207,fuzzy_strong_heating,26.30,74.40,,,26.63,3118,true,206,41,-53,"method=fuzzy_time_proportioning, target=28-30C, temp_filtered=26.30, error=2.70, trend_c_per_min=0.00, heater_demand_pct=97.5, intake_pwm=206, exhaust_pwm=41, relay=ON",2026-07-08 11:56:31.642867+00,,,,,,,,,,,true
a0ac81f8-f7c1-4167-b1bb-f0b59bf0dde1,77211883-4c4d-4c93-ad77-9456d4aba557,69527257-2ee0-48be-a172-dbed4bc62b1b,2026-07-08 10:31:01.671595+00,5078276,5077,fuzzy_strong_heating,26.90,83.00,26.90,74.30,26.75,3133,true,178,72,-55,"method=fuzzy_time_proportioning, target=28-30C, temp_filtered=26.89, error=2.11, trend_c_per_min=0.02, heater_demand_pct=72.0, intake_pwm=178, exhaust_pwm=72, relay=ON",2026-07-08 10:31:01.671595+00,,,,,,,,,,,true
a0ae16f9-d487-4e97-b135-93d7d1030f1b,77211883-4c4d-4c93-ad77-9456d4aba557,69527257-2ee0-48be-a172-dbed4bc62b1b,2026-07-08 11:29:01.846578+00,8558417,8557,fuzzy_strong_heating,26.20,74.90,,,26.63,3141,true,210,40,-55,"method=fuzzy_time_proportioning, target=28-30C, temp_filtered=26.20, error=2.80, trend_c_per_min=0.02, heater_demand_pct=100.0, intake_pwm=210, exhaust_pwm=40, relay=ON",2026-07-08 11:29:01.846578+00,,,,,,,,,,,true
a1e1c84c-8b5a-4a79-9e69-0253c3e32ec5,77211883-4c4d-4c93-ad77-9456d4aba557,69527257-2ee0-48be-a172-dbed4bc62b1b,2026-07-08 14:02:01.279122+00,17738438,17737,fuzzy_strong_heating,26.40,78.70,,,26.63,3133,true,200,47,-60,"method=fuzzy_time_proportioning, target=28-30C, temp_filtered=26.39, error=2.61, trend_c_per_min=0.03, heater_demand_pct=92.0, intake_pwm=200, exhaust_pwm=47, relay=ON",2026-07-08 14:02:01.279122+00,,,,,,,,,,,true
a2a4dc87-03d5-40ad-a7c3-33f2f0a8e78c,77211883-4c4d-4c93-ad77-9456d4aba557,69527257-2ee0-48be-a172-dbed4bc62b1b,2026-07-08 16:20:31.79842+00,26048438,26047,fuzzy_strong_heating,27.30,76.80,,,27.13,3137,true,180,50,-53,"method=fuzzy_time_proportioning, target=28-30C, temp_filtered=27.30, error=1.70, trend_c_per_min=0.00, heater_demand_pct=80.0, intake_pwm=180, exhaust_pwm=50, relay=ON",2026-07-08 16:20:31.79842+00,,,,,,,,,,,true
a3071972-4379-40ce-b8f5-5d6bd01489d0,77211883-4c4d-4c93-ad77-9456d4aba557,69527257-2ee0-48be-a172-dbed4bc62b1b,2026-07-08 13:29:02.066795+00,15758449,15757,fuzzy_strong_heating,26.20,71.60,,,26.56,3125,true,208,40,-52,"method=fuzzy_time_proportioning, target=28-30C, temp_filtered=26.21, error=2.79, trend_c_per_min=-0.05, heater_demand_pct=99.1, intake_pwm=208, exhaust_pwm=40, relay=ON",2026-07-08 13:29:02.066795+00,,,,,,,,,,,true
a327d372-5721-461f-9b08-aaad82b392d1,77211883-4c4d-4c93-ad77-9456d4aba557,69527257-2ee0-48be-a172-dbed4bc62b1b,2026-07-08 16:36:02.61289+00,26978438,26977,fuzzy_strong_heating,27.30,77.10,,,27.13,3131,true,179,50,-52,"method=fuzzy_time_proportioning, target=28-30C, temp_filtered=27.31, error=1.69, trend_c_per_min=-0.06, heater_demand_pct=79.6, intake_pwm=179, exhaust_pwm=50, relay=ON",2026-07-08 16:36:02.61289+00,,,,,,,,,,,true
a34885ab-2a79-4bbc-b59b-dceaf444f7c3,77211883-4c4d-4c93-ad77-9456d4aba557,69527257-2ee0-48be-a172-dbed4bc62b1b,2026-07-08 15:54:31.750181+00,24488438,24487,fuzzy_strong_heating,27.30,77.50,,,27.06,3120,true,180,50,-56,"method=fuzzy_time_proportioning, target=28-30C, temp_filtered=27.30, error=1.70, trend_c_per_min=0.00, heater_demand_pct=80.0, intake_pwm=180, exhaust_pwm=50, relay=ON",2026-07-08 15:54:31.750181+00,,,,,,,,,,,true
a3538270-9330-4eab-8b78-73d0665f1ab5,77211883-4c4d-4c93-ad77-9456d4aba557,69527257-2ee0-48be-a172-dbed4bc62b1b,2026-07-08 17:33:32.370174+00,30428529,30427,fuzzy_strong_heating,27.40,76.60,,,27.19,3141,true,179,50,-54,"method=fuzzy_time_proportioning, target=28-30C, temp_filtered=27.40, error=1.60, trend_c_per_min=0.00, heater_demand_pct=80.0, intake_pwm=179, exhaust_pwm=50, relay=ON",2026-07-08 17:33:32.370174+00,,,,,,,,,,,true
a36296da-2a82-457c-9c57-dad213108887,77211883-4c4d-4c93-ad77-9456d4aba557,69527257-2ee0-48be-a172-dbed4bc62b1b,2026-07-08 17:36:02.822591+00,30578529,30577,fuzzy_strong_heating,27.40,76.40,,,27.19,3138,true,179,50,-60,"method=fuzzy_time_proportioning, target=28-30C, temp_filtered=27.40, error=1.60, trend_c_per_min=0.00, heater_demand_pct=80.0, intake_pwm=179, exhaust_pwm=50, relay=ON",2026-07-08 17:36:02.822591+00,,,,,,,,,,,true
a36cc6f1-390f-42ea-a855-e08fa12284dd,77211883-4c4d-4c93-ad77-9456d4aba557,69527257-2ee0-48be-a172-dbed4bc62b1b,2026-07-08 12:33:31.060327+00,12428417,12427,fuzzy_strong_heating,26.60,75.40,,,26.69,3111,true,194,45,-54,"method=fuzzy_time_proportioning, target=28-30C, temp_filtered=26.60, error=2.40, trend_c_per_min=-0.00, heater_demand_pct=90.0, intake_pwm=194, exhaust_pwm=45, relay=ON",2026-07-08 12:33:31.060327+00,,,,,,,,,,,true
a3a978af-6770-4d71-b17a-837ec383fd2f,77211883-4c4d-4c93-ad77-9456d4aba557,69527257-2ee0-48be-a172-dbed4bc62b1b,2026-07-08 12:31:31.980016+00,12308417,12307,fuzzy_strong_heating,26.70,77.70,,,26.75,3111,true,191,46,-54,"method=fuzzy_time_proportioning, target=28-30C, temp_filtered=26.70, error=2.30, trend_c_per_min=0.00, heater_demand_pct=87.5, intake_pwm=191, exhaust_pwm=46, relay=ON",2026-07-08 12:31:31.980016+00,,,,,,,,,,,true
a3d89e8a-306e-40f0-9167-6722b657bd57,77211883-4c4d-4c93-ad77-9456d4aba557,69527257-2ee0-48be-a172-dbed4bc62b1b,2026-07-08 15:00:01.988692+00,21218438,21217,fuzzy_strong_heating,27.20,76.30,,,26.94,3123,true,180,50,-52,"method=fuzzy_time_proportioning, target=28-30C, temp_filtered=27.13, error=1.87, trend_c_per_min=0.30, heater_demand_pct=80.0, intake_pwm=180, exhaust_pwm=50, relay=ON",2026-07-08 15:00:01.988692+00,,,,,,,,,,,true
a42f503a-4f2d-48b0-bcb8-b64584853f56,77211883-4c4d-4c93-ad77-9456d4aba557,69527257-2ee0-48be-a172-dbed4bc62b1b,2026-07-08 15:21:02.2861+00,22478438,22477,fuzzy_strong_heating,27.20,77.20,,,27.00,3145,true,180,50,-52,"method=fuzzy_time_proportioning, target=28-30C, temp_filtered=27.20, error=1.80, trend_c_per_min=0.00, heater_demand_pct=80.0, intake_pwm=180, exhaust_pwm=50, relay=ON",2026-07-08 15:21:02.2861+00,,,,,,,,,,,true
a48aaf7b-7bfc-4040-8de1-851140a7d9b9,77211883-4c4d-4c93-ad77-9456d4aba557,69527257-2ee0-48be-a172-dbed4bc62b1b,2026-07-08 17:23:32.527335+00,29828529,29827,fuzzy_strong_heating,27.40,77.20,,,27.19,3126,true,180,50,-53,"method=fuzzy_time_proportioning, target=28-30C, temp_filtered=27.37, error=1.63, trend_c_per_min=0.12, heater_demand_pct=80.0, intake_pwm=180, exhaust_pwm=50, relay=ON",2026-07-08 17:23:32.527335+00,,,,,,,,,,,true
a4b6b945-574e-4e19-a430-4ad20127112d,77211883-4c4d-4c93-ad77-9456d4aba557,69527257-2ee0-48be-a172-dbed4bc62b1b,2026-07-08 17:05:32.34989+00,28748540,28747,fuzzy_strong_heating,27.40,77.00,,,27.13,3139,true,180,50,-56,"method=fuzzy_time_proportioning, target=28-30C, temp_filtered=27.38, error=1.62, trend_c_per_min=0.07, heater_demand_pct=80.0, intake_pwm=180, exhaust_pwm=50, relay=ON",2026-07-08 17:05:32.34989+00,,,,,,,,,,,true
a4ecb83a-2698-49a1-b2c4-d24918a554cc,77211883-4c4d-4c93-ad77-9456d4aba557,69527257-2ee0-48be-a172-dbed4bc62b1b,2026-07-08 16:54:01.810105+00,28058464,28057,fuzzy_strong_heating,27.40,77.10,,,27.19,3131,true,180,50,-55,"method=fuzzy_time_proportioning, target=28-30C, temp_filtered=27.35, error=1.65, trend_c_per_min=0.20, heater_demand_pct=80.0, intake_pwm=180, exhaust_pwm=50, relay=ON",2026-07-08 16:54:01.810105+00,,,,,,,,,,,true
a5042ff8-69bd-4d10-bc03-95d546205b84,77211883-4c4d-4c93-ad77-9456d4aba557,69527257-2ee0-48be-a172-dbed4bc62b1b,2026-07-08 11:38:02.115402+00,9098417,9097,fuzzy_strong_heating,26.70,79.60,,,26.81,3117,true,187,56,-54,"method=fuzzy_time_proportioning, target=28-30C, temp_filtered=26.70, error=2.30, trend_c_per_min=0.00, heater_demand_pct=82.1, intake_pwm=187, exhaust_pwm=56, relay=ON",2026-07-08 11:38:02.115402+00,,,,,,,,,,,true
a505d72f-de79-4081-803c-210c904bc12f,77211883-4c4d-4c93-ad77-9456d4aba557,69527257-2ee0-48be-a172-dbed4bc62b1b,2026-07-08 16:30:32.200233+00,26648438,26647,fuzzy_strong_heating,27.30,76.90,,,27.13,3125,true,180,50,-53,"method=fuzzy_time_proportioning, target=28-30C, temp_filtered=27.30, error=1.70, trend_c_per_min=0.00, heater_demand_pct=80.0, intake_pwm=180, exhaust_pwm=50, relay=ON",2026-07-08 16:30:32.200233+00,,,,,,,,,,,true
a50db609-82c0-4b9c-b780-25dc9cac9b03,77211883-4c4d-4c93-ad77-9456d4aba557,69527257-2ee0-48be-a172-dbed4bc62b1b,2026-07-08 15:14:01.687417+00,22058438,22057,fuzzy_strong_heating,27.20,76.80,,,27.00,3142,true,180,50,-54,"method=fuzzy_time_proportioning, target=28-30C, temp_filtered=27.20, error=1.80, trend_c_per_min=0.00, heater_demand_pct=80.0, intake_pwm=180, exhaust_pwm=50, relay=ON",2026-07-08 15:14:01.687417+00,,,,,,,,,,,true
a5442a74-f00f-4b92-804c-7a24d18c87f6,77211883-4c4d-4c93-ad77-9456d4aba557,69527257-2ee0-48be-a172-dbed4bc62b1b,2026-07-08 17:48:02.723668+00,31298529,31297,fuzzy_strong_heating,26.80,71.80,26.30,66.50,26.94,3085,true,187,47,-52,"method=fuzzy_time_proportioning, target=28-30C, temp_filtered=26.80, error=2.20, trend_c_per_min=-0.02, heater_demand_pct=84.9, intake_pwm=187, exhaust_pwm=47, relay=ON",2026-07-08 17:48:02.723668+00,,,,,,,,,,,true
a58d134f-ef1b-4f0d-b492-f3ed58dee391,77211883-4c4d-4c93-ad77-9456d4aba557,69527257-2ee0-48be-a172-dbed4bc62b1b,2026-07-08 14:44:31.255522+00,20288438,20287,fuzzy_strong_heating,27.00,75.10,,,26.88,3120,true,180,49,-53,"method=fuzzy_time_proportioning, target=28-30C, temp_filtered=27.00, error=2.00, trend_c_per_min=0.00, heater_demand_pct=80.0, intake_pwm=180, exhaust_pwm=49, relay=ON",2026-07-08 14:44:31.255522+00,,,,,,,,,,,true
a59ad006-7a9d-41fb-90d9-b05dadf8309e,77211883-4c4d-4c93-ad77-9456d4aba557,69527257-2ee0-48be-a172-dbed4bc62b1b,2026-07-08 14:39:31.307808+00,19988438,19987,fuzzy_strong_heating,27.00,74.80,,,26.81,3121,true,180,49,-52,"method=fuzzy_time_proportioning, target=28-30C, temp_filtered=27.00, error=2.00, trend_c_per_min=0.02, heater_demand_pct=80.1, intake_pwm=180, exhaust_pwm=49, relay=ON",2026-07-08 14:39:31.307808+00,,,,,,,,,,,true
a5dc3335-7b93-48d0-88ca-fa40a6edf56f,77211883-4c4d-4c93-ad77-9456d4aba557,69527257-2ee0-48be-a172-dbed4bc62b1b,2026-07-08 11:28:31.030794+00,8528417,8527,fuzzy_strong_heating,26.20,73.90,,,26.63,3114,true,210,40,-58,"method=fuzzy_time_proportioning, target=28-30C, temp_filtered=26.17, error=2.83, trend_c_per_min=0.11, heater_demand_pct=100.0, intake_pwm=210, exhaust_pwm=40, relay=ON",2026-07-08 11:28:31.030794+00,,,,,,,,,,,true
a64a66d4-f050-4d27-ad33-4a86459d8ac7,77211883-4c4d-4c93-ad77-9456d4aba557,69527257-2ee0-48be-a172-dbed4bc62b1b,2026-07-08 12:36:02.026286+00,12578417,12577,fuzzy_strong_heating,26.50,73.60,,,26.69,3131,true,198,43,-62,"method=fuzzy_time_proportioning, target=28-30C, temp_filtered=26.50, error=2.50, trend_c_per_min=-0.00, heater_demand_pct=92.5, intake_pwm=198, exhaust_pwm=43, relay=ON",2026-07-08 12:36:02.026286+00,,,,,,,,,,,true
a7636822-43e4-4771-a0ca-6d5c3adffd37,77211883-4c4d-4c93-ad77-9456d4aba557,69527257-2ee0-48be-a172-dbed4bc62b1b,2026-07-08 11:06:31.305283+00,7208366,7207,fuzzy_strong_heating,27.00,81.80,,,26.88,3127,true,175,66,-56,"method=fuzzy_time_proportioning, target=28-30C, temp_filtered=27.03, error=1.97, trend_c_per_min=-0.10, heater_demand_pct=71.1, intake_pwm=175, exhaust_pwm=66, relay=ON",2026-07-08 11:06:31.305283+00,,,,,,,,,,,true
a78ca3da-4e8f-4c13-967f-580b3cdb8fcc,77211883-4c4d-4c93-ad77-9456d4aba557,69527257-2ee0-48be-a172-dbed4bc62b1b,2026-07-08 15:32:31.318458+00,23168438,23167,fuzzy_strong_heating,27.30,77.30,,,27.06,3135,true,180,50,-54,"method=fuzzy_time_proportioning, target=28-30C, temp_filtered=27.30, error=1.70, trend_c_per_min=0.00, heater_demand_pct=80.0, intake_pwm=180, exhaust_pwm=50, relay=ON",2026-07-08 15:32:31.318458+00,,,,,,,,,,,true
a7a7fa2e-b0e8-4095-a38f-c8b0727a4653,77211883-4c4d-4c93-ad77-9456d4aba557,69527257-2ee0-48be-a172-dbed4bc62b1b,2026-07-08 09:21:00.985944+00,878474,877,fuzzy_strong_heating,26.40,80.10,26.20,73.00,26.81,3174,true,197,55,-61,"method=fuzzy_time_proportioning, target=28-30C, temp_filtered=26.34, error=2.66, trend_c_per_min=0.26, heater_demand_pct=88.0, intake_pwm=197, exhaust_pwm=55, relay=ON",2026-07-08 09:21:00.985944+00,,,,,,,,,,,true
a7a957d1-62f2-4b77-ad87-edceb34edd37,77211883-4c4d-4c93-ad77-9456d4aba557,69527257-2ee0-48be-a172-dbed4bc62b1b,2026-07-08 16:14:02.202239+00,25658438,25657,fuzzy_strong_heating,27.30,77.00,,,27.06,3122,true,180,50,-53,"method=fuzzy_time_proportioning, target=28-30C, temp_filtered=27.30, error=1.70, trend_c_per_min=0.00, heater_demand_pct=80.0, intake_pwm=180, exhaust_pwm=50, relay=ON",2026-07-08 16:14:02.202239+00,,,,,,,,,,,true
a82d3a63-c894-4601-bd28-981068526ac0,77211883-4c4d-4c93-ad77-9456d4aba557,69527257-2ee0-48be-a172-dbed4bc62b1b,2026-07-08 16:57:01.524061+00,28238464,28237,fuzzy_strong_heating,27.30,77.10,,,27.13,3132,true,178,50,-56,"method=fuzzy_time_proportioning, target=28-30C, temp_filtered=27.32, error=1.68, trend_c_per_min=-0.09, heater_demand_pct=77.4, intake_pwm=178, exhaust_pwm=50, relay=ON",2026-07-08 16:57:01.524061+00,,,,,,,,,,,true
a8364a86-8a7f-443f-b53b-83fe0a4de943,77211883-4c4d-4c93-ad77-9456d4aba557,69527257-2ee0-48be-a172-dbed4bc62b1b,2026-07-08 18:30:01.846808+00,33818529,33817,fuzzy_strong_heating,25.50,64.80,24.90,61.80,26.38,3138,true,210,40,-47,"method=fuzzy_time_proportioning, target=28-30C, temp_filtered=25.52, error=3.48, trend_c_per_min=-0.09, heater_demand_pct=100.0, intake_pwm=210, exhaust_pwm=40, relay=ON",2026-07-08 18:30:01.846808+00,,,,,0.6,3,,,,,true
a9437d9e-e7b0-4c93-bcd6-607e9e13436c,77211883-4c4d-4c93-ad77-9456d4aba557,69527257-2ee0-48be-a172-dbed4bc62b1b,2026-07-08 09:16:01.01185+00,578477,577,fuzzy_strong_heating,26.20,73.30,25.40,68.60,26.81,3159,true,209,40,-55,"method=fuzzy_time_proportioning, target=28-30C, temp_filtered=26.20, error=2.80, trend_c_per_min=-0.02, heater_demand_pct=99.9, intake_pwm=209, exhaust_pwm=40, relay=ON",2026-07-08 09:16:01.01185+00,,,,,,,,,,,true
a95cc4be-109c-4487-af13-d11241505f19,77211883-4c4d-4c93-ad77-9456d4aba557,69527257-2ee0-48be-a172-dbed4bc62b1b,2026-07-08 12:27:31.465203+00,12068417,12067,fuzzy_strong_heating,26.60,80.20,,,26.69,3133,true,189,59,-53,"method=fuzzy_time_proportioning, target=28-30C, temp_filtered=26.60, error=2.40, trend_c_per_min=0.01, heater_demand_pct=82.5, intake_pwm=189, exhaust_pwm=59, relay=ON",2026-07-08 12:27:31.465203+00,,,,,,,,,,,true
aa58602a-2bfd-4357-b016-7e3966656885,77211883-4c4d-4c93-ad77-9456d4aba557,69527257-2ee0-48be-a172-dbed4bc62b1b,2026-07-08 10:48:31.335278+00,6128276,6127,fuzzy_strong_heating,27.00,82.70,26.50,75.80,26.88,3135,true,176,72,-53,"method=fuzzy_time_proportioning, target=28-30C, temp_filtered=27.00, error=2.00, trend_c_per_min=-0.00, heater_demand_pct=70.7, intake_pwm=176, exhaust_pwm=72, relay=ON",2026-07-08 10:48:31.335278+00,,,,,,,,,,,true
aa79d5b0-56a5-4600-8a95-2fb3273cf215,77211883-4c4d-4c93-ad77-9456d4aba557,69527257-2ee0-48be-a172-dbed4bc62b1b,2026-07-08 15:15:32.511577+00,22148438,22147,fuzzy_strong_heating,27.20,76.90,,,27.00,3137,true,180,50,-53,"method=fuzzy_time_proportioning, target=28-30C, temp_filtered=27.20, error=1.80, trend_c_per_min=0.00, heater_demand_pct=80.0, intake_pwm=180, exhaust_pwm=50, relay=ON",2026-07-08 15:15:32.511577+00,,,,,,,,,,,true
aaf0e7bf-ddb0-4885-a69e-ec61570b51b9,77211883-4c4d-4c93-ad77-9456d4aba557,69527257-2ee0-48be-a172-dbed4bc62b1b,2026-07-08 09:36:00.844015+00,1778276,1777,fuzzy_strong_heating,26.20,74.00,25.60,69.60,26.56,3120,true,205,41,-52,"method=fuzzy_time_proportioning, target=28-30C, temp_filtered=26.26, error=2.74, trend_c_per_min=-0.24, heater_demand_pct=96.1, intake_pwm=205, exhaust_pwm=41, relay=ON",2026-07-08 09:36:00.844015+00,,,,,,,,,,,true
ab3fd0df-dbe6-4d8d-86f9-2f4293de7f8e,77211883-4c4d-4c93-ad77-9456d4aba557,69527257-2ee0-48be-a172-dbed4bc62b1b,2026-07-08 15:07:32.690244+00,21668438,21667,fuzzy_strong_heating,27.20,76.60,,,26.94,3133,true,180,50,-53,"method=fuzzy_time_proportioning, target=28-30C, temp_filtered=27.20, error=1.80, trend_c_per_min=0.01, heater_demand_pct=80.0, intake_pwm=180, exhaust_pwm=50, relay=ON",2026-07-08 15:07:32.690244+00,,,,,,,,,,,true
ab5ec1b5-fca8-4e61-af1b-848cd848b162,77211883-4c4d-4c93-ad77-9456d4aba557,69527257-2ee0-48be-a172-dbed4bc62b1b,2026-07-08 11:50:31.594627+00,9848417,9847,fuzzy_strong_heating,26.30,70.60,,,26.63,3120,true,206,41,-54,"method=fuzzy_time_proportioning, target=28-30C, temp_filtered=26.30, error=2.70, trend_c_per_min=-0.01, heater_demand_pct=97.5, intake_pwm=206, exhaust_pwm=41, relay=ON",2026-07-08 11:50:31.594627+00,,,,,,,,,,,true
abc79b75-50d5-44a2-a3ce-ed7e75448560,77211883-4c4d-4c93-ad77-9456d4aba557,69527257-2ee0-48be-a172-dbed4bc62b1b,2026-07-08 11:32:32.358495+00,8768417,8767,fuzzy_strong_heating,26.40,79.10,,,26.69,3120,true,198,50,-53,"method=fuzzy_time_proportioning, target=28-30C, temp_filtered=26.40, error=2.60, trend_c_per_min=0.01, heater_demand_pct=90.2, intake_pwm=198, exhaust_pwm=50, relay=ON",2026-07-08 11:32:32.358495+00,,,,,,,,,,,true
abdafe9c-a9b7-442b-b914-3f6b17446ce3,77211883-4c4d-4c93-ad77-9456d4aba557,69527257-2ee0-48be-a172-dbed4bc62b1b,2026-07-08 11:52:02.993679+00,9938417,9937,fuzzy_strong_heating,26.30,70.00,,,26.63,3120,true,206,41,-54,"method=fuzzy_time_proportioning, target=28-30C, temp_filtered=26.30, error=2.70, trend_c_per_min=-0.00, heater_demand_pct=97.5, intake_pwm=206, exhaust_pwm=41, relay=ON",2026-07-08 11:52:02.993679+00,,,,,,,,,,,true
abf4857d-48d8-4971-bd8e-ba707c030b70,77211883-4c4d-4c93-ad77-9456d4aba557,69527257-2ee0-48be-a172-dbed4bc62b1b,2026-07-08 15:36:32.193678+00,23408438,23407,fuzzy_strong_heating,27.30,77.50,,,27.00,3135,true,180,50,-53,"method=fuzzy_time_proportioning, target=28-30C, temp_filtered=27.30, error=1.70, trend_c_per_min=0.00, heater_demand_pct=80.0, intake_pwm=180, exhaust_pwm=50, relay=ON",2026-07-08 15:36:32.193678+00,,,,,,,,,,,true
ac2f915a-513b-4c0f-a931-fc503be2d557,77211883-4c4d-4c93-ad77-9456d4aba557,69527257-2ee0-48be-a172-dbed4bc62b1b,2026-07-08 12:06:01.484354+00,10778417,10777,fuzzy_strong_heating,26.70,77.70,,,26.75,3117,true,191,46,-56,"method=fuzzy_time_proportioning, target=28-30C, temp_filtered=26.70, error=2.30, trend_c_per_min=0.00, heater_demand_pct=87.5, intake_pwm=191, exhaust_pwm=46, relay=ON",2026-07-08 12:06:01.484354+00,,,,,,,,,,,true
ac40da6e-9a1c-446e-bd60-d0352a49a6e7,77211883-4c4d-4c93-ad77-9456d4aba557,69527257-2ee0-48be-a172-dbed4bc62b1b,2026-07-08 10:32:00.822611+00,5138276,5137,fuzzy_strong_heating,26.90,83.30,26.90,74.60,26.75,3140,true,178,73,-53,"method=fuzzy_time_proportioning, target=28-30C, temp_filtered=26.90, error=2.10, trend_c_per_min=0.00, heater_demand_pct=71.5, intake_pwm=178, exhaust_pwm=73, relay=ON",2026-07-08 10:32:00.822611+00,,,,,,,,,,,true
acb326bb-8ee5-4e57-a6d7-782cb0e43526,77211883-4c4d-4c93-ad77-9456d4aba557,69527257-2ee0-48be-a172-dbed4bc62b1b,2026-07-08 14:34:33.522339+00,19688438,19687,fuzzy_strong_heating,26.90,74.10,,,26.81,3111,true,183,48,-56,"method=fuzzy_time_proportioning, target=28-30C, temp_filtered=26.90, error=2.10, trend_c_per_min=0.02, heater_demand_pct=82.6, intake_pwm=183, exhaust_pwm=48, relay=ON",2026-07-08 14:34:33.522339+00,,,,,,,,,,,true
ad2d7970-bb5b-4bf3-834e-437a5b7d64f6,77211883-4c4d-4c93-ad77-9456d4aba557,69527257-2ee0-48be-a172-dbed4bc62b1b,2026-07-08 12:54:31.474776+00,13688417,13687,fuzzy_strong_heating,26.70,79.70,,,26.69,3137,true,187,57,-54,"method=fuzzy_time_proportioning, target=28-30C, temp_filtered=26.70, error=2.30, trend_c_per_min=0.00, heater_demand_pct=81.8, intake_pwm=187, exhaust_pwm=57, relay=ON",2026-07-08 12:54:31.474776+00,,,,,,,,,,,true
ad63af83-8128-4c2f-ae95-33fcee1b3b46,77211883-4c4d-4c93-ad77-9456d4aba557,69527257-2ee0-48be-a172-dbed4bc62b1b,2026-07-08 16:14:31.384185+00,25688438,25687,fuzzy_strong_heating,27.30,77.00,,,27.13,3139,true,180,50,-53,"method=fuzzy_time_proportioning, target=28-30C, temp_filtered=27.30, error=1.70, trend_c_per_min=0.00, heater_demand_pct=80.0, intake_pwm=180, exhaust_pwm=50, relay=ON",2026-07-08 16:14:31.384185+00,,,,,,,,,,,true
ad767c56-7462-4db4-845f-fcca4eb2f451,77211883-4c4d-4c93-ad77-9456d4aba557,69527257-2ee0-48be-a172-dbed4bc62b1b,2026-07-08 18:01:33.563179+00,32108529,32107,fuzzy_strong_heating,26.00,68.50,25.60,63.80,26.63,3149,true,209,40,-49,"method=fuzzy_time_proportioning, target=28-30C, temp_filtered=26.03, error=2.97, trend_c_per_min=-0.13, heater_demand_pct=100.0, intake_pwm=209, exhaust_pwm=40, relay=ON",2026-07-08 18:01:33.563179+00,,,,,0.4,4.7,,,,,true
ae478a11-943b-4c07-9453-cdee8cb4f3e3,77211883-4c4d-4c93-ad77-9456d4aba557,69527257-2ee0-48be-a172-dbed4bc62b1b,2026-07-08 10:21:02.046031+00,4478276,4477,fuzzy_strong_heating,26.40,77.80,26.30,70.40,26.63,3133,true,204,41,-52,"method=fuzzy_time_proportioning, target=28-30C, temp_filtered=26.36, error=2.64, trend_c_per_min=0.17, heater_demand_pct=96.1, intake_pwm=204, exhaust_pwm=41, relay=ON",2026-07-08 10:21:02.046031+00,,,,,,,,,,,true
ae5d49ad-e744-4940-90bc-767d13f651c4,77211883-4c4d-4c93-ad77-9456d4aba557,69527257-2ee0-48be-a172-dbed4bc62b1b,2026-07-08 10:48:01.311464+00,6098276,6097,fuzzy_strong_heating,27.00,81.40,26.50,74.70,26.88,3124,true,177,67,-56,"method=fuzzy_time_proportioning, target=28-30C, temp_filtered=27.00, error=2.00, trend_c_per_min=-0.00, heater_demand_pct=72.5, intake_pwm=177, exhaust_pwm=67, relay=ON",2026-07-08 10:48:01.311464+00,,,,,,,,,,,true
ae68c5b0-d4dc-4def-9a1f-9f52daa9948c,77211883-4c4d-4c93-ad77-9456d4aba557,69527257-2ee0-48be-a172-dbed4bc62b1b,2026-07-08 11:21:31.857972+00,8108417,8107,fuzzy_strong_heating,26.30,72.60,,,26.63,3135,true,206,41,-54,"method=fuzzy_time_proportioning, target=28-30C, temp_filtered=26.30, error=2.70, trend_c_per_min=-0.00, heater_demand_pct=97.5, intake_pwm=206, exhaust_pwm=41, relay=ON",2026-07-08 11:21:31.857972+00,,,,,,,,,,,true
ae86a156-ffd5-4252-9232-6d0f7c03b79b,77211883-4c4d-4c93-ad77-9456d4aba557,69527257-2ee0-48be-a172-dbed4bc62b1b,2026-07-08 16:59:01.404958+00,28358464,28357,fuzzy_strong_heating,27.40,77.20,,,27.19,3138,true,180,50,-55,"method=fuzzy_time_proportioning, target=28-30C, temp_filtered=27.38, error=1.62, trend_c_per_min=0.09, heater_demand_pct=80.0, intake_pwm=180, exhaust_pwm=50, relay=ON",2026-07-08 16:59:01.404958+00,,,,,,,,,,,true
af25a095-e3d7-4d50-87c3-255ad4d35d05,77211883-4c4d-4c93-ad77-9456d4aba557,69527257-2ee0-48be-a172-dbed4bc62b1b,2026-07-08 09:32:01.697353+00,1538276,1537,fuzzy_strong_heating,26.50,75.10,25.90,69.40,26.63,3106,true,198,43,-53,"method=fuzzy_time_proportioning, target=28-30C, temp_filtered=26.51, error=2.49, trend_c_per_min=-0.03, heater_demand_pct=92.3, intake_pwm=198, exhaust_pwm=43, relay=ON",2026-07-08 09:32:01.697353+00,,,,,,,,,,,true
af6aa637-c685-4456-93dd-3207abf66bd4,77211883-4c4d-4c93-ad77-9456d4aba557,69527257-2ee0-48be-a172-dbed4bc62b1b,2026-07-08 09:16:31.866732+00,608476,607,fuzzy_strong_heating,26.10,74.00,25.40,69.60,26.81,3181,true,210,40,-55,"method=fuzzy_time_proportioning, target=28-30C, temp_filtered=26.14, error=2.86, trend_c_per_min=-0.17, heater_demand_pct=100.0, intake_pwm=210, exhaust_pwm=40, relay=ON",2026-07-08 09:16:31.866732+00,,,,,,,,,,,true
afb042b0-0aa1-428a-9cb4-57815a2ea639,77211883-4c4d-4c93-ad77-9456d4aba557,69527257-2ee0-48be-a172-dbed4bc62b1b,2026-07-08 11:49:31.819372+00,9788417,9787,fuzzy_strong_heating,26.30,70.90,,,26.63,3117,true,198,43,-54,"method=fuzzy_time_proportioning, target=28-30C, temp_filtered=26.35, error=2.65, trend_c_per_min=-0.20, heater_demand_pct=91.3, intake_pwm=198, exhaust_pwm=43, relay=ON",2026-07-08 11:49:31.819372+00,,,,,,,,,,,true
afc9a47f-d6e0-42f9-b59e-b75664e23630,77211883-4c4d-4c93-ad77-9456d4aba557,69527257-2ee0-48be-a172-dbed4bc62b1b,2026-07-08 13:12:01.236346+00,14738449,14737,fuzzy_strong_heating,26.30,76.20,,,26.63,3117,true,206,41,-51,"method=fuzzy_time_proportioning, target=28-30C, temp_filtered=26.29, error=2.71, trend_c_per_min=0.05, heater_demand_pct=97.8, intake_pwm=206, exhaust_pwm=41, relay=ON",2026-07-08 13:12:01.236346+00,,,,,,,,,,,true
b014f6bc-870f-4a4d-a034-d59fa1411a46,77211883-4c4d-4c93-ad77-9456d4aba557,69527257-2ee0-48be-a172-dbed4bc62b1b,2026-07-08 13:31:32.006982+00,15908449,15907,fuzzy_strong_heating,26.10,70.60,,,26.50,3118,true,210,40,-52,"method=fuzzy_time_proportioning, target=28-30C, temp_filtered=26.14, error=2.86, trend_c_per_min=-0.18, heater_demand_pct=100.0, intake_pwm=210, exhaust_pwm=40, relay=ON",2026-07-08 13:31:32.006982+00,,,,,,,,,,,true
b017385d-2205-43ee-a79a-a7b1b4ad1e07,77211883-4c4d-4c93-ad77-9456d4aba557,69527257-2ee0-48be-a172-dbed4bc62b1b,2026-07-08 15:33:01.350401+00,23198438,23197,fuzzy_strong_heating,27.30,77.30,,,27.00,3122,true,180,50,-53,"method=fuzzy_time_proportioning, target=28-30C, temp_filtered=27.30, error=1.70, trend_c_per_min=0.00, heater_demand_pct=80.0, intake_pwm=180, exhaust_pwm=50, relay=ON",2026-07-08 15:33:01.350401+00,,,,,,,,,,,true
b069731a-9ceb-4737-940e-f7b325d3af66,77211883-4c4d-4c93-ad77-9456d4aba557,69527257-2ee0-48be-a172-dbed4bc62b1b,2026-07-08 11:14:02.032207+00,7658428,7657,fuzzy_strong_heating,26.60,75.80,,,26.75,3117,true,194,45,-53,"method=fuzzy_time_proportioning, target=28-30C, temp_filtered=26.60, error=2.40, trend_c_per_min=-0.00, heater_demand_pct=90.0, intake_pwm=194, exhaust_pwm=45, relay=ON",2026-07-08 11:14:02.032207+00,,,,,,,,,,,true
b06bd9bd-669c-4344-b872-acbccca7b4ae,77211883-4c4d-4c93-ad77-9456d4aba557,69527257-2ee0-48be-a172-dbed4bc62b1b,2026-07-08 11:11:31.869758+00,7508366,7507,fuzzy_strong_heating,26.70,77.50,,,26.81,3113,true,190,46,-56,"method=fuzzy_time_proportioning, target=28-30C, temp_filtered=26.71, error=2.29, trend_c_per_min=-0.03, heater_demand_pct=87.3, intake_pwm=190, exhaust_pwm=46, relay=ON",2026-07-08 11:11:31.869758+00,,,,,,,,,,,true
b0dd5d57-5dca-4d6a-88db-e203711e0e36,77211883-4c4d-4c93-ad77-9456d4aba557,69527257-2ee0-48be-a172-dbed4bc62b1b,2026-07-08 09:51:31.235167+00,2708276,2707,fuzzy_strong_heating,26.60,75.20,26.10,68.80,26.69,3120,true,194,45,-51,"method=fuzzy_time_proportioning, target=28-30C, temp_filtered=26.60, error=2.40, trend_c_per_min=-0.01, heater_demand_pct=90.0, intake_pwm=194, exhaust_pwm=45, relay=ON",2026-07-08 09:51:31.235167+00,,,,,,,,,,,true
b1356f85-5064-4680-b37c-505f44ebb467,77211883-4c4d-4c93-ad77-9456d4aba557,69527257-2ee0-48be-a172-dbed4bc62b1b,2026-07-08 18:26:31.743163+00,33608529,33607,fuzzy_strong_heating,25.60,65.00,25.10,61.20,26.38,3130,true,210,40,-53,"method=fuzzy_time_proportioning, target=28-30C, temp_filtered=25.60, error=3.40, trend_c_per_min=-0.00, heater_demand_pct=100.0, intake_pwm=210, exhaust_pwm=40, relay=ON",2026-07-08 18:26:31.743163+00,,,,,0.5,3.8,,,,,true
b145fce4-ae53-4c30-8de7-8e105c17e6cb,77211883-4c4d-4c93-ad77-9456d4aba557,69527257-2ee0-48be-a172-dbed4bc62b1b,2026-07-08 10:52:01.216666+00,6338276,6337,fuzzy_soft_heating,27.00,87.20,26.80,78.20,26.88,3130,true,175,79,-53,"method=fuzzy_time_proportioning, target=28-30C, temp_filtered=27.00, error=2.00, trend_c_per_min=0.00, heater_demand_pct=67.5, intake_pwm=175, exhaust_pwm=79, relay=ON",2026-07-08 10:52:01.216666+00,,,,,,,,,,,true
b14f93c8-6662-40ca-aaa8-5b821399a092,77211883-4c4d-4c93-ad77-9456d4aba557,69527257-2ee0-48be-a172-dbed4bc62b1b,2026-07-08 10:39:31.241292+00,5588276,5587,fuzzy_soft_heating,27.10,85.10,27.10,76.10,26.88,3106,true,175,76,-59,"method=fuzzy_time_proportioning, target=28-30C, temp_filtered=27.10, error=1.90, trend_c_per_min=0.00, heater_demand_pct=69.0, intake_pwm=175, exhaust_pwm=76, relay=ON",2026-07-08 10:39:31.241292+00,,,,,,,,,,,true
b18c73ee-3c41-4b77-878c-4685cf1484ee,77211883-4c4d-4c93-ad77-9456d4aba557,69527257-2ee0-48be-a172-dbed4bc62b1b,2026-07-08 18:24:01.902361+00,33458529,33457,fuzzy_strong_heating,25.70,65.60,25.10,61.90,26.38,3129,true,210,40,-53,"method=fuzzy_time_proportioning, target=28-30C, temp_filtered=25.64, error=3.36, trend_c_per_min=0.25, heater_demand_pct=100.0, intake_pwm=210, exhaust_pwm=40, relay=ON",2026-07-08 18:24:01.902361+00,,,,,0.6,3.7,,,,,true
b18e574e-6f69-40e9-8fc1-e39f5285198c,77211883-4c4d-4c93-ad77-9456d4aba557,69527257-2ee0-48be-a172-dbed4bc62b1b,2026-07-08 09:00:44.798858+00,968160,967,baseline_off,26.30,78.60,25.80,70.50,26.94,3184,false,0,0,-52,,2026-07-08 09:00:44.798858+00,,,,,,,,,,,true
b192b4f9-986b-4487-bb08-04b7d7ac5601,77211883-4c4d-4c93-ad77-9456d4aba557,69527257-2ee0-48be-a172-dbed4bc62b1b,2026-07-08 11:59:01.082781+00,10358417,10357,fuzzy_strong_heating,26.50,77.30,,,26.69,3134,true,199,43,-55,"method=fuzzy_time_proportioning, target=28-30C, temp_filtered=26.47, error=2.53, trend_c_per_min=0.13, heater_demand_pct=93.3, intake_pwm=199, exhaust_pwm=43, relay=ON",2026-07-08 11:59:01.082781+00,,,,,,,,,,,true
b1dffeda-bbf7-4d8e-8438-59d44548135d,77211883-4c4d-4c93-ad77-9456d4aba557,69527257-2ee0-48be-a172-dbed4bc62b1b,2026-07-08 16:21:32.631133+00,26108438,26107,fuzzy_strong_heating,27.40,76.90,,,27.13,3111,true,180,50,-52,"method=fuzzy_time_proportioning, target=28-30C, temp_filtered=27.33, error=1.67, trend_c_per_min=0.29, heater_demand_pct=80.0, intake_pwm=180, exhaust_pwm=50, relay=ON",2026-07-08 16:21:32.631133+00,,,,,,,,,,,true
b2630da7-1ea2-429e-83bd-b3a0540c488a,77211883-4c4d-4c93-ad77-9456d4aba557,69527257-2ee0-48be-a172-dbed4bc62b1b,2026-07-08 18:04:32.412565+00,32288529,32287,fuzzy_strong_heating,26.00,67.80,25.50,63.80,26.63,3141,true,210,40,-50,"method=fuzzy_time_proportioning, target=28-30C, temp_filtered=25.99, error=3.01, trend_c_per_min=0.06, heater_demand_pct=100.0, intake_pwm=210, exhaust_pwm=40, relay=ON",2026-07-08 18:04:32.412565+00,,,,,0.5,4,,,,,true
b2a28f98-e360-4acd-a283-4cc119138e5b,77211883-4c4d-4c93-ad77-9456d4aba557,69527257-2ee0-48be-a172-dbed4bc62b1b,2026-07-08 11:42:01.051417+00,9338417,9337,fuzzy_strong_heating,26.60,75.00,,,26.75,3130,true,194,45,-53,"method=fuzzy_time_proportioning, target=28-30C, temp_filtered=26.60, error=2.40, trend_c_per_min=-0.00, heater_demand_pct=90.0, intake_pwm=194, exhaust_pwm=45, relay=ON",2026-07-08 11:42:01.051417+00,,,,,,,,,,,true
b2cb5b14-1036-4822-92f4-e516bd0a2cc4,77211883-4c4d-4c93-ad77-9456d4aba557,69527257-2ee0-48be-a172-dbed4bc62b1b,2026-07-08 17:27:32.344445+00,30068529,30067,fuzzy_strong_heating,27.40,77.00,,,27.19,3131,true,180,50,-54,"method=fuzzy_time_proportioning, target=28-30C, temp_filtered=27.39, error=1.61, trend_c_per_min=0.04, heater_demand_pct=80.0, intake_pwm=180, exhaust_pwm=50, relay=ON",2026-07-08 17:27:32.344445+00,,,,,,,,,,,true
b2ecb044-bbd0-4b6f-90aa-0dc45a6d0f00,77211883-4c4d-4c93-ad77-9456d4aba557,69527257-2ee0-48be-a172-dbed4bc62b1b,2026-07-08 09:15:31.631156+00,548477,547,fuzzy_strong_heating,26.20,73.50,25.40,68.50,26.81,3171,true,208,40,-56,"method=fuzzy_time_proportioning, target=28-30C, temp_filtered=26.22, error=2.78, trend_c_per_min=-0.09, heater_demand_pct=98.5, intake_pwm=208, exhaust_pwm=40, relay=ON",2026-07-08 09:15:31.631156+00,,,,,,,,,,,true
b31b71ba-6103-4dcb-a99b-c82d07f3c6a1,77211883-4c4d-4c93-ad77-9456d4aba557,69527257-2ee0-48be-a172-dbed4bc62b1b,2026-07-08 08:54:44.093683+00,608160,607,baseline_off,26.40,78.70,25.90,67.70,26.94,3190,false,0,0,-59,,2026-07-08 08:54:44.093683+00,,,,,,,,,,,true
b336d268-9d84-4974-a23d-83842248fbf4,77211883-4c4d-4c93-ad77-9456d4aba557,69527257-2ee0-48be-a172-dbed4bc62b1b,2026-07-08 17:44:01.599978+00,31058529,31057,fuzzy_strong_heating,27.10,74.20,,,27.13,3110,true,179,49,-54,"method=fuzzy_time_proportioning, target=28-30C, temp_filtered=27.11, error=1.89, trend_c_per_min=-0.05, heater_demand_pct=79.8, intake_pwm=179, exhaust_pwm=49, relay=ON",2026-07-08 17:44:01.599978+00,,,,,,,,,,,true
b3ce9c99-649f-4575-adaa-4f6f86fdeabc,77211883-4c4d-4c93-ad77-9456d4aba557,69527257-2ee0-48be-a172-dbed4bc62b1b,2026-07-08 10:17:02.00868+00,4238276,4237,fuzzy_strong_heating,26.10,74.00,25.90,68.00,26.50,3167,true,210,40,-54,"method=fuzzy_time_proportioning, target=28-30C, temp_filtered=26.04, error=2.96, trend_c_per_min=0.23, heater_demand_pct=100.0, intake_pwm=210, exhaust_pwm=40, relay=ON",2026-07-08 10:17:02.00868+00,,,,,,,,,,,true
b3e837bd-1037-477a-9818-44aed3355cdf,77211883-4c4d-4c93-ad77-9456d4aba557,69527257-2ee0-48be-a172-dbed4bc62b1b,2026-07-08 10:19:01.669574+00,4358276,4357,fuzzy_strong_heating,26.20,76.00,26.20,69.30,26.56,3115,true,209,40,-56,"method=fuzzy_time_proportioning, target=28-30C, temp_filtered=26.20, error=2.80, trend_c_per_min=0.01, heater_demand_pct=100.0, intake_pwm=209, exhaust_pwm=40, relay=ON",2026-07-08 10:19:01.669574+00,,,,,,,,,,,true
b3fe4cb3-681f-459d-a19c-c0825f421e6b,77211883-4c4d-4c93-ad77-9456d4aba557,69527257-2ee0-48be-a172-dbed4bc62b1b,2026-07-08 17:30:31.510721+00,30248529,30247,fuzzy_strong_heating,27.40,76.40,,,27.19,3121,true,180,50,-57,"method=fuzzy_time_proportioning, target=28-30C, temp_filtered=27.40, error=1.60, trend_c_per_min=0.00, heater_demand_pct=80.0, intake_pwm=180, exhaust_pwm=50, relay=ON",2026-07-08 17:30:31.510721+00,,,,,,,,,,,true
b43ac67f-3afe-4704-81b2-e54d28c39c4f,77211883-4c4d-4c93-ad77-9456d4aba557,69527257-2ee0-48be-a172-dbed4bc62b1b,2026-07-08 17:17:32.411822+00,29468529,29467,fuzzy_strong_heating,27.40,77.40,,,27.19,3115,true,180,50,-54,"method=fuzzy_time_proportioning, target=28-30C, temp_filtered=27.38, error=1.62, trend_c_per_min=0.07, heater_demand_pct=80.0, intake_pwm=180, exhaust_pwm=50, relay=ON",2026-07-08 17:17:32.411822+00,,,,,,,,,,,true
b4d0f231-2513-4c12-8cdd-f1a1d5a28af7,77211883-4c4d-4c93-ad77-9456d4aba557,69527257-2ee0-48be-a172-dbed4bc62b1b,2026-07-08 16:41:32.201758+00,27308438,27307,fuzzy_strong_heating,27.30,77.20,,,27.13,3120,true,176,50,-55,"method=fuzzy_time_proportioning, target=28-30C, temp_filtered=27.34, error=1.66, trend_c_per_min=-0.17, heater_demand_pct=74.5, intake_pwm=176, exhaust_pwm=50, relay=ON",2026-07-08 16:41:32.201758+00,,,,,,,,,,,true
b51a9424-d932-4982-a4b6-cb11c72feed7,77211883-4c4d-4c93-ad77-9456d4aba557,69527257-2ee0-48be-a172-dbed4bc62b1b,2026-07-08 10:44:31.009559+00,5888276,5887,fuzzy_strong_heating,27.20,83.00,27.00,73.90,26.94,3133,true,176,70,-63,"method=fuzzy_time_proportioning, target=28-30C, temp_filtered=27.20, error=1.80, trend_c_per_min=0.00, heater_demand_pct=71.7, intake_pwm=176, exhaust_pwm=70, relay=ON",2026-07-08 10:44:31.009559+00,,,,,,,,,,,true
b52dab8b-9714-4e08-ab1f-80d6b42750cb,77211883-4c4d-4c93-ad77-9456d4aba557,69527257-2ee0-48be-a172-dbed4bc62b1b,2026-07-08 18:28:34.519099+00,33728529,33727,fuzzy_strong_heating,25.60,64.80,25.00,61.50,26.38,3143,true,210,40,-55,"method=fuzzy_time_proportioning, target=28-30C, temp_filtered=25.60, error=3.40, trend_c_per_min=0.00, heater_demand_pct=100.0, intake_pwm=210, exhaust_pwm=40, relay=ON",2026-07-08 18:28:34.519099+00,,,,,0.6,3.3,,,,,true
b597db0d-81c2-4ed7-a0aa-1126d5b27c7b,77211883-4c4d-4c93-ad77-9456d4aba557,69527257-2ee0-48be-a172-dbed4bc62b1b,2026-07-08 16:30:02.262559+00,26618438,26617,fuzzy_strong_heating,27.30,76.90,,,27.13,3116,true,180,50,-52,"method=fuzzy_time_proportioning, target=28-30C, temp_filtered=27.30, error=1.70, trend_c_per_min=-0.00, heater_demand_pct=80.0, intake_pwm=180, exhaust_pwm=50, relay=ON",2026-07-08 16:30:02.262559+00,,,,,,,,,,,true
b5c7f8e3-c57b-4b85-b809-85379374c3e0,77211883-4c4d-4c93-ad77-9456d4aba557,69527257-2ee0-48be-a172-dbed4bc62b1b,2026-07-08 09:23:34.225701+00,1028276,1027,fuzzy_strong_heating,26.60,81.30,26.40,74.00,26.88,3142,true,187,63,-70,"method=fuzzy_time_proportioning, target=28-30C, temp_filtered=26.60, error=2.40, trend_c_per_min=0.01, heater_demand_pct=79.8, intake_pwm=187, exhaust_pwm=63, relay=ON",2026-07-08 09:23:34.225701+00,,,,,,,,,,,true
b5e2479f-0296-4118-ae3a-dd07a31562a6,77211883-4c4d-4c93-ad77-9456d4aba557,69527257-2ee0-48be-a172-dbed4bc62b1b,2026-07-08 15:35:01.727432+00,23318438,23317,fuzzy_strong_heating,27.30,77.40,,,27.00,3122,true,180,50,-53,"method=fuzzy_time_proportioning, target=28-30C, temp_filtered=27.30, error=1.70, trend_c_per_min=0.00, heater_demand_pct=80.0, intake_pwm=180, exhaust_pwm=50, relay=ON",2026-07-08 15:35:01.727432+00,,,,,,,,,,,true
b64b1446-9592-4037-8759-a831ea74b36b,77211883-4c4d-4c93-ad77-9456d4aba557,69527257-2ee0-48be-a172-dbed4bc62b1b,2026-07-08 09:55:31.579015+00,2948276,2947,fuzzy_strong_heating,26.40,73.20,25.90,67.30,26.69,3123,true,202,42,-58,"method=fuzzy_time_proportioning, target=28-30C, temp_filtered=26.40, error=2.60, trend_c_per_min=-0.00, heater_demand_pct=95.0, intake_pwm=202, exhaust_pwm=42, relay=ON",2026-07-08 09:55:31.579015+00,,,,,,,,,,,true
b69d3072-7aef-471e-b30b-b93502ef1ff3,77211883-4c4d-4c93-ad77-9456d4aba557,69527257-2ee0-48be-a172-dbed4bc62b1b,2026-07-08 10:38:00.82613+00,5498276,5497,fuzzy_soft_heating,27.10,84.90,27.10,75.90,26.88,3120,true,175,76,-55,"method=fuzzy_time_proportioning, target=28-30C, temp_filtered=27.10, error=1.90, trend_c_per_min=0.02, heater_demand_pct=69.1, intake_pwm=175, exhaust_pwm=76, relay=ON",2026-07-08 10:38:00.82613+00,,,,,,,,,,,true
b6b429ca-c9e0-4237-b995-1a248f5b4336,77211883-4c4d-4c93-ad77-9456d4aba557,69527257-2ee0-48be-a172-dbed4bc62b1b,2026-07-08 14:05:01.584109+00,17918438,17917,fuzzy_strong_heating,26.70,81.20,,,26.69,3129,true,186,64,-52,"method=fuzzy_time_proportioning, target=28-30C, temp_filtered=26.65, error=2.35, trend_c_per_min=0.18, heater_demand_pct=79.0, intake_pwm=186, exhaust_pwm=64, relay=ON",2026-07-08 14:05:01.584109+00,,,,,,,,,,,true
b70c0f75-0daf-4101-878a-a81ff443293c,77211883-4c4d-4c93-ad77-9456d4aba557,69527257-2ee0-48be-a172-dbed4bc62b1b,2026-07-08 13:57:02.040821+00,17438438,17437,fuzzy_strong_heating,26.10,72.60,,,26.50,3126,true,210,40,-52,"method=fuzzy_time_proportioning, target=28-30C, temp_filtered=26.10, error=2.90, trend_c_per_min=-0.00, heater_demand_pct=100.0, intake_pwm=210, exhaust_pwm=40, relay=ON",2026-07-08 13:57:02.040821+00,,,,,,,,,,,true
b7110d69-4c39-428c-a3b6-4da1625edf17,77211883-4c4d-4c93-ad77-9456d4aba557,69527257-2ee0-48be-a172-dbed4bc62b1b,2026-07-08 09:08:01.333844+00,98476,97,fuzzy_strong_heating,26.50,81.40,26.20,73.90,26.94,3152,true,191,63,-56,"method=fuzzy_time_proportioning, target=28-30C, temp_filtered=26.46, error=2.54, trend_c_per_min=0.17, heater_demand_pct=82.1, intake_pwm=191, exhaust_pwm=63, relay=ON",2026-07-08 09:08:01.333844+00,,,,,,,,,,,true
b714481a-878f-4138-a1ad-d4f6aafd04cd,77211883-4c4d-4c93-ad77-9456d4aba557,69527257-2ee0-48be-a172-dbed4bc62b1b,2026-07-08 14:38:31.667795+00,19928438,19927,fuzzy_strong_heating,27.00,74.60,,,26.81,3321,true,182,49,-54,"method=fuzzy_time_proportioning, target=28-30C, temp_filtered=26.92, error=2.08, trend_c_per_min=0.30, heater_demand_pct=81.9, intake_pwm=182, exhaust_pwm=49, relay=ON",2026-07-08 14:38:31.667795+00,,,,,,,,,,,true
b7197b92-27f9-496a-97ef-bed353f9e068,77211883-4c4d-4c93-ad77-9456d4aba557,69527257-2ee0-48be-a172-dbed4bc62b1b,2026-07-08 10:50:31.972694+00,6248276,6247,fuzzy_soft_heating,27.00,86.90,26.80,78.10,26.88,3141,true,175,79,-53,"method=fuzzy_time_proportioning, target=28-30C, temp_filtered=27.00, error=2.00, trend_c_per_min=0.00, heater_demand_pct=67.5, intake_pwm=175, exhaust_pwm=79, relay=ON",2026-07-08 10:50:31.972694+00,,,,,,,,,,,true
b7746a5f-b806-4368-929b-061176559ad4,77211883-4c4d-4c93-ad77-9456d4aba557,69527257-2ee0-48be-a172-dbed4bc62b1b,2026-07-08 14:59:02.12932+00,21158438,21157,fuzzy_strong_heating,27.10,76.30,,,26.94,3113,true,180,50,-53,"method=fuzzy_time_proportioning, target=28-30C, temp_filtered=27.10, error=1.90, trend_c_per_min=0.00, heater_demand_pct=80.0, intake_pwm=180, exhaust_pwm=50, relay=ON",2026-07-08 14:59:02.12932+00,,,,,,,,,,,true
b7eeea01-aa68-4541-b73e-a4c023f7423e,77211883-4c4d-4c93-ad77-9456d4aba557,69527257-2ee0-48be-a172-dbed4bc62b1b,2026-07-08 18:11:33.676803+00,32708529,32707,fuzzy_strong_heating,25.80,66.80,25.20,62.90,26.50,3138,true,210,40,-50,"method=fuzzy_time_proportioning, target=28-30C, temp_filtered=25.80, error=3.20, trend_c_per_min=-0.00, heater_demand_pct=100.0, intake_pwm=210, exhaust_pwm=40, relay=ON",2026-07-08 18:11:33.676803+00,,,,,0.6,3.9,,,,,true
b82ef85e-534e-47ed-ad29-4830e9ca8bc1,77211883-4c4d-4c93-ad77-9456d4aba557,69527257-2ee0-48be-a172-dbed4bc62b1b,2026-07-08 10:47:01.27854+00,6038276,6037,fuzzy_strong_heating,27.00,79.70,26.50,73.10,26.88,3119,true,177,59,-54,"method=fuzzy_time_proportioning, target=28-30C, temp_filtered=27.02, error=1.98, trend_c_per_min=-0.07, heater_demand_pct=74.8, intake_pwm=177, exhaust_pwm=59, relay=ON",2026-07-08 10:47:01.27854+00,,,,,,,,,,,true
b83b554a-11cf-4bfb-9cd9-d009a816f290,77211883-4c4d-4c93-ad77-9456d4aba557,69527257-2ee0-48be-a172-dbed4bc62b1b,2026-07-08 12:30:31.967865+00,12248417,12247,fuzzy_strong_heating,26.70,79.10,,,26.75,3137,true,188,53,-53,"method=fuzzy_time_proportioning, target=28-30C, temp_filtered=26.70, error=2.30, trend_c_per_min=0.00, heater_demand_pct=83.6, intake_pwm=188, exhaust_pwm=53, relay=ON",2026-07-08 12:30:31.967865+00,,,,,,,,,,,true
b84279b6-2f9e-4dcb-a6bf-48caa5b55933,77211883-4c4d-4c93-ad77-9456d4aba557,69527257-2ee0-48be-a172-dbed4bc62b1b,2026-07-08 16:39:02.26574+00,27158438,27157,fuzzy_strong_heating,27.30,77.20,,,27.13,3122,true,179,50,-56,"method=fuzzy_time_proportioning, target=28-30C, temp_filtered=27.32, error=1.68, trend_c_per_min=-0.07, heater_demand_pct=78.7, intake_pwm=179, exhaust_pwm=50, relay=ON",2026-07-08 16:39:02.26574+00,,,,,,,,,,,true
b894a276-f029-40c2-82ba-ccfd8a6b3c88,77211883-4c4d-4c93-ad77-9456d4aba557,69527257-2ee0-48be-a172-dbed4bc62b1b,2026-07-08 13:20:32.02099+00,15248449,15247,fuzzy_strong_heating,26.70,78.40,,,26.69,3115,true,191,48,-52,"method=fuzzy_time_proportioning, target=28-30C, temp_filtered=26.67, error=2.33, trend_c_per_min=0.12, heater_demand_pct=86.6, intake_pwm=191, exhaust_pwm=48, relay=ON",2026-07-08 13:20:32.02099+00,,,,,,,,,,,true
b8abda2b-1cdd-44c1-9312-a6cf1bd339b8,77211883-4c4d-4c93-ad77-9456d4aba557,69527257-2ee0-48be-a172-dbed4bc62b1b,2026-07-08 10:11:01.664844+00,3878276,3877,fuzzy_strong_heating,26.00,68.50,25.60,63.70,26.50,3120,true,210,40,-57,"method=fuzzy_time_proportioning, target=28-30C, temp_filtered=26.00, error=3.00, trend_c_per_min=0.00, heater_demand_pct=100.0, intake_pwm=210, exhaust_pwm=40, relay=ON",2026-07-08 10:11:01.664844+00,,,,,,,,,,,true
b8b5e42e-d8dc-4438-aa28-95a81248e992,77211883-4c4d-4c93-ad77-9456d4aba557,69527257-2ee0-48be-a172-dbed4bc62b1b,2026-07-08 17:34:32.752174+00,30488529,30487,fuzzy_strong_heating,27.40,76.40,,,27.19,3132,true,179,50,-54,"method=fuzzy_time_proportioning, target=28-30C, temp_filtered=27.40, error=1.60, trend_c_per_min=0.00, heater_demand_pct=80.0, intake_pwm=179, exhaust_pwm=50, relay=ON",2026-07-08 17:34:32.752174+00,,,,,,,,,,,true
b8ec4741-b96d-4625-95a9-bfa857540d6b,77211883-4c4d-4c93-ad77-9456d4aba557,69527257-2ee0-48be-a172-dbed4bc62b1b,2026-07-08 18:15:02.37713+00,32918529,32917,fuzzy_strong_heating,25.80,66.30,25.20,62.60,26.44,3118,true,210,40,-52,"method=fuzzy_time_proportioning, target=28-30C, temp_filtered=25.75, error=3.25, trend_c_per_min=0.22, heater_demand_pct=100.0, intake_pwm=210, exhaust_pwm=40, relay=ON",2026-07-08 18:15:02.37713+00,,,,,0.6,3.7,,,,,true
b921df85-bc67-4352-9645-2e88faf41bc6,77211883-4c4d-4c93-ad77-9456d4aba557,69527257-2ee0-48be-a172-dbed4bc62b1b,2026-07-08 14:11:02.038912+00,18278438,18277,fuzzy_strong_heating,26.60,74.80,,,26.69,3120,true,194,45,-57,"method=fuzzy_time_proportioning, target=28-30C, temp_filtered=26.60, error=2.40, trend_c_per_min=-0.00, heater_demand_pct=90.0, intake_pwm=194, exhaust_pwm=45, relay=ON",2026-07-08 14:11:02.038912+00,,,,,,,,,,,true
b96c5b08-6700-4dfc-b04d-b45b795d7316,77211883-4c4d-4c93-ad77-9456d4aba557,69527257-2ee0-48be-a172-dbed4bc62b1b,2026-07-08 14:29:31.264056+00,19388438,19387,fuzzy_strong_heating,26.70,73.40,,,26.75,3121,true,191,46,-56,"method=fuzzy_time_proportioning, target=28-30C, temp_filtered=26.70, error=2.30, trend_c_per_min=0.01, heater_demand_pct=87.5, intake_pwm=191, exhaust_pwm=46, relay=ON",2026-07-08 14:29:31.264056+00,,,,,,,,,,,true
b97a8dff-8f5c-48aa-bdc3-1a9a44453882,77211883-4c4d-4c93-ad77-9456d4aba557,69527257-2ee0-48be-a172-dbed4bc62b1b,2026-07-08 11:22:31.202712+00,8168417,8167,fuzzy_strong_heating,26.30,72.20,,,26.63,3127,true,207,40,-56,"method=fuzzy_time_proportioning, target=28-30C, temp_filtered=26.27, error=2.73, trend_c_per_min=0.13, heater_demand_pct=98.3, intake_pwm=207, exhaust_pwm=40, relay=ON",2026-07-08 11:22:31.202712+00,,,,,,,,,,,true
b99f75c2-02e6-4f62-a1d1-d6cb769e48a5,77211883-4c4d-4c93-ad77-9456d4aba557,69527257-2ee0-48be-a172-dbed4bc62b1b,2026-07-08 11:16:31.825484+00,7808428,7807,fuzzy_strong_heating,26.40,74.70,,,26.69,3136,true,192,45,-54,"method=fuzzy_time_proportioning, target=28-30C, temp_filtered=26.48, error=2.52, trend_c_per_min=-0.30, heater_demand_pct=85.9, intake_pwm=192, exhaust_pwm=45, relay=ON",2026-07-08 11:16:31.825484+00,,,,,,,,,,,true
b9a508f7-4198-494c-8ff7-8498cce361e2,77211883-4c4d-4c93-ad77-9456d4aba557,69527257-2ee0-48be-a172-dbed4bc62b1b,2026-07-08 17:28:32.409163+00,30128529,30127,fuzzy_strong_heating,27.40,76.30,,,27.19,3120,true,180,50,-54,"method=fuzzy_time_proportioning, target=28-30C, temp_filtered=27.39, error=1.61, trend_c_per_min=0.06, heater_demand_pct=80.0, intake_pwm=180, exhaust_pwm=50, relay=ON",2026-07-08 17:28:32.409163+00,,,,,,,,,,,true
b9e51268-0f60-4cac-b2ee-80e1ec9f5f30,77211883-4c4d-4c93-ad77-9456d4aba557,69527257-2ee0-48be-a172-dbed4bc62b1b,2026-07-08 13:11:31.730168+00,14708449,14707,fuzzy_strong_heating,26.30,75.70,,,26.56,3109,true,209,40,-52,"method=fuzzy_time_proportioning, target=28-30C, temp_filtered=26.22, error=2.78, trend_c_per_min=0.30, heater_demand_pct=99.4, intake_pwm=209, exhaust_pwm=40, relay=ON",2026-07-08 13:11:31.730168+00,,,,,,,,,,,true
ba3997d5-80f4-4a63-9136-a7b3461e6b6a,77211883-4c4d-4c93-ad77-9456d4aba557,69527257-2ee0-48be-a172-dbed4bc62b1b,2026-07-08 11:09:31.338916+00,7388366,7387,fuzzy_strong_heating,26.80,78.70,,,26.88,3119,true,177,51,-54,"method=fuzzy_time_proportioning, target=28-30C, temp_filtered=26.88, error=2.12, trend_c_per_min=-0.30, heater_demand_pct=73.9, intake_pwm=177, exhaust_pwm=51, relay=ON",2026-07-08 11:09:31.338916+00,,,,,,,,,,,true
ba43f112-35f3-481f-bc8f-983890a64c84,77211883-4c4d-4c93-ad77-9456d4aba557,69527257-2ee0-48be-a172-dbed4bc62b1b,2026-07-08 16:32:31.956691+00,26768438,26767,fuzzy_strong_heating,27.30,77.00,,,27.13,3135,true,180,50,-53,"method=fuzzy_time_proportioning, target=28-30C, temp_filtered=27.30, error=1.70, trend_c_per_min=0.00, heater_demand_pct=80.0, intake_pwm=180, exhaust_pwm=50, relay=ON",2026-07-08 16:32:31.956691+00,,,,,,,,,,,true
ba872aab-c907-4254-80c8-c7e3746386a0,77211883-4c4d-4c93-ad77-9456d4aba557,69527257-2ee0-48be-a172-dbed4bc62b1b,2026-07-08 14:56:31.636825+00,21008438,21007,fuzzy_strong_heating,27.10,76.10,,,26.94,3447,true,180,50,-53,"method=fuzzy_time_proportioning, target=28-30C, temp_filtered=27.10, error=1.90, trend_c_per_min=0.00, heater_demand_pct=80.0, intake_pwm=180, exhaust_pwm=50, relay=ON",2026-07-08 14:56:31.636825+00,,,,,,,,,,,true
bacb478c-a519-43ca-a157-d9715ca9158f,77211883-4c4d-4c93-ad77-9456d4aba557,69527257-2ee0-48be-a172-dbed4bc62b1b,2026-07-08 14:17:01.7032+00,18638438,18637,fuzzy_strong_heating,26.30,72.20,,,26.56,3134,true,206,41,-54,"method=fuzzy_time_proportioning, target=28-30C, temp_filtered=26.30, error=2.70, trend_c_per_min=-0.00, heater_demand_pct=97.5, intake_pwm=206, exhaust_pwm=41, relay=ON",2026-07-08 14:17:01.7032+00,,,,,,,,,,,true
baf49989-3848-4c01-b9ea-2a505fc46d25,77211883-4c4d-4c93-ad77-9456d4aba557,69527257-2ee0-48be-a172-dbed4bc62b1b,2026-07-08 12:15:31.888087+00,11348417,11347,fuzzy_strong_heating,26.30,70.80,,,26.63,3132,true,198,43,-54,"method=fuzzy_time_proportioning, target=28-30C, temp_filtered=26.36, error=2.64, trend_c_per_min=-0.23, heater_demand_pct=91.0, intake_pwm=198, exhaust_pwm=43, relay=ON",2026-07-08 12:15:31.888087+00,,,,,,,,,,,true
bb462e64-0246-4e21-8529-b88fa76e3499,77211883-4c4d-4c93-ad77-9456d4aba557,69527257-2ee0-48be-a172-dbed4bc62b1b,2026-07-08 10:43:01.576686+00,5798276,5797,fuzzy_soft_heating,27.20,85.10,27.20,75.70,27.00,3139,true,175,74,-57,"method=fuzzy_time_proportioning, target=28-30C, temp_filtered=27.20, error=1.80, trend_c_per_min=0.00, heater_demand_pct=69.6, intake_pwm=175, exhaust_pwm=74, relay=ON",2026-07-08 10:43:01.576686+00,,,,,,,,,,,true
bb65c2ec-b199-4ee6-9c63-a70b5b22c63b,77211883-4c4d-4c93-ad77-9456d4aba557,69527257-2ee0-48be-a172-dbed4bc62b1b,2026-07-08 11:27:01.373374+00,8438417,8437,fuzzy_strong_heating,26.10,71.30,,,26.56,3130,true,210,40,-56,"method=fuzzy_time_proportioning, target=28-30C, temp_filtered=26.10, error=2.90, trend_c_per_min=-0.01, heater_demand_pct=100.0, intake_pwm=210, exhaust_pwm=40, relay=ON",2026-07-08 11:27:01.373374+00,,,,,,,,,,,true
bba6b467-183f-4b51-8d0a-78994697c834,77211883-4c4d-4c93-ad77-9456d4aba557,69527257-2ee0-48be-a172-dbed4bc62b1b,2026-07-08 16:45:32.27855+00,27548438,27547,fuzzy_strong_heating,27.30,77.30,,,27.13,3327,true,175,50,-56,"method=fuzzy_time_proportioning, target=28-30C, temp_filtered=27.37, error=1.63, trend_c_per_min=-0.29, heater_demand_pct=72.5, intake_pwm=175, exhaust_pwm=50, relay=ON",2026-07-08 16:45:32.27855+00,,,,,,,,,,,true
bbaaa1cf-2e56-4d98-848b-8845682e37ad,77211883-4c4d-4c93-ad77-9456d4aba557,69527257-2ee0-48be-a172-dbed4bc62b1b,2026-07-08 09:42:31.189334+00,2168276,2167,fuzzy_strong_heating,26.50,81.30,26.20,73.70,26.63,3117,true,192,62,-51,"method=fuzzy_time_proportioning, target=28-30C, temp_filtered=26.42, error=2.58, trend_c_per_min=0.30, heater_demand_pct=82.9, intake_pwm=192, exhaust_pwm=62, relay=ON",2026-07-08 09:42:31.189334+00,,,,,,,,,,,true
bc11bbda-8bed-4d82-8e71-28738955f209,77211883-4c4d-4c93-ad77-9456d4aba557,69527257-2ee0-48be-a172-dbed4bc62b1b,2026-07-08 15:20:02.639341+00,22418438,22417,fuzzy_strong_heating,27.20,77.10,,,27.00,3136,true,180,50,-53,"method=fuzzy_time_proportioning, target=28-30C, temp_filtered=27.20, error=1.80, trend_c_per_min=0.00, heater_demand_pct=80.0, intake_pwm=180, exhaust_pwm=50, relay=ON",2026-07-08 15:20:02.639341+00,,,,,,,,,,,true
bc35b505-99c2-474b-bc70-165611fc657c,77211883-4c4d-4c93-ad77-9456d4aba557,69527257-2ee0-48be-a172-dbed4bc62b1b,2026-07-08 15:32:01.827195+00,23138438,23137,fuzzy_strong_heating,27.30,77.30,,,27.00,3137,true,180,50,-55,"method=fuzzy_time_proportioning, target=28-30C, temp_filtered=27.29, error=1.71, trend_c_per_min=0.03, heater_demand_pct=80.0, intake_pwm=180, exhaust_pwm=50, relay=ON",2026-07-08 15:32:01.827195+00,,,,,,,,,,,true
bc639402-19f0-4dcb-a6cd-3b38f6635dcf,77211883-4c4d-4c93-ad77-9456d4aba557,69527257-2ee0-48be-a172-dbed4bc62b1b,2026-07-08 12:23:31.64983+00,11828417,11827,fuzzy_strong_heating,26.40,76.80,,,26.63,3123,true,203,42,-53,"method=fuzzy_time_proportioning, target=28-30C, temp_filtered=26.38, error=2.62, trend_c_per_min=0.07, heater_demand_pct=95.4, intake_pwm=203, exhaust_pwm=42, relay=ON",2026-07-08 12:23:31.64983+00,,,,,,,,,,,true
bcbd69f9-721e-4394-88d8-d8db5aa6ef1c,77211883-4c4d-4c93-ad77-9456d4aba557,69527257-2ee0-48be-a172-dbed4bc62b1b,2026-07-08 12:08:01.886805+00,10898417,10897,fuzzy_strong_heating,26.60,75.30,,,26.69,3126,true,194,45,-56,"method=fuzzy_time_proportioning, target=28-30C, temp_filtered=26.60, error=2.40, trend_c_per_min=-0.02, heater_demand_pct=89.9, intake_pwm=194, exhaust_pwm=45, relay=ON",2026-07-08 12:08:01.886805+00,,,,,,,,,,,true
bcef38f6-747e-4f35-8739-94b7dfb84674,77211883-4c4d-4c93-ad77-9456d4aba557,69527257-2ee0-48be-a172-dbed4bc62b1b,2026-07-08 12:56:01.505016+00,13778417,13777,fuzzy_strong_heating,26.60,77.20,,,26.69,3136,true,184,47,-56,"method=fuzzy_time_proportioning, target=28-30C, temp_filtered=26.65, error=2.35, trend_c_per_min=-0.18, heater_demand_pct=80.3, intake_pwm=184, exhaust_pwm=47, relay=ON",2026-07-08 12:56:01.505016+00,,,,,,,,,,,true
bd24ed4f-8e8c-4b58-adb4-0f0f646cb03e,77211883-4c4d-4c93-ad77-9456d4aba557,69527257-2ee0-48be-a172-dbed4bc62b1b,2026-07-08 11:55:01.499091+00,10118417,10117,fuzzy_strong_heating,26.20,71.30,,,26.63,3127,true,206,41,-53,"method=fuzzy_time_proportioning, target=28-30C, temp_filtered=26.25, error=2.75, trend_c_per_min=-0.19, heater_demand_pct=97.0, intake_pwm=206, exhaust_pwm=41, relay=ON",2026-07-08 11:55:01.499091+00,,,,,,,,,,,true
bdc3e6c8-f99b-48d0-aa98-fbca1e0676e4,77211883-4c4d-4c93-ad77-9456d4aba557,69527257-2ee0-48be-a172-dbed4bc62b1b,2026-07-08 13:17:02.019365+00,15038449,15037,fuzzy_strong_heating,26.60,80.40,,,26.63,3111,true,189,59,-55,"method=fuzzy_time_proportioning, target=28-30C, temp_filtered=26.59, error=2.41, trend_c_per_min=0.03, heater_demand_pct=82.1, intake_pwm=189, exhaust_pwm=59, relay=ON",2026-07-08 13:17:02.019365+00,,,,,,,,,,,true
bddf254a-f2ac-407c-9813-17ea0001c03a,77211883-4c4d-4c93-ad77-9456d4aba557,69527257-2ee0-48be-a172-dbed4bc62b1b,2026-07-08 10:36:01.317986+00,5378276,5377,fuzzy_soft_heating,27.00,84.50,27.00,75.50,26.81,3110,true,175,76,-58,"method=fuzzy_time_proportioning, target=28-30C, temp_filtered=27.00, error=2.00, trend_c_per_min=0.00, heater_demand_pct=68.8, intake_pwm=175, exhaust_pwm=76, relay=ON",2026-07-08 10:36:01.317986+00,,,,,,,,,,,true
bde4c01c-259b-4bd1-a782-58c7651b73df,77211883-4c4d-4c93-ad77-9456d4aba557,69527257-2ee0-48be-a172-dbed4bc62b1b,2026-07-08 15:39:31.763404+00,23588438,23587,fuzzy_strong_heating,27.30,77.50,,,27.00,3120,true,180,50,-56,"method=fuzzy_time_proportioning, target=28-30C, temp_filtered=27.30, error=1.70, trend_c_per_min=0.00, heater_demand_pct=80.0, intake_pwm=180, exhaust_pwm=50, relay=ON",2026-07-08 15:39:31.763404+00,,,,,,,,,,,true
bde9e40a-5295-46b2-a5f6-f25e1c654799,77211883-4c4d-4c93-ad77-9456d4aba557,69527257-2ee0-48be-a172-dbed4bc62b1b,2026-07-08 17:53:01.99662+00,31598529,31597,fuzzy_strong_heating,26.40,70.30,26.00,65.20,26.81,3127,true,202,42,-52,"method=fuzzy_time_proportioning, target=28-30C, temp_filtered=26.41, error=2.59, trend_c_per_min=-0.03, heater_demand_pct=94.8, intake_pwm=202, exhaust_pwm=42, relay=ON",2026-07-08 17:53:01.99662+00,,,,,,,,,,,true
bdf6dd76-b6ed-4b77-837b-e51e7d9340af,77211883-4c4d-4c93-ad77-9456d4aba557,69527257-2ee0-48be-a172-dbed4bc62b1b,2026-07-08 15:35:32.103776+00,23348438,23347,fuzzy_strong_heating,27.30,77.40,,,27.00,3143,true,180,50,-53,"method=fuzzy_time_proportioning, target=28-30C, temp_filtered=27.30, error=1.70, trend_c_per_min=0.00, heater_demand_pct=80.0, intake_pwm=180, exhaust_pwm=50, relay=ON",2026-07-08 15:35:32.103776+00,,,,,,,,,,,true
be38833a-5412-4aa1-88c3-d6c0a8bd7de9,77211883-4c4d-4c93-ad77-9456d4aba557,69527257-2ee0-48be-a172-dbed4bc62b1b,2026-07-08 16:04:02.200159+00,25058438,25057,fuzzy_strong_heating,27.30,77.00,,,27.06,3127,true,180,50,-53,"method=fuzzy_time_proportioning, target=28-30C, temp_filtered=27.30, error=1.70, trend_c_per_min=0.00, heater_demand_pct=80.0, intake_pwm=180, exhaust_pwm=50, relay=ON",2026-07-08 16:04:02.200159+00,,,,,,,,,,,true
be41ae13-30c9-489c-bcdf-e0815faf087c,77211883-4c4d-4c93-ad77-9456d4aba557,69527257-2ee0-48be-a172-dbed4bc62b1b,2026-07-08 12:16:01.883365+00,11378417,11377,fuzzy_strong_heating,26.40,70.60,,,26.63,3120,true,204,41,-54,"method=fuzzy_time_proportioning, target=28-30C, temp_filtered=26.36, error=2.64, trend_c_per_min=0.18, heater_demand_pct=96.1, intake_pwm=204, exhaust_pwm=41, relay=ON",2026-07-08 12:16:01.883365+00,,,,,,,,,,,true
be436b29-46e8-413e-9448-01b37d307c8f,77211883-4c4d-4c93-ad77-9456d4aba557,69527257-2ee0-48be-a172-dbed4bc62b1b,2026-07-08 11:47:01.060357+00,9638417,9637,fuzzy_strong_heating,26.40,72.10,,,26.63,3135,true,202,42,-52,"method=fuzzy_time_proportioning, target=28-30C, temp_filtered=26.40, error=2.60, trend_c_per_min=-0.02, heater_demand_pct=94.9, intake_pwm=202, exhaust_pwm=42, relay=ON",2026-07-08 11:47:01.060357+00,,,,,,,,,,,true
be8b52fa-e08c-4679-b714-a4290adcd2d7,77211883-4c4d-4c93-ad77-9456d4aba557,69527257-2ee0-48be-a172-dbed4bc62b1b,2026-07-08 17:25:31.530828+00,29948529,29947,fuzzy_strong_heating,27.40,77.10,,,27.19,3121,true,180,50,-53,"method=fuzzy_time_proportioning, target=28-30C, temp_filtered=27.40, error=1.60, trend_c_per_min=0.01, heater_demand_pct=80.0, intake_pwm=180, exhaust_pwm=50, relay=ON",2026-07-08 17:25:31.530828+00,,,,,,,,,,,true
be968f60-3f4f-4db1-a26f-d80079fc96ec,77211883-4c4d-4c93-ad77-9456d4aba557,69527257-2ee0-48be-a172-dbed4bc62b1b,2026-07-08 14:22:31.270953+00,18968438,18967,fuzzy_strong_heating,26.40,72.40,,,26.56,3134,true,204,41,-56,"method=fuzzy_time_proportioning, target=28-30C, temp_filtered=26.34, error=2.66, trend_c_per_min=0.22, heater_demand_pct=96.4, intake_pwm=204, exhaust_pwm=41, relay=ON",2026-07-08 14:22:31.270953+00,,,,,,,,,,,true
be9a01b0-4177-409a-b00b-8c211a720d16,77211883-4c4d-4c93-ad77-9456d4aba557,69527257-2ee0-48be-a172-dbed4bc62b1b,2026-07-08 11:07:31.32328+00,7268366,7267,fuzzy_strong_heating,27.00,80.60,,,26.88,3199,true,177,64,-53,"method=fuzzy_time_proportioning, target=28-30C, temp_filtered=27.00, error=2.00, trend_c_per_min=-0.00, heater_demand_pct=73.9, intake_pwm=177, exhaust_pwm=64, relay=ON",2026-07-08 11:07:31.32328+00,,,,,,,,,,,true
beb2c29b-59f1-4358-bbdd-94664a9b9930,77211883-4c4d-4c93-ad77-9456d4aba557,69527257-2ee0-48be-a172-dbed4bc62b1b,2026-07-08 12:19:01.942005+00,11558417,11557,fuzzy_strong_heating,26.20,69.80,,,26.63,2749,true,203,41,-54,"method=fuzzy_time_proportioning, target=28-30C, temp_filtered=26.28, error=2.72, trend_c_per_min=-0.30, heater_demand_pct=95.3, intake_pwm=203, exhaust_pwm=41, relay=ON",2026-07-08 12:19:01.942005+00,,,,,,,,,,,true
bee45954-27a4-49b6-9a4f-ec1260847dc6,77211883-4c4d-4c93-ad77-9456d4aba557,69527257-2ee0-48be-a172-dbed4bc62b1b,2026-07-08 17:10:31.507915+00,29048529,29047,fuzzy_strong_heating,27.40,77.30,,,27.19,3089,true,180,50,-55,"method=fuzzy_time_proportioning, target=28-30C, temp_filtered=27.38, error=1.62, trend_c_per_min=0.07, heater_demand_pct=80.0, intake_pwm=180, exhaust_pwm=50, relay=ON",2026-07-08 17:10:31.507915+00,,,,,,,,,,,true
beff2c42-8212-426f-921a-393996adb2ba,77211883-4c4d-4c93-ad77-9456d4aba557,69527257-2ee0-48be-a172-dbed4bc62b1b,2026-07-08 16:46:32.061946+00,27608464,27607,fuzzy_strong_heating,27.30,77.20,,,27.13,3440,true,175,50,-56,"method=fuzzy_time_proportioning, target=28-30C, temp_filtered=27.35, error=1.65, trend_c_per_min=-0.21, heater_demand_pct=73.4, intake_pwm=175, exhaust_pwm=50, relay=ON",2026-07-08 16:46:32.061946+00,,,,,,,,,,,true
bf379fc2-a0cb-48fe-b6c8-92ac417f7d0a,77211883-4c4d-4c93-ad77-9456d4aba557,69527257-2ee0-48be-a172-dbed4bc62b1b,2026-07-08 15:59:31.80551+00,24788438,24787,fuzzy_strong_heating,27.30,77.10,,,27.06,3120,true,180,50,-53,"method=fuzzy_time_proportioning, target=28-30C, temp_filtered=27.30, error=1.70, trend_c_per_min=0.00, heater_demand_pct=80.0, intake_pwm=180, exhaust_pwm=50, relay=ON",2026-07-08 15:59:31.80551+00,,,,,,,,,,,true
bf6aec5d-f606-4498-8137-0c90151dd541,77211883-4c4d-4c93-ad77-9456d4aba557,69527257-2ee0-48be-a172-dbed4bc62b1b,2026-07-08 11:28:01.850156+00,8498417,8497,fuzzy_strong_heating,26.20,72.60,,,26.56,3327,true,209,40,-56,"method=fuzzy_time_proportioning, target=28-30C, temp_filtered=26.13, error=2.87, trend_c_per_min=0.30, heater_demand_pct=100.0, intake_pwm=209, exhaust_pwm=40, relay=ON",2026-07-08 11:28:01.850156+00,,,,,,,,,,,true
bf776c30-daec-4a3b-a436-5fca89889edb,77211883-4c4d-4c93-ad77-9456d4aba557,69527257-2ee0-48be-a172-dbed4bc62b1b,2026-07-08 14:34:02.202021+00,19658438,19657,fuzzy_strong_heating,26.90,74.00,,,26.81,3122,true,184,48,-57,"method=fuzzy_time_proportioning, target=28-30C, temp_filtered=26.88, error=2.12, trend_c_per_min=0.09, heater_demand_pct=83.1, intake_pwm=184, exhaust_pwm=48, relay=ON",2026-07-08 14:34:02.202021+00,,,,,,,,,,,true
bf8d9d73-e457-417d-9517-2bdf89437945,77211883-4c4d-4c93-ad77-9456d4aba557,69527257-2ee0-48be-a172-dbed4bc62b1b,2026-07-08 14:12:01.289541+00,18338438,18337,fuzzy_strong_heating,26.50,74.00,,,26.69,3131,true,189,45,-54,"method=fuzzy_time_proportioning, target=28-30C, temp_filtered=26.54, error=2.46, trend_c_per_min=-0.17, heater_demand_pct=83.5, intake_pwm=189, exhaust_pwm=45, relay=ON",2026-07-08 14:12:01.289541+00,,,,,,,,,,,true
bfafdee7-87fa-4cde-8ba5-b343b10acf8c,77211883-4c4d-4c93-ad77-9456d4aba557,69527257-2ee0-48be-a172-dbed4bc62b1b,2026-07-08 17:27:01.986395+00,30038529,30037,fuzzy_strong_heating,27.30,77.00,,,27.19,3125,true,175,50,-54,"method=fuzzy_time_proportioning, target=28-30C, temp_filtered=27.37, error=1.63, trend_c_per_min=-0.30, heater_demand_pct=72.5, intake_pwm=175, exhaust_pwm=50, relay=ON",2026-07-08 17:27:01.986395+00,,,,,,,,,,,true
c101441b-fb70-49ec-9ff6-788126242f0a,77211883-4c4d-4c93-ad77-9456d4aba557,69527257-2ee0-48be-a172-dbed4bc62b1b,2026-07-08 18:29:01.598065+00,33758529,33757,fuzzy_strong_heating,25.60,64.70,25.00,61.60,26.38,3151,true,210,40,-52,"method=fuzzy_time_proportioning, target=28-30C, temp_filtered=25.58, error=3.42, trend_c_per_min=0.10, heater_demand_pct=100.0, intake_pwm=210, exhaust_pwm=40, relay=ON",2026-07-08 18:29:01.598065+00,,,,,0.6,3.1,,,,,true
c1017fd1-ec55-4b91-8fa8-7bbab915b6c5,77211883-4c4d-4c93-ad77-9456d4aba557,69527257-2ee0-48be-a172-dbed4bc62b1b,2026-07-08 18:10:01.527058+00,32618529,32617,fuzzy_strong_heating,25.80,67.00,25.20,63.20,26.50,3117,true,210,40,-51,"method=fuzzy_time_proportioning, target=28-30C, temp_filtered=25.81, error=3.19, trend_c_per_min=-0.03, heater_demand_pct=100.0, intake_pwm=210, exhaust_pwm=40, relay=ON",2026-07-08 18:10:01.527058+00,,,,,0.6,3.8,,,,,true
c15becb3-d3bf-4523-86ff-883f3a804816,77211883-4c4d-4c93-ad77-9456d4aba557,69527257-2ee0-48be-a172-dbed4bc62b1b,2026-07-08 12:23:01.083686+00,11798417,11797,fuzzy_strong_heating,26.30,76.30,,,26.63,3120,true,200,42,-53,"method=fuzzy_time_proportioning, target=28-30C, temp_filtered=26.33, error=2.67, trend_c_per_min=-0.13, heater_demand_pct=92.2, intake_pwm=200, exhaust_pwm=42, relay=ON",2026-07-08 12:23:01.083686+00,,,,,,,,,,,true
c17478bc-5a5a-4d6a-a1b8-8158f463612a,77211883-4c4d-4c93-ad77-9456d4aba557,69527257-2ee0-48be-a172-dbed4bc62b1b,2026-07-08 17:13:32.991978+00,29228529,29227,fuzzy_strong_heating,27.40,77.40,,,27.19,3121,true,180,50,-57,"method=fuzzy_time_proportioning, target=28-30C, temp_filtered=27.38, error=1.62, trend_c_per_min=0.08, heater_demand_pct=80.0, intake_pwm=180, exhaust_pwm=50, relay=ON",2026-07-08 17:13:32.991978+00,,,,,,,,,,,true
c1a2910b-273e-44f2-99a9-4751646d5d36,77211883-4c4d-4c93-ad77-9456d4aba557,69527257-2ee0-48be-a172-dbed4bc62b1b,2026-07-08 11:00:31.80175+00,6848355,6847,fuzzy_soft_heating,27.10,87.80,27.00,78.30,26.88,3117,true,175,79,-53,"method=fuzzy_time_proportioning, target=28-30C, temp_filtered=27.05, error=1.95, trend_c_per_min=0.21, heater_demand_pct=67.5, intake_pwm=175, exhaust_pwm=79, relay=ON",2026-07-08 11:00:31.80175+00,,,,,,,,,,,true
c1e3306d-f69c-46a8-8fb4-393813f7bc81,77211883-4c4d-4c93-ad77-9456d4aba557,69527257-2ee0-48be-a172-dbed4bc62b1b,2026-07-08 09:09:31.874874+00,188476,187,fuzzy_strong_heating,26.50,81.30,26.30,73.20,26.94,3287,true,190,63,-57,"method=fuzzy_time_proportioning, target=28-30C, temp_filtered=26.50, error=2.50, trend_c_per_min=0.00, heater_demand_pct=81.6, intake_pwm=190, exhaust_pwm=63, relay=ON",2026-07-08 09:09:31.874874+00,,,,,,,,,,,true
c209f7e6-cd32-4433-80e3-5c78d853cf89,77211883-4c4d-4c93-ad77-9456d4aba557,69527257-2ee0-48be-a172-dbed4bc62b1b,2026-07-08 13:56:01.290736+00,17378438,17377,fuzzy_strong_heating,26.10,71.00,,,26.50,3115,true,210,40,-52,"method=fuzzy_time_proportioning, target=28-30C, temp_filtered=26.10, error=2.90, trend_c_per_min=-0.00, heater_demand_pct=100.0, intake_pwm=210, exhaust_pwm=40, relay=ON",2026-07-08 13:56:01.290736+00,,,,,,,,,,,true
c2bb349b-a6c9-4cf2-aa43-29675cf38042,77211883-4c4d-4c93-ad77-9456d4aba557,69527257-2ee0-48be-a172-dbed4bc62b1b,2026-07-08 12:02:02.337578+00,10538417,10537,fuzzy_strong_heating,26.60,79.80,,,26.69,3138,true,190,56,-57,"method=fuzzy_time_proportioning, target=28-30C, temp_filtered=26.60, error=2.40, trend_c_per_min=0.00, heater_demand_pct=83.6, intake_pwm=190, exhaust_pwm=56, relay=ON",2026-07-08 12:02:02.337578+00,,,,,,,,,,,true
c33b76bd-a178-42e7-8cf6-ca6d2421ebd1,77211883-4c4d-4c93-ad77-9456d4aba557,69527257-2ee0-48be-a172-dbed4bc62b1b,2026-07-08 18:22:02.197837+00,33338529,33337,fuzzy_strong_heating,25.70,65.50,25.10,62.10,26.44,3134,true,210,40,-52,"method=fuzzy_time_proportioning, target=28-30C, temp_filtered=25.70, error=3.30, trend_c_per_min=0.00, heater_demand_pct=100.0, intake_pwm=210, exhaust_pwm=40, relay=ON",2026-07-08 18:22:02.197837+00,,,,,0.6,3.4,,,,,true
c39049aa-a5e3-4d82-9411-de985055cfce,77211883-4c4d-4c93-ad77-9456d4aba557,69527257-2ee0-48be-a172-dbed4bc62b1b,2026-07-08 09:36:31.918292+00,1808276,1807,fuzzy_strong_heating,26.20,75.10,25.70,70.00,26.56,3120,true,209,40,-52,"method=fuzzy_time_proportioning, target=28-30C, temp_filtered=26.21, error=2.79, trend_c_per_min=-0.04, heater_demand_pct=99.7, intake_pwm=209, exhaust_pwm=40, relay=ON",2026-07-08 09:36:31.918292+00,,,,,,,,,,,true
c3bb81a5-7cb6-4b4e-9ce2-b521659c2438,77211883-4c4d-4c93-ad77-9456d4aba557,69527257-2ee0-48be-a172-dbed4bc62b1b,2026-07-08 15:25:02.677708+00,22718438,22717,fuzzy_strong_heating,27.20,77.20,,,27.06,3129,true,180,50,-54,"method=fuzzy_time_proportioning, target=28-30C, temp_filtered=27.20, error=1.80, trend_c_per_min=-0.00, heater_demand_pct=80.0, intake_pwm=180, exhaust_pwm=50, relay=ON",2026-07-08 15:25:02.677708+00,,,,,,,,,,,true
c3d564c6-e9e7-4281-9d0c-cd0569dde1e5,77211883-4c4d-4c93-ad77-9456d4aba557,69527257-2ee0-48be-a172-dbed4bc62b1b,2026-07-08 13:52:32.350043+00,17168438,17167,fuzzy_strong_heating,26.30,71.70,,,26.56,3123,true,206,41,-61,"method=fuzzy_time_proportioning, target=28-30C, temp_filtered=26.30, error=2.70, trend_c_per_min=-0.00, heater_demand_pct=97.5, intake_pwm=206, exhaust_pwm=41, relay=ON",2026-07-08 13:52:32.350043+00,,,,,,,,,,,true
c3e6262d-42d1-4e63-a056-d508211913e0,77211883-4c4d-4c93-ad77-9456d4aba557,69527257-2ee0-48be-a172-dbed4bc62b1b,2026-07-08 15:57:01.730106+00,24638438,24637,fuzzy_strong_heating,27.30,77.30,,,27.06,3119,true,180,50,-52,"method=fuzzy_time_proportioning, target=28-30C, temp_filtered=27.30, error=1.70, trend_c_per_min=0.00, heater_demand_pct=80.0, intake_pwm=180, exhaust_pwm=50, relay=ON",2026-07-08 15:57:01.730106+00,,,,,,,,,,,true
c4166893-efd8-409b-b5e0-a1939d3e2f3f,77211883-4c4d-4c93-ad77-9456d4aba557,69527257-2ee0-48be-a172-dbed4bc62b1b,2026-07-08 16:50:32.627422+00,27848464,27847,fuzzy_strong_heating,27.40,77.20,,,27.13,3139,true,180,50,-56,"method=fuzzy_time_proportioning, target=28-30C, temp_filtered=27.40, error=1.60, trend_c_per_min=0.01, heater_demand_pct=80.0, intake_pwm=180, exhaust_pwm=50, relay=ON",2026-07-08 16:50:32.627422+00,,,,,,,,,,,true
c41db373-85f6-419c-b6ae-f85234e4a809,77211883-4c4d-4c93-ad77-9456d4aba557,69527257-2ee0-48be-a172-dbed4bc62b1b,2026-07-08 11:17:01.107301+00,7838428,7837,fuzzy_strong_heating,26.40,74.40,,,26.75,3122,true,201,42,-53,"method=fuzzy_time_proportioning, target=28-30C, temp_filtered=26.41, error=2.59, trend_c_per_min=-0.05, heater_demand_pct=94.2, intake_pwm=201, exhaust_pwm=42, relay=ON",2026-07-08 11:17:01.107301+00,,,,,,,,,,,true
c43adaac-38ed-4cae-ae5b-7d6dcf1f7ec7,77211883-4c4d-4c93-ad77-9456d4aba557,69527257-2ee0-48be-a172-dbed4bc62b1b,2026-07-08 10:41:32.103938+00,5708276,5707,fuzzy_soft_heating,27.20,85.40,27.10,76.10,26.88,3120,true,175,75,-65,"method=fuzzy_time_proportioning, target=28-30C, temp_filtered=27.20, error=1.80, trend_c_per_min=0.02, heater_demand_pct=69.3, intake_pwm=175, exhaust_pwm=75, relay=ON",2026-07-08 10:41:32.103938+00,,,,,,,,,,,true
c4410a3f-de1d-43ff-a084-fea406eafe60,77211883-4c4d-4c93-ad77-9456d4aba557,69527257-2ee0-48be-a172-dbed4bc62b1b,2026-07-08 16:22:33.11786+00,26168438,26167,fuzzy_strong_heating,27.30,77.00,,,27.13,3120,true,180,50,-53,"method=fuzzy_time_proportioning, target=28-30C, temp_filtered=27.31, error=1.69, trend_c_per_min=-0.03, heater_demand_pct=80.0, intake_pwm=180, exhaust_pwm=50, relay=ON",2026-07-08 16:22:33.11786+00,,,,,,,,,,,true
c4f67ee9-73b0-4e07-b99f-ca19bc0fcdcd,77211883-4c4d-4c93-ad77-9456d4aba557,69527257-2ee0-48be-a172-dbed4bc62b1b,2026-07-08 16:43:02.260869+00,27398438,27397,fuzzy_strong_heating,27.30,77.20,,,27.13,3173,true,178,50,-55,"method=fuzzy_time_proportioning, target=28-30C, temp_filtered=27.32, error=1.68, trend_c_per_min=-0.10, heater_demand_pct=77.2, intake_pwm=178, exhaust_pwm=50, relay=ON",2026-07-08 16:43:02.260869+00,,,,,,,,,,,true
c521106e-e09b-4112-b8da-2304585e0eb9,77211883-4c4d-4c93-ad77-9456d4aba557,69527257-2ee0-48be-a172-dbed4bc62b1b,2026-07-08 11:25:31.884501+00,8348417,8347,fuzzy_strong_heating,26.20,71.00,,,26.63,3120,true,209,40,-54,"method=fuzzy_time_proportioning, target=28-30C, temp_filtered=26.20, error=2.80, trend_c_per_min=0.00, heater_demand_pct=100.0, intake_pwm=209, exhaust_pwm=40, relay=ON",2026-07-08 11:25:31.884501+00,,,,,,,,,,,true
c527b553-ce25-49ee-a5c9-6070e26d9b9f,77211883-4c4d-4c93-ad77-9456d4aba557,69527257-2ee0-48be-a172-dbed4bc62b1b,2026-07-08 09:51:01.608528+00,2678276,2677,fuzzy_strong_heating,26.60,75.70,26.20,69.00,26.75,3127,true,194,45,-52,"method=fuzzy_time_proportioning, target=28-30C, temp_filtered=26.61, error=2.39, trend_c_per_min=-0.04, heater_demand_pct=89.7, intake_pwm=194, exhaust_pwm=45, relay=ON",2026-07-08 09:51:01.608528+00,,,,,,,,,,,true
c5363db6-9323-416e-8f46-28d71fc8c601,77211883-4c4d-4c93-ad77-9456d4aba557,69527257-2ee0-48be-a172-dbed4bc62b1b,2026-07-08 12:01:31.591851+00,10508417,10507,fuzzy_strong_heating,26.60,79.50,,,26.69,3134,true,191,55,-54,"method=fuzzy_time_proportioning, target=28-30C, temp_filtered=26.60, error=2.40, trend_c_per_min=0.01, heater_demand_pct=84.5, intake_pwm=191, exhaust_pwm=55, relay=ON",2026-07-08 12:01:31.591851+00,,,,,,,,,,,true
c58336b9-7252-431f-a372-8b66aa6e099f,77211883-4c4d-4c93-ad77-9456d4aba557,69527257-2ee0-48be-a172-dbed4bc62b1b,2026-07-08 11:58:01.874393+00,10298417,10297,fuzzy_strong_heating,26.40,76.50,,,26.63,3119,true,202,42,-52,"method=fuzzy_time_proportioning, target=28-30C, temp_filtered=26.39, error=2.61, trend_c_per_min=0.02, heater_demand_pct=95.1, intake_pwm=202, exhaust_pwm=42, relay=ON",2026-07-08 11:58:01.874393+00,,,,,,,,,,,true
c600d729-6b2d-4957-beaa-37de3f74bc81,77211883-4c4d-4c93-ad77-9456d4aba557,69527257-2ee0-48be-a172-dbed4bc62b1b,2026-07-08 14:27:32.091106+00,19268438,19267,fuzzy_strong_heating,26.60,73.20,,,26.75,3127,true,195,44,-56,"method=fuzzy_time_proportioning, target=28-30C, temp_filtered=26.60, error=2.40, trend_c_per_min=0.00, heater_demand_pct=90.0, intake_pwm=195, exhaust_pwm=44, relay=ON",2026-07-08 14:27:32.091106+00,,,,,,,,,,,true
c662c96e-db86-49be-a4c9-99c0909138da,77211883-4c4d-4c93-ad77-9456d4aba557,69527257-2ee0-48be-a172-dbed4bc62b1b,2026-07-08 09:57:01.200903+00,3038276,3037,fuzzy_strong_heating,26.40,72.20,25.90,66.70,26.63,3136,true,202,42,-55,"method=fuzzy_time_proportioning, target=28-30C, temp_filtered=26.40, error=2.60, trend_c_per_min=0.00, heater_demand_pct=95.0, intake_pwm=202, exhaust_pwm=42, relay=ON",2026-07-08 09:57:01.200903+00,,,,,,,,,,,true
c6686722-6026-483a-9674-c9bf7455b7e9,77211883-4c4d-4c93-ad77-9456d4aba557,69527257-2ee0-48be-a172-dbed4bc62b1b,2026-07-08 14:33:01.211987+00,19598438,19597,fuzzy_strong_heating,26.90,73.80,,,26.81,3137,true,185,48,-57,"method=fuzzy_time_proportioning, target=28-30C, temp_filtered=26.84, error=2.16, trend_c_per_min=0.23, heater_demand_pct=83.9, intake_pwm=185, exhaust_pwm=48, relay=ON",2026-07-08 14:33:01.211987+00,,,,,,,,,,,true
c668b58a-280a-4365-b05a-d21b9ac749b3,77211883-4c4d-4c93-ad77-9456d4aba557,69527257-2ee0-48be-a172-dbed4bc62b1b,2026-07-08 09:18:00.971318+00,698476,697,fuzzy_strong_heating,26.10,77.30,25.60,71.70,26.75,3174,true,210,40,-56,"method=fuzzy_time_proportioning, target=28-30C, temp_filtered=26.10, error=2.90, trend_c_per_min=-0.00, heater_demand_pct=100.0, intake_pwm=210, exhaust_pwm=40, relay=ON",2026-07-08 09:18:00.971318+00,,,,,,,,,,,true
c678e7c4-d786-4016-9d93-b952250e8df4,77211883-4c4d-4c93-ad77-9456d4aba557,69527257-2ee0-48be-a172-dbed4bc62b1b,2026-07-08 10:18:32.824283+00,4328276,4327,fuzzy_strong_heating,26.20,75.60,26.10,69.00,26.56,3135,true,209,40,-56,"method=fuzzy_time_proportioning, target=28-30C, temp_filtered=26.18, error=2.82, trend_c_per_min=0.08, heater_demand_pct=100.0, intake_pwm=209, exhaust_pwm=40, relay=ON",2026-07-08 10:18:32.824283+00,,,,,,,,,,,true
c6a54842-0fbb-432a-808e-6d1623bc3fb1,77211883-4c4d-4c93-ad77-9456d4aba557,69527257-2ee0-48be-a172-dbed4bc62b1b,2026-07-08 10:11:32.669405+00,3908276,3907,fuzzy_strong_heating,25.90,68.40,25.60,63.60,26.50,3116,true,210,40,-55,"method=fuzzy_time_proportioning, target=28-30C, temp_filtered=25.96, error=3.04, trend_c_per_min=-0.22, heater_demand_pct=100.0, intake_pwm=210, exhaust_pwm=40, relay=ON",2026-07-08 10:11:32.669405+00,,,,,,,,,,,true
c70c312f-ec40-4eba-a159-2019e7b7fb7a,77211883-4c4d-4c93-ad77-9456d4aba557,69527257-2ee0-48be-a172-dbed4bc62b1b,2026-07-08 09:07:00.963012+00,38476,37,fuzzy_strong_heating,26.40,80.90,26.20,73.80,26.94,3182,true,193,60,-59,"method=fuzzy_time_proportioning, target=28-30C, temp_filtered=26.40, error=2.60, trend_c_per_min=0.00, heater_demand_pct=84.4, intake_pwm=193, exhaust_pwm=60, relay=ON",2026-07-08 09:07:00.963012+00,,,,,,,,,,,true
c719ae07-d6d9-4574-8d9e-e7f75c332758,77211883-4c4d-4c93-ad77-9456d4aba557,69527257-2ee0-48be-a172-dbed4bc62b1b,2026-07-08 10:12:01.566505+00,3938276,3937,fuzzy_strong_heating,25.90,68.30,25.50,63.50,26.50,3110,true,210,40,-55,"method=fuzzy_time_proportioning, target=28-30C, temp_filtered=25.92, error=3.08, trend_c_per_min=-0.08, heater_demand_pct=100.0, intake_pwm=210, exhaust_pwm=40, relay=ON",2026-07-08 10:12:01.566505+00,,,,,,,,,,,true
c739d42f-95ee-46ff-9918-2fd5e1abfd03,77211883-4c4d-4c93-ad77-9456d4aba557,69527257-2ee0-48be-a172-dbed4bc62b1b,2026-07-08 15:56:01.929083+00,24578438,24577,fuzzy_strong_heating,27.30,77.40,,,27.06,3133,true,180,50,-56,"method=fuzzy_time_proportioning, target=28-30C, temp_filtered=27.30, error=1.70, trend_c_per_min=0.00, heater_demand_pct=80.0, intake_pwm=180, exhaust_pwm=50, relay=ON",2026-07-08 15:56:01.929083+00,,,,,,,,,,,true
c73e0da1-dea0-4077-9d82-8d790e96e190,77211883-4c4d-4c93-ad77-9456d4aba557,69527257-2ee0-48be-a172-dbed4bc62b1b,2026-07-08 15:44:32.206371+00,23888438,23887,fuzzy_strong_heating,27.30,77.50,,,27.06,3122,true,180,50,-56,"method=fuzzy_time_proportioning, target=28-30C, temp_filtered=27.30, error=1.70, trend_c_per_min=0.00, heater_demand_pct=80.0, intake_pwm=180, exhaust_pwm=50, relay=ON",2026-07-08 15:44:32.206371+00,,,,,,,,,,,true
c759d513-c556-479b-8cef-b03bab661efc,77211883-4c4d-4c93-ad77-9456d4aba557,69527257-2ee0-48be-a172-dbed4bc62b1b,2026-07-08 13:14:31.767964+00,14888449,14887,fuzzy_strong_heating,26.40,78.50,,,26.63,3113,true,200,46,-50,"method=fuzzy_time_proportioning, target=28-30C, temp_filtered=26.40, error=2.60, trend_c_per_min=0.00, heater_demand_pct=92.7, intake_pwm=200, exhaust_pwm=46, relay=ON",2026-07-08 13:14:31.767964+00,,,,,,,,,,,true
c771df9a-3fdb-4b62-b732-b917e06a3970,77211883-4c4d-4c93-ad77-9456d4aba557,69527257-2ee0-48be-a172-dbed4bc62b1b,2026-07-08 17:29:31.929775+00,30188529,30187,fuzzy_strong_heating,27.40,76.10,,,27.19,3126,true,180,50,-54,"method=fuzzy_time_proportioning, target=28-30C, temp_filtered=27.40, error=1.60, trend_c_per_min=0.00, heater_demand_pct=80.0, intake_pwm=180, exhaust_pwm=50, relay=ON",2026-07-08 17:29:31.929775+00,,,,,,,,,,,true
c7b0a013-292b-4687-a9e1-39d2053b9d73,77211883-4c4d-4c93-ad77-9456d4aba557,69527257-2ee0-48be-a172-dbed4bc62b1b,2026-07-08 14:35:31.678052+00,19748438,19747,fuzzy_strong_heating,26.90,74.20,,,26.81,3133,true,183,48,-57,"method=fuzzy_time_proportioning, target=28-30C, temp_filtered=26.90, error=2.10, trend_c_per_min=0.00, heater_demand_pct=82.5, intake_pwm=183, exhaust_pwm=48, relay=ON",2026-07-08 14:35:31.678052+00,,,,,,,,,,,true
c7e744b6-657d-454f-9074-36d483d75dcb,77211883-4c4d-4c93-ad77-9456d4aba557,69527257-2ee0-48be-a172-dbed4bc62b1b,2026-07-08 13:16:32.375256+00,15008449,15007,fuzzy_strong_heating,26.60,80.10,,,26.69,3116,true,191,58,-53,"method=fuzzy_time_proportioning, target=28-30C, temp_filtered=26.56, error=2.44, trend_c_per_min=0.17, heater_demand_pct=83.6, intake_pwm=191, exhaust_pwm=58, relay=ON",2026-07-08 13:16:32.375256+00,,,,,,,,,,,true
c7fe96e0-c71c-4139-ae60-c07d594d1492,77211883-4c4d-4c93-ad77-9456d4aba557,69527257-2ee0-48be-a172-dbed4bc62b1b,2026-07-08 10:57:01.266771+00,6638276,6637,fuzzy_soft_heating,27.00,87.80,26.90,78.60,26.88,3135,true,175,79,-53,"method=fuzzy_time_proportioning, target=28-30C, temp_filtered=27.00, error=2.00, trend_c_per_min=0.00, heater_demand_pct=67.5, intake_pwm=175, exhaust_pwm=79, relay=ON",2026-07-08 10:57:01.266771+00,,,,,,,,,,,true
c8586132-4534-437c-ac94-09e325219669,77211883-4c4d-4c93-ad77-9456d4aba557,69527257-2ee0-48be-a172-dbed4bc62b1b,2026-07-08 11:39:01.449339+00,9158417,9157,fuzzy_strong_heating,26.70,78.10,,,26.75,3106,true,190,47,-55,"method=fuzzy_time_proportioning, target=28-30C, temp_filtered=26.70, error=2.30, trend_c_per_min=0.00, heater_demand_pct=87.1, intake_pwm=190, exhaust_pwm=47, relay=ON",2026-07-08 11:39:01.449339+00,,,,,,,,,,,true
c85e41ed-6487-43da-b346-03cf9c7d5d00,77211883-4c4d-4c93-ad77-9456d4aba557,69527257-2ee0-48be-a172-dbed4bc62b1b,2026-07-08 17:19:32.781007+00,29588529,29587,fuzzy_strong_heating,27.40,77.40,,,27.13,3129,true,180,50,-54,"method=fuzzy_time_proportioning, target=28-30C, temp_filtered=27.39, error=1.61, trend_c_per_min=0.02, heater_demand_pct=80.0, intake_pwm=180, exhaust_pwm=50, relay=ON",2026-07-08 17:19:32.781007+00,,,,,,,,,,,true
c9562a2a-7809-414e-853e-ece7e8a8ddb3,77211883-4c4d-4c93-ad77-9456d4aba557,69527257-2ee0-48be-a172-dbed4bc62b1b,2026-07-08 17:32:32.344947+00,30368529,30367,fuzzy_strong_heating,27.40,76.60,,,27.19,3125,true,179,50,-55,"method=fuzzy_time_proportioning, target=28-30C, temp_filtered=27.40, error=1.60, trend_c_per_min=0.00, heater_demand_pct=80.0, intake_pwm=179, exhaust_pwm=50, relay=ON",2026-07-08 17:32:32.344947+00,,,,,,,,,,,true
c97ff74e-a835-460e-99c7-62659c75b938,77211883-4c4d-4c93-ad77-9456d4aba557,69527257-2ee0-48be-a172-dbed4bc62b1b,2026-07-08 15:38:31.703057+00,23528438,23527,fuzzy_strong_heating,27.30,77.50,,,27.00,3135,true,180,50,-56,"method=fuzzy_time_proportioning, target=28-30C, temp_filtered=27.30, error=1.70, trend_c_per_min=0.00, heater_demand_pct=80.0, intake_pwm=180, exhaust_pwm=50, relay=ON",2026-07-08 15:38:31.703057+00,,,,,,,,,,,true
c990bd31-f783-4202-bede-be4b58e3f64d,77211883-4c4d-4c93-ad77-9456d4aba557,69527257-2ee0-48be-a172-dbed4bc62b1b,2026-07-08 13:05:01.990046+00,14318417,14317,fuzzy_strong_heating,26.30,71.50,,,26.63,3131,true,206,41,-52,"method=fuzzy_time_proportioning, target=28-30C, temp_filtered=26.30, error=2.70, trend_c_per_min=-0.00, heater_demand_pct=97.5, intake_pwm=206, exhaust_pwm=41, relay=ON",2026-07-08 13:05:01.990046+00,,,,,,,,,,,true
c996a8cc-555c-475d-b7a0-939983c3638a,77211883-4c4d-4c93-ad77-9456d4aba557,69527257-2ee0-48be-a172-dbed4bc62b1b,2026-07-08 10:14:30.802259+00,4088276,4087,fuzzy_strong_heating,25.90,69.40,25.60,64.60,26.50,3457,true,210,40,-53,"method=fuzzy_time_proportioning, target=28-30C, temp_filtered=25.90, error=3.10, trend_c_per_min=-0.00, heater_demand_pct=100.0, intake_pwm=210, exhaust_pwm=40, relay=ON",2026-07-08 10:14:30.802259+00,,,,,,,,,,,true
ca01cbe9-1282-474c-82cb-a391d9b86324,77211883-4c4d-4c93-ad77-9456d4aba557,69527257-2ee0-48be-a172-dbed4bc62b1b,2026-07-08 16:38:01.775673+00,27098438,27097,fuzzy_strong_heating,27.40,77.20,,,27.13,3143,true,180,50,-57,"method=fuzzy_time_proportioning, target=28-30C, temp_filtered=27.36, error=1.64, trend_c_per_min=0.17, heater_demand_pct=80.0, intake_pwm=180, exhaust_pwm=50, relay=ON",2026-07-08 16:38:01.775673+00,,,,,,,,,,,true
cac1c5b0-263d-429a-bb5f-532ad73f2f26,77211883-4c4d-4c93-ad77-9456d4aba557,69527257-2ee0-48be-a172-dbed4bc62b1b,2026-07-08 09:13:01.609692+00,398476,397,fuzzy_strong_heating,26.40,75.80,25.80,69.70,26.88,3179,true,192,45,-55,"method=fuzzy_time_proportioning, target=28-30C, temp_filtered=26.48, error=2.52, trend_c_per_min=-0.30, heater_demand_pct=85.9, intake_pwm=192, exhaust_pwm=45, relay=ON",2026-07-08 09:13:01.609692+00,,,,,,,,,,,true
cac66116-daf5-458d-b9b4-f97e4a415d9a,77211883-4c4d-4c93-ad77-9456d4aba557,69527257-2ee0-48be-a172-dbed4bc62b1b,2026-07-08 10:01:01.646456+00,3278276,3277,fuzzy_strong_heating,26.20,70.80,25.80,65.50,26.56,3114,true,208,40,-53,"method=fuzzy_time_proportioning, target=28-30C, temp_filtered=26.22, error=2.78, trend_c_per_min=-0.06, heater_demand_pct=99.0, intake_pwm=208, exhaust_pwm=40, relay=ON",2026-07-08 10:01:01.646456+00,,,,,,,,,,,true
cb51b84c-357a-4932-82a1-ae0a6b2fc3fd,77211883-4c4d-4c93-ad77-9456d4aba557,69527257-2ee0-48be-a172-dbed4bc62b1b,2026-07-08 12:13:01.529813+00,11198417,11197,fuzzy_strong_heating,26.40,71.90,,,26.63,3113,true,202,42,-52,"method=fuzzy_time_proportioning, target=28-30C, temp_filtered=26.41, error=2.59, trend_c_per_min=-0.05, heater_demand_pct=94.7, intake_pwm=202, exhaust_pwm=42, relay=ON",2026-07-08 12:13:01.529813+00,,,,,,,,,,,true
cba89a6f-af16-4caa-8f16-e19add077d85,77211883-4c4d-4c93-ad77-9456d4aba557,69527257-2ee0-48be-a172-dbed4bc62b1b,2026-07-08 16:04:31.75379+00,25088438,25087,fuzzy_strong_heating,27.30,77.00,,,27.13,3117,true,180,50,-53,"method=fuzzy_time_proportioning, target=28-30C, temp_filtered=27.30, error=1.70, trend_c_per_min=0.00, heater_demand_pct=80.0, intake_pwm=180, exhaust_pwm=50, relay=ON",2026-07-08 16:04:31.75379+00,,,,,,,,,,,true
cbacf986-63c1-4bd8-bd0c-7293bbcc6684,77211883-4c4d-4c93-ad77-9456d4aba557,69527257-2ee0-48be-a172-dbed4bc62b1b,2026-07-08 15:02:32.193874+00,21368438,21367,fuzzy_strong_heating,27.20,76.40,,,26.94,3113,true,180,50,-52,"method=fuzzy_time_proportioning, target=28-30C, temp_filtered=27.15, error=1.85, trend_c_per_min=0.21, heater_demand_pct=80.0, intake_pwm=180, exhaust_pwm=50, relay=ON",2026-07-08 15:02:32.193874+00,,,,,,,,,,,true
cbb7f6ac-5907-419a-bd78-1a6c69c56a94,77211883-4c4d-4c93-ad77-9456d4aba557,69527257-2ee0-48be-a172-dbed4bc62b1b,2026-07-08 12:41:01.498782+00,12878417,12877,fuzzy_strong_heating,26.20,71.20,,,26.56,3120,true,206,41,-60,"method=fuzzy_time_proportioning, target=28-30C, temp_filtered=26.25, error=2.75, trend_c_per_min=-0.18, heater_demand_pct=97.0, intake_pwm=206, exhaust_pwm=41, relay=ON",2026-07-08 12:41:01.498782+00,,,,,,,,,,,true
cbd5bb2c-a777-4ba4-9bbf-0fd547a930ce,77211883-4c4d-4c93-ad77-9456d4aba557,69527257-2ee0-48be-a172-dbed4bc62b1b,2026-07-08 09:30:31.532189+00,1448276,1447,fuzzy_strong_heating,26.60,76.30,26.00,70.10,26.69,3118,true,188,46,-52,"method=fuzzy_time_proportioning, target=28-30C, temp_filtered=26.63, error=2.37, trend_c_per_min=-0.11, heater_demand_pct=83.9, intake_pwm=188, exhaust_pwm=46, relay=ON",2026-07-08 09:30:31.532189+00,,,,,,,,,,,true
cbe4c57a-1b2c-4fc2-894f-095432f6d4f3,77211883-4c4d-4c93-ad77-9456d4aba557,69527257-2ee0-48be-a172-dbed4bc62b1b,2026-07-08 18:02:32.454972+00,32168529,32167,fuzzy_strong_heating,26.00,68.20,25.60,63.90,26.63,3166,true,210,40,-51,"method=fuzzy_time_proportioning, target=28-30C, temp_filtered=26.00, error=3.00, trend_c_per_min=-0.00, heater_demand_pct=100.0, intake_pwm=210, exhaust_pwm=40, relay=ON",2026-07-08 18:02:32.454972+00,,,,,0.4,4.3,,,,,true
cc05d74c-0c96-4bcf-81c3-fb949e06fd40,77211883-4c4d-4c93-ad77-9456d4aba557,69527257-2ee0-48be-a172-dbed4bc62b1b,2026-07-08 09:29:30.737581+00,1388276,1387,fuzzy_strong_heating,26.70,77.60,26.20,70.70,26.69,3121,true,184,47,-53,"method=fuzzy_time_proportioning, target=28-30C, temp_filtered=26.73, error=2.27, trend_c_per_min=-0.13, heater_demand_pct=80.7, intake_pwm=184, exhaust_pwm=47, relay=ON",2026-07-08 09:29:30.737581+00,,,,,,,,,,,true
cc17a562-f55f-41ed-96e3-a35d14ccde60,77211883-4c4d-4c93-ad77-9456d4aba557,69527257-2ee0-48be-a172-dbed4bc62b1b,2026-07-08 12:05:01.848014+00,10718417,10717,fuzzy_strong_heating,26.70,79.30,,,26.75,3135,true,188,55,-55,"method=fuzzy_time_proportioning, target=28-30C, temp_filtered=26.70, error=2.30, trend_c_per_min=0.00, heater_demand_pct=83.0, intake_pwm=188, exhaust_pwm=55, relay=ON",2026-07-08 12:05:01.848014+00,,,,,,,,,,,true
cc3ffdef-7db9-4c0e-85b7-f4a54b8dcebd,77211883-4c4d-4c93-ad77-9456d4aba557,69527257-2ee0-48be-a172-dbed4bc62b1b,2026-07-08 10:25:31.672102+00,4748276,4747,fuzzy_strong_heating,26.70,80.50,26.70,72.30,26.69,3137,true,186,61,-54,"method=fuzzy_time_proportioning, target=28-30C, temp_filtered=26.68, error=2.32, trend_c_per_min=0.08, heater_demand_pct=80.1, intake_pwm=186, exhaust_pwm=61, relay=ON",2026-07-08 10:25:31.672102+00,,,,,,,,,,,true
cc4af83d-2388-4ca7-a071-ea6d195a92cb,77211883-4c4d-4c93-ad77-9456d4aba557,69527257-2ee0-48be-a172-dbed4bc62b1b,2026-07-08 11:09:01.841864+00,7358367,7357,fuzzy_strong_heating,26.90,79.10,,,26.88,3127,true,182,56,-54,"method=fuzzy_time_proportioning, target=28-30C, temp_filtered=26.90, error=2.10, trend_c_per_min=-0.01, heater_demand_pct=79.1, intake_pwm=182, exhaust_pwm=56, relay=ON",2026-07-08 11:09:01.841864+00,,,,,,,,,,,true
cc659373-25fe-4a94-b696-998ebc5052b8,77211883-4c4d-4c93-ad77-9456d4aba557,69527257-2ee0-48be-a172-dbed4bc62b1b,2026-07-08 15:31:01.71392+00,23078438,23077,fuzzy_strong_heating,27.30,77.30,,,27.00,3119,true,180,50,-53,"method=fuzzy_time_proportioning, target=28-30C, temp_filtered=27.29, error=1.71, trend_c_per_min=0.04, heater_demand_pct=80.0, intake_pwm=180, exhaust_pwm=50, relay=ON",2026-07-08 15:31:01.71392+00,,,,,,,,,,,true
cc70d401-4a25-43a1-86f0-798561d740c2,77211883-4c4d-4c93-ad77-9456d4aba557,69527257-2ee0-48be-a172-dbed4bc62b1b,2026-07-08 11:35:31.184343+00,8948417,8947,fuzzy_strong_heating,26.60,81.40,,,26.75,3116,true,187,64,-53,"method=fuzzy_time_proportioning, target=28-30C, temp_filtered=26.60, error=2.40, trend_c_per_min=0.01, heater_demand_pct=79.6, intake_pwm=187, exhaust_pwm=64, relay=ON",2026-07-08 11:35:31.184343+00,,,,,,,,,,,true
cccc2527-a71f-40c1-ba11-ac64efcc1ac3,77211883-4c4d-4c93-ad77-9456d4aba557,69527257-2ee0-48be-a172-dbed4bc62b1b,2026-07-08 18:09:02.289758+00,32558529,32557,fuzzy_strong_heating,25.90,67.10,25.20,63.50,26.56,3113,true,210,40,-49,"method=fuzzy_time_proportioning, target=28-30C, temp_filtered=25.87, error=3.13, trend_c_per_min=0.13, heater_demand_pct=100.0, intake_pwm=210, exhaust_pwm=40, relay=ON",2026-07-08 18:09:02.289758+00,,,,,0.7,3.6,,,,,true
cd5a742e-67d0-4e19-865f-ee3f71622d78,77211883-4c4d-4c93-ad77-9456d4aba557,69527257-2ee0-48be-a172-dbed4bc62b1b,2026-07-08 18:08:32.970379+00,32528529,32527,fuzzy_strong_heating,25.80,67.20,25.20,63.50,26.56,3126,true,210,40,-51,"method=fuzzy_time_proportioning, target=28-30C, temp_filtered=25.88, error=3.12, trend_c_per_min=-0.30, heater_demand_pct=100.0, intake_pwm=210, exhaust_pwm=40, relay=ON",2026-07-08 18:08:32.970379+00,,,,,0.6,3.7,,,,,true
cdea1491-a98f-4717-82bb-f966642f3a32,77211883-4c4d-4c93-ad77-9456d4aba557,69527257-2ee0-48be-a172-dbed4bc62b1b,2026-07-08 13:45:32.165904+00,16748438,16747,fuzzy_strong_heating,26.60,77.20,,,26.69,3113,true,194,45,-56,"method=fuzzy_time_proportioning, target=28-30C, temp_filtered=26.60, error=2.40, trend_c_per_min=-0.01, heater_demand_pct=90.0, intake_pwm=194, exhaust_pwm=45, relay=ON",2026-07-08 13:45:32.165904+00,,,,,,,,,,,true
cdec10be-b17b-4fdd-872a-0a5d5fc128f2,77211883-4c4d-4c93-ad77-9456d4aba557,69527257-2ee0-48be-a172-dbed4bc62b1b,2026-07-08 13:25:31.319926+00,15548449,15547,fuzzy_strong_heating,26.40,73.40,,,26.63,3135,true,201,42,-54,"method=fuzzy_time_proportioning, target=28-30C, temp_filtered=26.41, error=2.59, trend_c_per_min=-0.05, heater_demand_pct=94.1, intake_pwm=201, exhaust_pwm=42, relay=ON",2026-07-08 13:25:31.319926+00,,,,,,,,,,,true
ce1ddfa2-da9e-459e-bffb-59e6c577d9c9,77211883-4c4d-4c93-ad77-9456d4aba557,69527257-2ee0-48be-a172-dbed4bc62b1b,2026-07-08 16:21:02.141288+00,26078438,26077,fuzzy_strong_heating,27.30,76.80,,,27.06,3141,true,180,50,-51,"method=fuzzy_time_proportioning, target=28-30C, temp_filtered=27.31, error=1.69, trend_c_per_min=-0.03, heater_demand_pct=80.0, intake_pwm=180, exhaust_pwm=50, relay=ON",2026-07-08 16:21:02.141288+00,,,,,,,,,,,true
ce7fcf8a-1d6b-4014-9b04-d9f97133cba9,77211883-4c4d-4c93-ad77-9456d4aba557,69527257-2ee0-48be-a172-dbed4bc62b1b,2026-07-08 16:26:02.661674+00,26378438,26377,fuzzy_strong_heating,27.30,76.90,,,27.13,3111,true,180,50,-52,"method=fuzzy_time_proportioning, target=28-30C, temp_filtered=27.30, error=1.70, trend_c_per_min=0.00, heater_demand_pct=80.0, intake_pwm=180, exhaust_pwm=50, relay=ON",2026-07-08 16:26:02.661674+00,,,,,,,,,,,true
ce7fd3e3-813d-4a04-bd4a-ef479b4ab384,77211883-4c4d-4c93-ad77-9456d4aba557,69527257-2ee0-48be-a172-dbed4bc62b1b,2026-07-08 16:51:02.999413+00,27878464,27877,fuzzy_strong_heating,27.40,77.30,,,27.13,3131,true,180,50,-56,"method=fuzzy_time_proportioning, target=28-30C, temp_filtered=27.36, error=1.64, trend_c_per_min=0.17, heater_demand_pct=80.0, intake_pwm=180, exhaust_pwm=50, relay=ON",2026-07-08 16:51:02.999413+00,,,,,,,,,,,true
cf0701e5-91df-4b34-ad5c-387a54abcbfb,77211883-4c4d-4c93-ad77-9456d4aba557,69527257-2ee0-48be-a172-dbed4bc62b1b,2026-07-08 16:37:01.400996+00,27038438,27037,fuzzy_strong_heating,27.30,77.20,,,27.13,3143,true,179,50,-56,"method=fuzzy_time_proportioning, target=28-30C, temp_filtered=27.32, error=1.68, trend_c_per_min=-0.06, heater_demand_pct=79.3, intake_pwm=179, exhaust_pwm=50, relay=ON",2026-07-08 16:37:01.400996+00,,,,,,,,,,,true
cf26737a-67e9-488d-891b-6a00e22a2886,77211883-4c4d-4c93-ad77-9456d4aba557,69527257-2ee0-48be-a172-dbed4bc62b1b,2026-07-08 17:34:01.524849+00,30458529,30457,fuzzy_strong_heating,27.40,76.40,,,27.19,3115,true,179,50,-54,"method=fuzzy_time_proportioning, target=28-30C, temp_filtered=27.40, error=1.60, trend_c_per_min=0.00, heater_demand_pct=80.0, intake_pwm=179, exhaust_pwm=50, relay=ON",2026-07-08 17:34:01.524849+00,,,,,,,,,,,true
cf57dea6-be82-415c-8217-0d4aa984372e,77211883-4c4d-4c93-ad77-9456d4aba557,69527257-2ee0-48be-a172-dbed4bc62b1b,2026-07-08 17:00:02.427513+00,28418453,28417,fuzzy_strong_heating,27.40,77.10,,,27.13,3139,true,180,50,-58,"method=fuzzy_time_proportioning, target=28-30C, temp_filtered=27.38, error=1.62, trend_c_per_min=0.08, heater_demand_pct=80.0, intake_pwm=180, exhaust_pwm=50, relay=ON",2026-07-08 17:00:02.427513+00,,,,,,,,,,,true
cf638790-070c-44c1-9cb7-804a9b4ba49b,77211883-4c4d-4c93-ad77-9456d4aba557,69527257-2ee0-48be-a172-dbed4bc62b1b,2026-07-08 12:03:01.937164+00,10598417,10597,fuzzy_strong_heating,26.70,80.60,,,26.75,3137,true,187,61,-52,"method=fuzzy_time_proportioning, target=28-30C, temp_filtered=26.65, error=2.35, trend_c_per_min=0.18, heater_demand_pct=80.4, intake_pwm=187, exhaust_pwm=61, relay=ON",2026-07-08 12:03:01.937164+00,,,,,,,,,,,true
cf6a9457-900d-47cd-b316-1dbaaf812e26,77211883-4c4d-4c93-ad77-9456d4aba557,69527257-2ee0-48be-a172-dbed4bc62b1b,2026-07-08 12:52:31.519404+00,13568417,13567,fuzzy_strong_heating,26.60,81.10,,,26.75,3114,true,188,63,-54,"method=fuzzy_time_proportioning, target=28-30C, temp_filtered=26.60, error=2.40, trend_c_per_min=0.00, heater_demand_pct=80.2, intake_pwm=188, exhaust_pwm=63, relay=ON",2026-07-08 12:52:31.519404+00,,,,,,,,,,,true
cfde388e-e3e0-4d21-a60d-cdd3f7542b54,77211883-4c4d-4c93-ad77-9456d4aba557,69527257-2ee0-48be-a172-dbed4bc62b1b,2026-07-08 15:48:32.170973+00,24128438,24127,fuzzy_strong_heating,27.30,77.50,,,27.06,3134,true,180,50,-57,"method=fuzzy_time_proportioning, target=28-30C, temp_filtered=27.30, error=1.70, trend_c_per_min=0.00, heater_demand_pct=80.0, intake_pwm=180, exhaust_pwm=50, relay=ON",2026-07-08 15:48:32.170973+00,,,,,,,,,,,true
d00afe58-0e7a-40e0-a29f-de27899d007d,77211883-4c4d-4c93-ad77-9456d4aba557,69527257-2ee0-48be-a172-dbed4bc62b1b,2026-07-08 12:04:31.910048+00,10688417,10687,fuzzy_strong_heating,26.70,79.90,,,26.75,3133,true,187,58,-55,"method=fuzzy_time_proportioning, target=28-30C, temp_filtered=26.70, error=2.30, trend_c_per_min=0.00, heater_demand_pct=81.3, intake_pwm=187, exhaust_pwm=58, relay=ON",2026-07-08 12:04:31.910048+00,,,,,,,,,,,true
d028ee28-46b0-40dc-bcb4-9b9a6e8bb83f,77211883-4c4d-4c93-ad77-9456d4aba557,69527257-2ee0-48be-a172-dbed4bc62b1b,2026-07-08 12:25:01.630163+00,11918417,11917,fuzzy_strong_heating,26.50,78.30,,,26.69,3132,true,199,45,-53,"method=fuzzy_time_proportioning, target=28-30C, temp_filtered=26.46, error=2.54, trend_c_per_min=0.17, heater_demand_pct=92.2, intake_pwm=199, exhaust_pwm=45, relay=ON",2026-07-08 12:25:01.630163+00,,,,,,,,,,,true
d0ab474e-c20a-464a-a931-5b623fb23a45,77211883-4c4d-4c93-ad77-9456d4aba557,69527257-2ee0-48be-a172-dbed4bc62b1b,2026-07-08 14:01:02.670123+00,17678438,17677,fuzzy_strong_heating,26.30,77.70,,,26.63,3115,true,206,41,-52,"method=fuzzy_time_proportioning, target=28-30C, temp_filtered=26.30, error=2.70, trend_c_per_min=0.00, heater_demand_pct=97.5, intake_pwm=206, exhaust_pwm=41, relay=ON",2026-07-08 14:01:02.670123+00,,,,,,,,,,,true
d0f39dff-bf8b-4531-af7f-493482477f2c,77211883-4c4d-4c93-ad77-9456d4aba557,69527257-2ee0-48be-a172-dbed4bc62b1b,2026-07-08 15:18:02.156253+00,22298438,22297,fuzzy_strong_heating,27.20,77.00,,,27.00,3120,true,180,50,-52,"method=fuzzy_time_proportioning, target=28-30C, temp_filtered=27.20, error=1.80, trend_c_per_min=0.00, heater_demand_pct=80.0, intake_pwm=180, exhaust_pwm=50, relay=ON",2026-07-08 15:18:02.156253+00,,,,,,,,,,,true
d10ef5fd-aa9c-46a3-b635-409754ac9c00,77211883-4c4d-4c93-ad77-9456d4aba557,69527257-2ee0-48be-a172-dbed4bc62b1b,2026-07-08 15:11:31.257892+00,21908438,21907,fuzzy_strong_heating,27.20,76.70,,,26.94,3120,true,180,50,-53,"method=fuzzy_time_proportioning, target=28-30C, temp_filtered=27.20, error=1.80, trend_c_per_min=0.00, heater_demand_pct=80.0, intake_pwm=180, exhaust_pwm=50, relay=ON",2026-07-08 15:11:31.257892+00,,,,,,,,,,,true
d1b96135-6cd9-4343-a461-0163a8d9815f,77211883-4c4d-4c93-ad77-9456d4aba557,69527257-2ee0-48be-a172-dbed4bc62b1b,2026-07-08 14:42:32.416713+00,20168438,20167,fuzzy_strong_heating,27.00,75.00,,,26.81,3110,true,180,49,-54,"method=fuzzy_time_proportioning, target=28-30C, temp_filtered=27.00, error=2.00, trend_c_per_min=0.00, heater_demand_pct=80.0, intake_pwm=180, exhaust_pwm=49, relay=ON",2026-07-08 14:42:32.416713+00,,,,,,,,,,,true
d1e10b33-4d1e-481b-aaf0-b47d7b339b51,77211883-4c4d-4c93-ad77-9456d4aba557,69527257-2ee0-48be-a172-dbed4bc62b1b,2026-07-08 14:40:01.708176+00,20018438,20017,fuzzy_strong_heating,27.00,74.80,,,26.81,3111,true,180,49,-53,"method=fuzzy_time_proportioning, target=28-30C, temp_filtered=27.00, error=2.00, trend_c_per_min=0.00, heater_demand_pct=80.0, intake_pwm=180, exhaust_pwm=49, relay=ON",2026-07-08 14:40:01.708176+00,,,,,,,,,,,true
d2073690-9e03-42fd-b9e6-79dcededc7f5,77211883-4c4d-4c93-ad77-9456d4aba557,69527257-2ee0-48be-a172-dbed4bc62b1b,2026-07-08 15:50:02.236531+00,24218438,24217,fuzzy_strong_heating,27.30,77.50,,,27.06,3134,true,180,50,-56,"method=fuzzy_time_proportioning, target=28-30C, temp_filtered=27.30, error=1.70, trend_c_per_min=0.00, heater_demand_pct=80.0, intake_pwm=180, exhaust_pwm=50, relay=ON",2026-07-08 15:50:02.236531+00,,,,,,,,,,,true
d25c0bca-166d-4995-bd44-b39ab6c73fa5,77211883-4c4d-4c93-ad77-9456d4aba557,69527257-2ee0-48be-a172-dbed4bc62b1b,2026-07-08 16:56:01.808015+00,28178464,28177,fuzzy_strong_heating,27.40,77.10,,,27.19,3137,true,180,50,-57,"method=fuzzy_time_proportioning, target=28-30C, temp_filtered=27.38, error=1.62, trend_c_per_min=0.07, heater_demand_pct=80.0, intake_pwm=180, exhaust_pwm=50, relay=ON",2026-07-08 16:56:01.808015+00,,,,,,,,,,,true
d336443d-cb23-45fa-a7c0-d5892dc5ef1d,77211883-4c4d-4c93-ad77-9456d4aba557,69527257-2ee0-48be-a172-dbed4bc62b1b,2026-07-08 17:48:32.439326+00,31328529,31327,fuzzy_strong_heating,26.70,71.60,26.20,66.30,26.94,3138,true,184,47,-52,"method=fuzzy_time_proportioning, target=28-30C, temp_filtered=26.73, error=2.27, trend_c_per_min=-0.13, heater_demand_pct=80.5, intake_pwm=184, exhaust_pwm=47, relay=ON",2026-07-08 17:48:32.439326+00,,,,,,,,,,,true
d33b8220-7961-4123-968f-c4cb73a96486,77211883-4c4d-4c93-ad77-9456d4aba557,69527257-2ee0-48be-a172-dbed4bc62b1b,2026-07-08 18:01:02.008553+00,32078529,32077,fuzzy_strong_heating,26.10,68.50,25.60,64.30,26.63,3127,true,210,40,-50,"method=fuzzy_time_proportioning, target=28-30C, temp_filtered=26.10, error=2.90, trend_c_per_min=-0.00, heater_demand_pct=100.0, intake_pwm=210, exhaust_pwm=40, relay=ON",2026-07-08 18:01:02.008553+00,,,,,0.5,4.2,,,,,true
d361f2b2-77fb-408d-8c5c-1fd3385f325c,77211883-4c4d-4c93-ad77-9456d4aba557,69527257-2ee0-48be-a172-dbed4bc62b1b,2026-07-08 12:34:01.572594+00,12458417,12457,fuzzy_strong_heating,26.60,75.10,,,26.69,3107,true,194,45,-54,"method=fuzzy_time_proportioning, target=28-30C, temp_filtered=26.60, error=2.40, trend_c_per_min=-0.00, heater_demand_pct=90.0, intake_pwm=194, exhaust_pwm=45, relay=ON",2026-07-08 12:34:01.572594+00,,,,,,,,,,,true
d36c0dd9-dde2-41c5-8582-f326019c1732,77211883-4c4d-4c93-ad77-9456d4aba557,69527257-2ee0-48be-a172-dbed4bc62b1b,2026-07-08 18:03:01.920147+00,32198529,32197,fuzzy_strong_heating,26.00,68.20,25.50,63.80,26.63,3136,true,210,40,-49,"method=fuzzy_time_proportioning, target=28-30C, temp_filtered=26.00, error=3.00, trend_c_per_min=-0.00, heater_demand_pct=100.0, intake_pwm=210, exhaust_pwm=40, relay=ON",2026-07-08 18:03:01.920147+00,,,,,0.5,4.4,,,,,true
d3d263b6-fec7-4e17-aa6a-7d7086661086,77211883-4c4d-4c93-ad77-9456d4aba557,69527257-2ee0-48be-a172-dbed4bc62b1b,2026-07-08 14:46:31.248899+00,20408438,20407,fuzzy_strong_heating,27.00,75.30,,,26.88,3123,true,180,49,-54,"method=fuzzy_time_proportioning, target=28-30C, temp_filtered=27.00, error=2.00, trend_c_per_min=0.00, heater_demand_pct=80.0, intake_pwm=180, exhaust_pwm=49, relay=ON",2026-07-08 14:46:31.248899+00,,,,,,,,,,,true
d435c6ec-6afd-4291-a047-07c99b91a971,77211883-4c4d-4c93-ad77-9456d4aba557,69527257-2ee0-48be-a172-dbed4bc62b1b,2026-07-08 17:58:02.321122+00,31898529,31897,fuzzy_strong_heating,26.20,69.10,25.70,64.30,26.69,3147,true,209,40,-49,"method=fuzzy_time_proportioning, target=28-30C, temp_filtered=26.20, error=2.80, trend_c_per_min=-0.00, heater_demand_pct=100.0, intake_pwm=209, exhaust_pwm=40, relay=ON",2026-07-08 17:58:02.321122+00,,,,,0.5,4.8,,,,,true
d436bba3-52c9-48f1-b7db-dc494b2bd4a6,77211883-4c4d-4c93-ad77-9456d4aba557,69527257-2ee0-48be-a172-dbed4bc62b1b,2026-07-08 11:48:01.8258+00,9698417,9697,fuzzy_strong_heating,26.40,71.60,,,26.69,3136,true,202,42,-53,"method=fuzzy_time_proportioning, target=28-30C, temp_filtered=26.40, error=2.60, trend_c_per_min=-0.00, heater_demand_pct=95.0, intake_pwm=202, exhaust_pwm=42, relay=ON",2026-07-08 11:48:01.8258+00,,,,,,,,,,,true
d45d40d2-d83a-4f7d-bfce-4414ecb1c1c6,77211883-4c4d-4c93-ad77-9456d4aba557,69527257-2ee0-48be-a172-dbed4bc62b1b,2026-07-08 13:12:33.022452+00,14768449,14767,fuzzy_strong_heating,26.30,76.70,,,26.56,3133,true,206,41,-52,"method=fuzzy_time_proportioning, target=28-30C, temp_filtered=26.30, error=2.70, trend_c_per_min=0.01, heater_demand_pct=97.6, intake_pwm=206, exhaust_pwm=41, relay=ON",2026-07-08 13:12:33.022452+00,,,,,,,,,,,true
d4bf2e5c-1066-4f7e-98d6-b0a1a18ea9dc,77211883-4c4d-4c93-ad77-9456d4aba557,69527257-2ee0-48be-a172-dbed4bc62b1b,2026-07-08 11:18:31.039118+00,7928428,7927,fuzzy_strong_heating,26.40,73.90,,,26.69,3129,true,202,42,-53,"method=fuzzy_time_proportioning, target=28-30C, temp_filtered=26.40, error=2.60, trend_c_per_min=-0.00, heater_demand_pct=95.0, intake_pwm=202, exhaust_pwm=42, relay=ON",2026-07-08 11:18:31.039118+00,,,,,,,,,,,true
d4fd253a-71cb-46e5-b1be-b7139aab11ae,77211883-4c4d-4c93-ad77-9456d4aba557,69527257-2ee0-48be-a172-dbed4bc62b1b,2026-07-08 18:02:02.036471+00,32138529,32137,fuzzy_strong_heating,26.00,68.30,25.60,64.00,26.63,3088,true,210,40,-49,"method=fuzzy_time_proportioning, target=28-30C, temp_filtered=26.01, error=2.99, trend_c_per_min=-0.02, heater_demand_pct=100.0, intake_pwm=210, exhaust_pwm=40, relay=ON",2026-07-08 18:02:02.036471+00,,,,,0.4,4.3,,,,,true
d558743f-d8ee-4021-aeec-3cd787733cd1,77211883-4c4d-4c93-ad77-9456d4aba557,69527257-2ee0-48be-a172-dbed4bc62b1b,2026-07-08 11:07:01.810105+00,7238366,7237,fuzzy_strong_heating,27.00,80.90,,,26.88,3127,true,177,65,-58,"method=fuzzy_time_proportioning, target=28-30C, temp_filtered=27.00, error=2.00, trend_c_per_min=-0.02, heater_demand_pct=73.4, intake_pwm=177, exhaust_pwm=65, relay=ON",2026-07-08 11:07:01.810105+00,,,,,,,,,,,true
d5909ddd-e7a8-4d60-8d53-35b60f21a3d5,77211883-4c4d-4c93-ad77-9456d4aba557,69527257-2ee0-48be-a172-dbed4bc62b1b,2026-07-08 15:03:31.774657+00,21428438,21427,fuzzy_strong_heating,27.10,76.40,,,26.94,3117,true,178,50,-53,"method=fuzzy_time_proportioning, target=28-30C, temp_filtered=27.12, error=1.88, trend_c_per_min=-0.08, heater_demand_pct=78.1, intake_pwm=178, exhaust_pwm=50, relay=ON",2026-07-08 15:03:31.774657+00,,,,,,,,,,,true
d5ea140b-ae5d-4797-9fcb-1f56380cb48e,77211883-4c4d-4c93-ad77-9456d4aba557,69527257-2ee0-48be-a172-dbed4bc62b1b,2026-07-08 13:51:31.824338+00,17108438,17107,fuzzy_strong_heating,26.30,72.30,,,26.63,3124,true,206,41,-58,"method=fuzzy_time_proportioning, target=28-30C, temp_filtered=26.30, error=2.70, trend_c_per_min=-0.00, heater_demand_pct=97.5, intake_pwm=206, exhaust_pwm=41, relay=ON",2026-07-08 13:51:31.824338+00,,,,,,,,,,,true
d6220ce6-2f6c-4576-847c-a343878c1287,77211883-4c4d-4c93-ad77-9456d4aba557,69527257-2ee0-48be-a172-dbed4bc62b1b,2026-07-08 12:26:01.902515+00,11978417,11977,fuzzy_strong_heating,26.50,79.20,,,26.69,3123,true,195,52,-52,"method=fuzzy_time_proportioning, target=28-30C, temp_filtered=26.50, error=2.50, trend_c_per_min=0.01, heater_demand_pct=87.6, intake_pwm=195, exhaust_pwm=52, relay=ON",2026-07-08 12:26:01.902515+00,,,,,,,,,,,true
d6474b5c-621d-4328-b291-66bc904cb757,77211883-4c4d-4c93-ad77-9456d4aba557,69527257-2ee0-48be-a172-dbed4bc62b1b,2026-07-08 14:11:31.237459+00,18308438,18307,fuzzy_strong_heating,26.60,74.40,,,26.69,3122,true,194,45,-55,"method=fuzzy_time_proportioning, target=28-30C, temp_filtered=26.60, error=2.40, trend_c_per_min=-0.00, heater_demand_pct=90.0, intake_pwm=194, exhaust_pwm=45, relay=ON",2026-07-08 14:11:31.237459+00,,,,,,,,,,,true
d658d3b5-f601-469d-8666-32de9c580384,77211883-4c4d-4c93-ad77-9456d4aba557,69527257-2ee0-48be-a172-dbed4bc62b1b,2026-07-08 11:39:32.562331+00,9188417,9187,fuzzy_strong_heating,26.70,77.60,,,26.75,3126,true,191,46,-58,"method=fuzzy_time_proportioning, target=28-30C, temp_filtered=26.70, error=2.30, trend_c_per_min=0.00, heater_demand_pct=87.5, intake_pwm=191, exhaust_pwm=46, relay=ON",2026-07-08 11:39:32.562331+00,,,,,,,,,,,true
d677f10f-9324-4513-a5c6-3c85d2b35648,77211883-4c4d-4c93-ad77-9456d4aba557,69527257-2ee0-48be-a172-dbed4bc62b1b,2026-07-08 16:57:31.863092+00,28268464,28267,fuzzy_strong_heating,27.40,77.10,,,27.13,3118,true,180,50,-56,"method=fuzzy_time_proportioning, target=28-30C, temp_filtered=27.36, error=1.64, trend_c_per_min=0.17, heater_demand_pct=80.0, intake_pwm=180, exhaust_pwm=50, relay=ON",2026-07-08 16:57:31.863092+00,,,,,,,,,,,true
d71350bd-cc57-474c-bb2d-27a4a78bad47,77211883-4c4d-4c93-ad77-9456d4aba557,69527257-2ee0-48be-a172-dbed4bc62b1b,2026-07-08 14:07:01.739815+00,18038438,18037,fuzzy_strong_heating,26.70,79.80,,,26.75,3186,true,187,57,-52,"method=fuzzy_time_proportioning, target=28-30C, temp_filtered=26.70, error=2.30, trend_c_per_min=0.00, heater_demand_pct=81.5, intake_pwm=187, exhaust_pwm=57, relay=ON",2026-07-08 14:07:01.739815+00,,,,,,,,,,,true
d7355249-8139-43db-902e-02bd396001cf,77211883-4c4d-4c93-ad77-9456d4aba557,69527257-2ee0-48be-a172-dbed4bc62b1b,2026-07-08 15:50:32.151537+00,24248438,24247,fuzzy_strong_heating,27.30,77.50,,,27.06,3116,true,180,50,-56,"method=fuzzy_time_proportioning, target=28-30C, temp_filtered=27.30, error=1.70, trend_c_per_min=0.00, heater_demand_pct=80.0, intake_pwm=180, exhaust_pwm=50, relay=ON",2026-07-08 15:50:32.151537+00,,,,,,,,,,,true
d8637d09-c435-4718-943e-f928a93dcfff,77211883-4c4d-4c93-ad77-9456d4aba557,69527257-2ee0-48be-a172-dbed4bc62b1b,2026-07-08 15:24:01.34394+00,22658438,22657,fuzzy_strong_heating,27.20,77.20,,,27.06,3132,true,180,50,-52,"method=fuzzy_time_proportioning, target=28-30C, temp_filtered=27.20, error=1.80, trend_c_per_min=-0.01, heater_demand_pct=80.0, intake_pwm=180, exhaust_pwm=50, relay=ON",2026-07-08 15:24:01.34394+00,,,,,,,,,,,true
d8a8b475-b614-4252-8129-5d481c64c0fd,77211883-4c4d-4c93-ad77-9456d4aba557,69527257-2ee0-48be-a172-dbed4bc62b1b,2026-07-08 14:21:02.206346+00,18878438,18877,fuzzy_strong_heating,26.30,72.10,,,26.56,3134,true,206,41,-57,"method=fuzzy_time_proportioning, target=28-30C, temp_filtered=26.30, error=2.70, trend_c_per_min=0.00, heater_demand_pct=97.5, intake_pwm=206, exhaust_pwm=41, relay=ON",2026-07-08 14:21:02.206346+00,,,,,,,,,,,true
d8b087a3-edd4-45cf-82b4-d4e97e5da31b,77211883-4c4d-4c93-ad77-9456d4aba557,69527257-2ee0-48be-a172-dbed4bc62b1b,2026-07-08 10:47:32.052425+00,6068276,6067,fuzzy_strong_heating,27.00,80.60,26.50,74.00,26.88,3121,true,177,64,-56,"method=fuzzy_time_proportioning, target=28-30C, temp_filtered=27.00, error=2.00, trend_c_per_min=-0.01, heater_demand_pct=73.9, intake_pwm=177, exhaust_pwm=64, relay=ON",2026-07-08 10:47:32.052425+00,,,,,,,,,,,true
d90d5a3e-98ce-48a6-8f36-ca830bc06e93,77211883-4c4d-4c93-ad77-9456d4aba557,69527257-2ee0-48be-a172-dbed4bc62b1b,2026-07-08 14:22:01.615365+00,18938438,18937,fuzzy_strong_heating,26.30,72.30,,,26.63,3120,true,206,41,-57,"method=fuzzy_time_proportioning, target=28-30C, temp_filtered=26.30, error=2.70, trend_c_per_min=0.00, heater_demand_pct=97.5, intake_pwm=206, exhaust_pwm=41, relay=ON",2026-07-08 14:22:01.615365+00,,,,,,,,,,,true
d983031a-d857-48bf-bcc7-f833f2300af5,77211883-4c4d-4c93-ad77-9456d4aba557,69527257-2ee0-48be-a172-dbed4bc62b1b,2026-07-08 15:59:02.185906+00,24758438,24757,fuzzy_strong_heating,27.30,77.20,,,27.06,3123,true,180,50,-53,"method=fuzzy_time_proportioning, target=28-30C, temp_filtered=27.30, error=1.70, trend_c_per_min=0.00, heater_demand_pct=80.0, intake_pwm=180, exhaust_pwm=50, relay=ON",2026-07-08 15:59:02.185906+00,,,,,,,,,,,true
d987e5a0-252f-4e6a-a280-a481b159fec8,77211883-4c4d-4c93-ad77-9456d4aba557,69527257-2ee0-48be-a172-dbed4bc62b1b,2026-07-08 14:32:31.660027+00,19568438,19567,fuzzy_strong_heating,26.80,73.80,,,26.81,3135,true,187,47,-56,"method=fuzzy_time_proportioning, target=28-30C, temp_filtered=26.80, error=2.20, trend_c_per_min=0.00, heater_demand_pct=85.0, intake_pwm=187, exhaust_pwm=47, relay=ON",2026-07-08 14:32:31.660027+00,,,,,,,,,,,true
d99daea8-d215-4537-9d94-70fe6be0e287,77211883-4c4d-4c93-ad77-9456d4aba557,69527257-2ee0-48be-a172-dbed4bc62b1b,2026-07-08 16:10:31.577804+00,25448438,25447,fuzzy_strong_heating,27.30,77.20,,,27.06,3120,true,180,50,-53,"method=fuzzy_time_proportioning, target=28-30C, temp_filtered=27.30, error=1.70, trend_c_per_min=0.00, heater_demand_pct=80.0, intake_pwm=180, exhaust_pwm=50, relay=ON",2026-07-08 16:10:31.577804+00,,,,,,,,,,,true
d9a85c93-1fa6-43e3-9685-e5025c0c85e0,77211883-4c4d-4c93-ad77-9456d4aba557,69527257-2ee0-48be-a172-dbed4bc62b1b,2026-07-08 14:49:02.083795+00,20558438,20557,fuzzy_strong_heating,27.10,75.60,,,26.88,3136,true,180,50,-53,"method=fuzzy_time_proportioning, target=28-30C, temp_filtered=27.10, error=1.90, trend_c_per_min=0.01, heater_demand_pct=80.0, intake_pwm=180, exhaust_pwm=50, relay=ON",2026-07-08 14:49:02.083795+00,,,,,,,,,,,true
da08b272-4d27-46d7-ac79-704e109ad5f1,77211883-4c4d-4c93-ad77-9456d4aba557,69527257-2ee0-48be-a172-dbed4bc62b1b,2026-07-08 10:55:01.379423+00,6518276,6517,fuzzy_soft_heating,27.00,87.50,26.80,78.40,26.88,3123,true,175,79,-54,"method=fuzzy_time_proportioning, target=28-30C, temp_filtered=27.00, error=2.00, trend_c_per_min=0.00, heater_demand_pct=67.5, intake_pwm=175, exhaust_pwm=79, relay=ON",2026-07-08 10:55:01.379423+00,,,,,,,,,,,true
da0f115e-b50c-4030-ba3f-366d78b81a2c,77211883-4c4d-4c93-ad77-9456d4aba557,69527257-2ee0-48be-a172-dbed4bc62b1b,2026-07-08 14:13:02.046274+00,18398438,18397,fuzzy_strong_heating,26.50,73.50,,,26.63,3125,true,198,43,-55,"method=fuzzy_time_proportioning, target=28-30C, temp_filtered=26.50, error=2.50, trend_c_per_min=-0.01, heater_demand_pct=92.4, intake_pwm=198, exhaust_pwm=43, relay=ON",2026-07-08 14:13:02.046274+00,,,,,,,,,,,true
da3d7e78-9141-4f37-b7f7-ac92afeda690,77211883-4c4d-4c93-ad77-9456d4aba557,69527257-2ee0-48be-a172-dbed4bc62b1b,2026-07-08 12:35:31.91276+00,12548417,12547,fuzzy_strong_heating,26.50,74.00,,,26.69,3129,true,198,43,-54,"method=fuzzy_time_proportioning, target=28-30C, temp_filtered=26.51, error=2.49, trend_c_per_min=-0.02, heater_demand_pct=92.4, intake_pwm=198, exhaust_pwm=43, relay=ON",2026-07-08 12:35:31.91276+00,,,,,,,,,,,true
da4da20d-944b-48bd-abeb-58c0fc86a58d,77211883-4c4d-4c93-ad77-9456d4aba557,69527257-2ee0-48be-a172-dbed4bc62b1b,2026-07-08 17:57:02.605745+00,31838529,31837,fuzzy_strong_heating,26.20,69.30,25.70,64.70,26.69,3132,true,209,40,-51,"method=fuzzy_time_proportioning, target=28-30C, temp_filtered=26.21, error=2.79, trend_c_per_min=-0.03, heater_demand_pct=99.8, intake_pwm=209, exhaust_pwm=40, relay=ON",2026-07-08 17:57:02.605745+00,,,,,0.5,4.6,,,,,true
da56cd6a-219b-47cf-8b6e-9b49583cde09,77211883-4c4d-4c93-ad77-9456d4aba557,69527257-2ee0-48be-a172-dbed4bc62b1b,2026-07-08 13:06:01.948949+00,14378448,14377,fuzzy_strong_heating,26.20,71.00,,,26.56,3121,true,207,40,-54,"method=fuzzy_time_proportioning, target=28-30C, temp_filtered=26.23, error=2.77, trend_c_per_min=-0.10, heater_demand_pct=98.3, intake_pwm=207, exhaust_pwm=40, relay=ON",2026-07-08 13:06:01.948949+00,,,,,,,,,,,true
daca8f97-4464-4904-b4b8-002738428e01,77211883-4c4d-4c93-ad77-9456d4aba557,69527257-2ee0-48be-a172-dbed4bc62b1b,2026-07-08 16:31:31.392684+00,26708438,26707,fuzzy_strong_heating,27.30,76.90,,,27.13,3120,true,180,50,-54,"method=fuzzy_time_proportioning, target=28-30C, temp_filtered=27.30, error=1.70, trend_c_per_min=0.00, heater_demand_pct=80.0, intake_pwm=180, exhaust_pwm=50, relay=ON",2026-07-08 16:31:31.392684+00,,,,,,,,,,,true
daf5b8d5-642f-4689-9954-c90c0426bbc7,77211883-4c4d-4c93-ad77-9456d4aba557,69527257-2ee0-48be-a172-dbed4bc62b1b,2026-07-08 13:46:01.60547+00,16778438,16777,fuzzy_strong_heating,26.60,76.40,,,26.69,3117,true,194,45,-57,"method=fuzzy_time_proportioning, target=28-30C, temp_filtered=26.60, error=2.40, trend_c_per_min=-0.00, heater_demand_pct=90.0, intake_pwm=194, exhaust_pwm=45, relay=ON",2026-07-08 13:46:01.60547+00,,,,,,,,,,,true
dbb4c991-cc67-4b12-832f-1dfdacefc16f,77211883-4c4d-4c93-ad77-9456d4aba557,69527257-2ee0-48be-a172-dbed4bc62b1b,2026-07-08 09:08:31.693807+00,128476,127,fuzzy_strong_heating,26.50,81.50,26.20,74.10,26.94,3152,true,190,63,-57,"method=fuzzy_time_proportioning, target=28-30C, temp_filtered=26.49, error=2.51, trend_c_per_min=0.03, heater_demand_pct=81.2, intake_pwm=190, exhaust_pwm=63, relay=ON",2026-07-08 09:08:31.693807+00,,,,,,,,,,,true
dbbe5a7c-b8de-448d-9ea5-d36de6bf65c7,77211883-4c4d-4c93-ad77-9456d4aba557,69527257-2ee0-48be-a172-dbed4bc62b1b,2026-07-08 13:33:31.699524+00,16028449,16027,fuzzy_strong_heating,26.10,72.80,,,26.56,3119,true,210,40,-51,"method=fuzzy_time_proportioning, target=28-30C, temp_filtered=26.10, error=2.90, trend_c_per_min=-0.00, heater_demand_pct=100.0, intake_pwm=210, exhaust_pwm=40, relay=ON",2026-07-08 13:33:31.699524+00,,,,,,,,,,,true
dbe0a3bf-1dad-496c-84e4-c4b06a7ff576,77211883-4c4d-4c93-ad77-9456d4aba557,69527257-2ee0-48be-a172-dbed4bc62b1b,2026-07-08 17:43:31.956744+00,31028529,31027,fuzzy_strong_heating,27.10,74.50,,,27.13,3162,true,174,50,-50,"method=fuzzy_time_proportioning, target=28-30C, temp_filtered=27.18, error=1.82, trend_c_per_min=-0.30, heater_demand_pct=72.5, intake_pwm=174, exhaust_pwm=50, relay=ON",2026-07-08 17:43:31.956744+00,,,,,,,,,,,true
dcaf7016-e344-444e-8217-8246de66d710,77211883-4c4d-4c93-ad77-9456d4aba557,69527257-2ee0-48be-a172-dbed4bc62b1b,2026-07-08 13:40:32.127816+00,16448438,16447,fuzzy_strong_heating,26.50,80.00,,,26.69,3120,true,193,56,-56,"method=fuzzy_time_proportioning, target=28-30C, temp_filtered=26.50, error=2.50, trend_c_per_min=0.00, heater_demand_pct=85.0, intake_pwm=193, exhaust_pwm=56, relay=ON",2026-07-08 13:40:32.127816+00,,,,,,,,,,,true
dd763096-1b08-4b1f-b509-64a8fdd9ff80,77211883-4c4d-4c93-ad77-9456d4aba557,69527257-2ee0-48be-a172-dbed4bc62b1b,2026-07-08 10:58:01.64798+00,6698276,6697,fuzzy_soft_heating,27.10,87.80,26.90,78.60,26.88,3116,true,175,79,-53,"method=fuzzy_time_proportioning, target=28-30C, temp_filtered=27.02, error=1.98, trend_c_per_min=0.30, heater_demand_pct=67.5, intake_pwm=175, exhaust_pwm=79, relay=ON",2026-07-08 10:58:01.64798+00,,,,,,,,,,,true
dda383ce-a8b2-4012-b5a3-f8dc636a3eb4,77211883-4c4d-4c93-ad77-9456d4aba557,69527257-2ee0-48be-a172-dbed4bc62b1b,2026-07-08 12:40:31.559597+00,12848417,12847,fuzzy_strong_heating,26.30,71.30,,,26.56,3105,true,206,41,-61,"method=fuzzy_time_proportioning, target=28-30C, temp_filtered=26.30, error=2.70, trend_c_per_min=-0.00, heater_demand_pct=97.5, intake_pwm=206, exhaust_pwm=41, relay=ON",2026-07-08 12:40:31.559597+00,,,,,,,,,,,true
ddaf953f-6ac0-40c7-8c15-9ee58b684a91,77211883-4c4d-4c93-ad77-9456d4aba557,69527257-2ee0-48be-a172-dbed4bc62b1b,2026-07-08 17:35:02.276841+00,30518529,30517,fuzzy_strong_heating,27.30,76.30,,,27.19,3137,true,175,50,-55,"method=fuzzy_time_proportioning, target=28-30C, temp_filtered=27.37, error=1.63, trend_c_per_min=-0.30, heater_demand_pct=72.5, intake_pwm=175, exhaust_pwm=50, relay=ON",2026-07-08 17:35:02.276841+00,,,,,,,,,,,true
ddbfe3e4-9858-4aba-82dd-93d066f254bc,77211883-4c4d-4c93-ad77-9456d4aba557,69527257-2ee0-48be-a172-dbed4bc62b1b,2026-07-08 13:35:02.796279+00,16118449,16117,fuzzy_strong_heating,26.20,75.20,,,26.56,3133,true,210,40,-50,"method=fuzzy_time_proportioning, target=28-30C, temp_filtered=26.19, error=2.81, trend_c_per_min=0.06, heater_demand_pct=100.0, intake_pwm=210, exhaust_pwm=40, relay=ON",2026-07-08 13:35:02.796279+00,,,,,,,,,,,true
de04b502-dd01-40c0-8b05-0d8c5f639b55,77211883-4c4d-4c93-ad77-9456d4aba557,69527257-2ee0-48be-a172-dbed4bc62b1b,2026-07-08 14:15:01.684168+00,18518438,18517,fuzzy_strong_heating,26.40,72.70,,,26.63,3111,true,202,42,-55,"method=fuzzy_time_proportioning, target=28-30C, temp_filtered=26.40, error=2.60, trend_c_per_min=-0.00, heater_demand_pct=95.0, intake_pwm=202, exhaust_pwm=42, relay=ON",2026-07-08 14:15:01.684168+00,,,,,,,,,,,true
de272d78-face-4036-b991-8e545f7c363a,77211883-4c4d-4c93-ad77-9456d4aba557,69527257-2ee0-48be-a172-dbed4bc62b1b,2026-07-08 11:33:01.900733+00,8798417,8797,fuzzy_strong_heating,26.50,79.60,,,26.69,3120,true,195,54,-53,"method=fuzzy_time_proportioning, target=28-30C, temp_filtered=26.46, error=2.54, trend_c_per_min=0.17, heater_demand_pct=87.1, intake_pwm=195, exhaust_pwm=54, relay=ON",2026-07-08 11:33:01.900733+00,,,,,,,,,,,true
de4e6e1f-9297-4c7b-9971-5eb75cfa9c0b,77211883-4c4d-4c93-ad77-9456d4aba557,69527257-2ee0-48be-a172-dbed4bc62b1b,2026-07-08 18:16:32.838613+00,33008529,33007,fuzzy_strong_heating,25.70,66.40,25.20,62.40,26.44,3136,true,210,40,-51,"method=fuzzy_time_proportioning, target=28-30C, temp_filtered=25.70, error=3.30, trend_c_per_min=-0.00, heater_demand_pct=100.0, intake_pwm=210, exhaust_pwm=40, relay=ON",2026-07-08 18:16:32.838613+00,,,,,0.5,4,,,,,true
de5a2aa9-0987-42f7-ae74-d2336136d7ff,77211883-4c4d-4c93-ad77-9456d4aba557,69527257-2ee0-48be-a172-dbed4bc62b1b,2026-07-08 10:41:01.624616+00,5678276,5677,fuzzy_soft_heating,27.20,85.40,27.10,76.30,26.88,3121,true,175,75,-62,"method=fuzzy_time_proportioning, target=28-30C, temp_filtered=27.17, error=1.83, trend_c_per_min=0.10, heater_demand_pct=69.2, intake_pwm=175, exhaust_pwm=75, relay=ON",2026-07-08 10:41:01.624616+00,,,,,,,,,,,true
de706b7e-dca4-4798-93b8-2d6a0c5c910c,77211883-4c4d-4c93-ad77-9456d4aba557,69527257-2ee0-48be-a172-dbed4bc62b1b,2026-07-08 13:19:31.199776+00,15188449,15187,fuzzy_strong_heating,26.60,79.90,,,26.69,3110,true,182,55,-55,"method=fuzzy_time_proportioning, target=28-30C, temp_filtered=26.66, error=2.34, trend_c_per_min=-0.25, heater_demand_pct=76.6, intake_pwm=182, exhaust_pwm=55, relay=ON",2026-07-08 13:19:31.199776+00,,,,,,,,,,,true