recorded_at;elapsed_seconds;session_code;test_stage;phase_name;mode;target_temp_min;target_temp_max;temp_air_in;rh_in;temp_air_out;rh_out;temp_media;soil_raw;delta_temp;delta_rh;temp_trend;heater_status;heater_demand;fan_intake_pwm;fan_exhaust_pwm;safety_state;sensor_error_flags;wifi_rssi;note
2026-07-08T18:56:01.187722+00:00;1;stage2_characterization_01;2;stage2_safety_ds18b20_error;stage2_characterization;28;30;26.4;81.4;27.1;62.7;;3039;-0.700001;18.7;0;0;0;140;200;sensor_error;DS18B20_ERR;-49;"firmware=bsf_fw_stage2_live_v1, test=live_media_characterization, duration_plan=5h, target_reference=28-30C, phase=stage2_safety_ds18b20_error, safety=sensor_error, heater_demand_pct=0.0, intake_pwm=140, exhaust_pwm=200, relay=OFF, note=DS18B20 media sensor error; heater forced OFF; fans set to safe ventilation"
2026-07-08T18:56:34.074742+00:00;35;stage2_characterization_01;2;stage2_live_baseline;stage2_characterization;28;30;26.7;78.1;27.3;63.4;28.75;3006;-0.599998;14.7;0.390645;0;0;0;0;normal;;-40;"firmware=bsf_fw_stage2_live_v1, test=live_media_characterization, duration_plan=5h, target_reference=28-30C, phase=stage2_live_baseline, safety=normal, heater_demand_pct=0.0, intake_pwm=0, exhaust_pwm=0, relay=OFF, note=0-30 min baseline; all actuators OFF; live media/maggot condition observed"
2026-07-08T18:57:03.772859+00:00;65;stage2_characterization_01;2;stage2_live_baseline;stage2_characterization;28;30;26.9;80.5;27.4;62.4;28.81;2998;-0.5;18.1;0.389534;0;0;0;0;normal;;-39;"firmware=bsf_fw_stage2_live_v1, test=live_media_characterization, duration_plan=5h, target_reference=28-30C, phase=stage2_live_baseline, safety=normal, heater_demand_pct=0.0, intake_pwm=0, exhaust_pwm=0, relay=OFF, note=0-30 min baseline; all actuators OFF; live media/maggot condition observed"
2026-07-08T18:57:33.671616+00:00;95;stage2_characterization_01;2;stage2_live_baseline;stage2_characterization;28;30;27;81.7;27.5;62.6;28.88;2979;-0.5;19.1;0.195877;0;0;0;0;normal;;-39;"firmware=bsf_fw_stage2_live_v1, test=live_media_characterization, duration_plan=5h, target_reference=28-30C, phase=stage2_live_baseline, safety=normal, heater_demand_pct=0.0, intake_pwm=0, exhaust_pwm=0, relay=OFF, note=0-30 min baseline; all actuators OFF; live media/maggot condition observed"
2026-07-08T18:58:04.028346+00:00;125;stage2_characterization_01;2;stage2_live_baseline;stage2_characterization;28;30;27.2;80.3;27.5;62.4;28.94;2977;-0.299999;17.9;0.331055;0;0;0;0;normal;;-39;"firmware=bsf_fw_stage2_live_v1, test=live_media_characterization, duration_plan=5h, target_reference=28-30C, phase=stage2_live_baseline, safety=normal, heater_demand_pct=0.0, intake_pwm=0, exhaust_pwm=0, relay=OFF, note=0-30 min baseline; all actuators OFF; live media/maggot condition observed"
2026-07-08T18:58:33.632774+00:00;155;stage2_characterization_01;2;stage2_live_baseline;stage2_characterization;28;30;27.3;81.1;27.7;61.6;29;2964;-0.400002;19.5;0.185486;0;0;0;0;normal;;-40;"firmware=bsf_fw_stage2_live_v1, test=live_media_characterization, duration_plan=5h, target_reference=28-30C, phase=stage2_live_baseline, safety=normal, heater_demand_pct=0.0, intake_pwm=0, exhaust_pwm=0, relay=OFF, note=0-30 min baseline; all actuators OFF; live media/maggot condition observed"
2026-07-08T18:59:04.09343+00:00;185;stage2_characterization_01;2;stage2_live_baseline;stage2_characterization;28;30;27.5;83.1;27.7;61.5;29.06;2963;-0.200001;21.6;0.427855;0;0;0;0;normal;;-42;"firmware=bsf_fw_stage2_live_v1, test=live_media_characterization, duration_plan=5h, target_reference=28-30C, phase=stage2_live_baseline, safety=normal, heater_demand_pct=0.0, intake_pwm=0, exhaust_pwm=0, relay=OFF, note=0-30 min baseline; all actuators OFF; live media/maggot condition observed"
2026-07-08T18:59:33.672139+00:00;215;stage2_characterization_01;2;stage2_live_baseline;stage2_characterization;28;30;27.6;84.6;27.7;61.2;29.13;2997;-0.1;23.4;0.301163;0;0;0;0;normal;;-41;"firmware=bsf_fw_stage2_live_v1, test=live_media_characterization, duration_plan=5h, target_reference=28-30C, phase=stage2_live_baseline, safety=normal, heater_demand_pct=0.0, intake_pwm=0, exhaust_pwm=0, relay=OFF, note=0-30 min baseline; all actuators OFF; live media/maggot condition observed"
2026-07-08T19:00:03.675105+00:00;245;stage2_characterization_01;2;stage2_live_baseline;stage2_characterization;28;30;27.7;86.1;27.7;62.2;29.19;2991;0;23.9;0.278539;0;0;0;0;normal;;-58;"firmware=bsf_fw_stage2_live_v1, test=live_media_characterization, duration_plan=5h, target_reference=28-30C, phase=stage2_live_baseline, safety=normal, heater_demand_pct=0.0, intake_pwm=0, exhaust_pwm=0, relay=OFF, note=0-30 min baseline; all actuators OFF; live media/maggot condition observed"
2026-07-08T19:00:34.302441+00:00;275;stage2_characterization_01;2;stage2_live_baseline;stage2_characterization;28;30;27.7;83.1;27.8;62.4;29.19;2958;-0.099998;20.7;0.049576;0;0;0;0;normal;;-48;"firmware=bsf_fw_stage2_live_v1, test=live_media_characterization, duration_plan=5h, target_reference=28-30C, phase=stage2_live_baseline, safety=normal, heater_demand_pct=0.0, intake_pwm=0, exhaust_pwm=0, relay=OFF, note=0-30 min baseline; all actuators OFF; live media/maggot condition observed"
2026-07-08T19:01:04.527672+00:00;305;stage2_characterization_01;2;stage2_live_baseline;stage2_characterization;28;30;27.8;81.5;27.9;62.5;29.25;2906;-0.1;19;0.080017;0;0;0;0;normal;;-41;"firmware=bsf_fw_stage2_live_v1, test=live_media_characterization, duration_plan=5h, target_reference=28-30C, phase=stage2_live_baseline, safety=normal, heater_demand_pct=0.0, intake_pwm=0, exhaust_pwm=0, relay=OFF, note=0-30 min baseline; all actuators OFF; live media/maggot condition observed"
2026-07-08T19:01:34.156299+00:00;335;stage2_characterization_01;2;stage2_live_baseline;stage2_characterization;28;30;27.9;82.9;28;62;29.25;2938;-0.1;20.9;0.140808;0;0;0;0;normal;;-41;"firmware=bsf_fw_stage2_live_v1, test=live_media_characterization, duration_plan=5h, target_reference=28-30C, phase=stage2_live_baseline, safety=normal, heater_demand_pct=0.0, intake_pwm=0, exhaust_pwm=0, relay=OFF, note=0-30 min baseline; all actuators OFF; live media/maggot condition observed"
2026-07-08T19:02:04.107384+00:00;365;stage2_characterization_01;2;stage2_live_baseline;stage2_characterization;28;30;28;81.7;28.1;61.9;29.25;2928;-0.1;19.8;0.250053;0;0;0;0;normal;;-41;"firmware=bsf_fw_stage2_live_v1, test=live_media_characterization, duration_plan=5h, target_reference=28-30C, phase=stage2_live_baseline, safety=normal, heater_demand_pct=0.0, intake_pwm=0, exhaust_pwm=0, relay=OFF, note=0-30 min baseline; all actuators OFF; live media/maggot condition observed"
2026-07-08T19:02:33.638826+00:00;395;stage2_characterization_01;2;stage2_live_baseline;stage2_characterization;28;30;28;80.3;28.2;61.8;29.31;2941;-0.200001;18.5;0.044495;0;0;0;0;normal;;-40;"firmware=bsf_fw_stage2_live_v1, test=live_media_characterization, duration_plan=5h, target_reference=28-30C, phase=stage2_live_baseline, safety=normal, heater_demand_pct=0.0, intake_pwm=0, exhaust_pwm=0, relay=OFF, note=0-30 min baseline; all actuators OFF; live media/maggot condition observed"
2026-07-08T19:03:03.691341+00:00;425;stage2_characterization_01;2;stage2_live_baseline;stage2_characterization;28;30;28.1;79.8;28.3;61.7;29.38;2886;-0.199999;18.1;0.102837;0;0;0;0;normal;;-40;"firmware=bsf_fw_stage2_live_v1, test=live_media_characterization, duration_plan=5h, target_reference=28-30C, phase=stage2_live_baseline, safety=normal, heater_demand_pct=0.0, intake_pwm=0, exhaust_pwm=0, relay=OFF, note=0-30 min baseline; all actuators OFF; live media/maggot condition observed"
2026-07-08T19:03:33.823451+00:00;455;stage2_characterization_01;2;stage2_live_baseline;stage2_characterization;28;30;28.2;79.4;28.3;61.8;29.38;2898;-0.099998;17.6;0.201118;0;0;0;0;normal;;-40;"firmware=bsf_fw_stage2_live_v1, test=live_media_characterization, duration_plan=5h, target_reference=28-30C, phase=stage2_live_baseline, safety=normal, heater_demand_pct=0.0, intake_pwm=0, exhaust_pwm=0, relay=OFF, note=0-30 min baseline; all actuators OFF; live media/maggot condition observed"
2026-07-08T19:04:04.255235+00:00;485;stage2_characterization_01;2;stage2_live_baseline;stage2_characterization;28;30;28.2;80;28.4;61.9;29.5;2899;-0.199999;18.1;0.035797;0;0;0;0;normal;;-40;"firmware=bsf_fw_stage2_live_v1, test=live_media_characterization, duration_plan=5h, target_reference=28-30C, phase=stage2_live_baseline, safety=normal, heater_demand_pct=0.0, intake_pwm=0, exhaust_pwm=0, relay=OFF, note=0-30 min baseline; all actuators OFF; live media/maggot condition observed"
2026-07-08T19:04:34.155937+00:00;515;stage2_characterization_01;2;stage2_live_baseline;stage2_characterization;28;30;28.3;80.1;28.5;61.9;29.5;2893;-0.200001;18.2;0.077568;0;0;0;0;normal;;-39;"firmware=bsf_fw_stage2_live_v1, test=live_media_characterization, duration_plan=5h, target_reference=28-30C, phase=stage2_live_baseline, safety=normal, heater_demand_pct=0.0, intake_pwm=0, exhaust_pwm=0, relay=OFF, note=0-30 min baseline; all actuators OFF; live media/maggot condition observed"
2026-07-08T19:05:04.135272+00:00;545;stage2_characterization_01;2;stage2_live_baseline;stage2_characterization;28;30;28.4;79.2;28.5;61.7;29.5;2867;-0.1;17.5;0.150925;0;0;0;0;normal;;-45;"firmware=bsf_fw_stage2_live_v1, test=live_media_characterization, duration_plan=5h, target_reference=28-30C, phase=stage2_live_baseline, safety=normal, heater_demand_pct=0.0, intake_pwm=0, exhaust_pwm=0, relay=OFF, note=0-30 min baseline; all actuators OFF; live media/maggot condition observed"
2026-07-08T19:05:34.524546+00:00;575;stage2_characterization_01;2;stage2_live_baseline;stage2_characterization;28;30;28.5;80.3;28.6;61.4;29.56;2894;-0.1;18.9;0.251862;0;0;0;0;normal;;-42;"firmware=bsf_fw_stage2_live_v1, test=live_media_characterization, duration_plan=5h, target_reference=28-30C, phase=stage2_live_baseline, safety=normal, heater_demand_pct=0.0, intake_pwm=0, exhaust_pwm=0, relay=OFF, note=0-30 min baseline; all actuators OFF; live media/maggot condition observed"
2026-07-08T19:06:03.749767+00:00;605;stage2_characterization_01;2;stage2_live_baseline;stage2_characterization;28;30;28.5;81.5;28.6;61.3;29.56;2891;-0.1;20.2;0.044833;0;0;0;0;normal;;-41;"firmware=bsf_fw_stage2_live_v1, test=live_media_characterization, duration_plan=5h, target_reference=28-30C, phase=stage2_live_baseline, safety=normal, heater_demand_pct=0.0, intake_pwm=0, exhaust_pwm=0, relay=OFF, note=0-30 min baseline; all actuators OFF; live media/maggot condition observed"
2026-07-08T19:06:34.124141+00:00;635;stage2_characterization_01;2;stage2_live_baseline;stage2_characterization;28;30;28.6;79.5;28.6;61.4;29.63;2892;0;18.1;0.176684;0;0;0;0;normal;;-44;"firmware=bsf_fw_stage2_live_v1, test=live_media_characterization, duration_plan=5h, target_reference=28-30C, phase=stage2_live_baseline, safety=normal, heater_demand_pct=0.0, intake_pwm=0, exhaust_pwm=0, relay=OFF, note=0-30 min baseline; all actuators OFF; live media/maggot condition observed"
2026-07-08T19:07:03.638067+00:00;665;stage2_characterization_01;2;stage2_live_baseline;stage2_characterization;28;30;28.6;82.7;28.6;61.4;29.63;2885;0;21.3;0.055183;0;0;0;0;normal;;-41;"firmware=bsf_fw_stage2_live_v1, test=live_media_characterization, duration_plan=5h, target_reference=28-30C, phase=stage2_live_baseline, safety=normal, heater_demand_pct=0.0, intake_pwm=0, exhaust_pwm=0, relay=OFF, note=0-30 min baseline; all actuators OFF; live media/maggot condition observed"
2026-07-08T19:07:33.687586+00:00;695;stage2_characterization_01;2;stage2_live_baseline;stage2_characterization;28;30;28.6;80;28.6;61.2;29.69;2903;0;18.8;0.009819;0;0;0;0;normal;;-40;"firmware=bsf_fw_stage2_live_v1, test=live_media_characterization, duration_plan=5h, target_reference=28-30C, phase=stage2_live_baseline, safety=normal, heater_demand_pct=0.0, intake_pwm=0, exhaust_pwm=0, relay=OFF, note=0-30 min baseline; all actuators OFF; live media/maggot condition observed"
2026-07-08T19:08:04.249153+00:00;725;stage2_characterization_01;2;stage2_live_baseline;stage2_characterization;28;30;28.7;81.9;28.7;61.3;29.63;2905;0;20.6;0.184497;0;0;0;0;normal;;-43;"firmware=bsf_fw_stage2_live_v1, test=live_media_characterization, duration_plan=5h, target_reference=28-30C, phase=stage2_live_baseline, safety=normal, heater_demand_pct=0.0, intake_pwm=0, exhaust_pwm=0, relay=OFF, note=0-30 min baseline; all actuators OFF; live media/maggot condition observed"
2026-07-08T19:08:34.202058+00:00;755;stage2_characterization_01;2;stage2_live_baseline;stage2_characterization;28;30;28.7;80.3;28.7;61.1;29.69;2902;0;19.2;0.032845;0;0;0;0;normal;;-43;"firmware=bsf_fw_stage2_live_v1, test=live_media_characterization, duration_plan=5h, target_reference=28-30C, phase=stage2_live_baseline, safety=normal, heater_demand_pct=0.0, intake_pwm=0, exhaust_pwm=0, relay=OFF, note=0-30 min baseline; all actuators OFF; live media/maggot condition observed"
2026-07-08T19:09:03.662075+00:00;785;stage2_characterization_01;2;stage2_live_baseline;stage2_characterization;28;30;28.7;80;28.7;61;29.69;2919;0;19;0.005859;0;0;0;0;normal;;-43;"firmware=bsf_fw_stage2_live_v1, test=live_media_characterization, duration_plan=5h, target_reference=28-30C, phase=stage2_live_baseline, safety=normal, heater_demand_pct=0.0, intake_pwm=0, exhaust_pwm=0, relay=OFF, note=0-30 min baseline; all actuators OFF; live media/maggot condition observed"
2026-07-08T19:09:34.072929+00:00;815;stage2_characterization_01;2;stage2_live_baseline;stage2_characterization;28;30;28.8;79.4;28.8;60.9;29.69;2942;0;18.5;0.095947;0;0;0;0;normal;;-41;"firmware=bsf_fw_stage2_live_v1, test=live_media_characterization, duration_plan=5h, target_reference=28-30C, phase=stage2_live_baseline, safety=normal, heater_demand_pct=0.0, intake_pwm=0, exhaust_pwm=0, relay=OFF, note=0-30 min baseline; all actuators OFF; live media/maggot condition observed"
2026-07-08T19:10:03.680605+00:00;845;stage2_characterization_01;2;stage2_live_baseline;stage2_characterization;28;30;28.8;81.2;28.8;60.8;29.69;2919;0;20.4;0.017075;0;0;0;0;normal;;-43;"firmware=bsf_fw_stage2_live_v1, test=live_media_characterization, duration_plan=5h, target_reference=28-30C, phase=stage2_live_baseline, safety=normal, heater_demand_pct=0.0, intake_pwm=0, exhaust_pwm=0, relay=OFF, note=0-30 min baseline; all actuators OFF; live media/maggot condition observed"
2026-07-08T19:10:34.073181+00:00;875;stage2_characterization_01;2;stage2_live_baseline;stage2_characterization;28;30;28.9;81.1;28.8;60.9;29.75;2926;0.1;20.2;0.30304;0;0;0;0;normal;;-44;"firmware=bsf_fw_stage2_live_v1, test=live_media_characterization, duration_plan=5h, target_reference=28-30C, phase=stage2_live_baseline, safety=normal, heater_demand_pct=0.0, intake_pwm=0, exhaust_pwm=0, relay=OFF, note=0-30 min baseline; all actuators OFF; live media/maggot condition observed"
2026-07-08T19:11:03.698216+00:00;905;stage2_characterization_01;2;stage2_live_baseline;stage2_characterization;28;30;28.9;79.1;28.8;60.8;29.75;2911;0.1;18.3;0.053947;0;0;0;0;normal;;-45;"firmware=bsf_fw_stage2_live_v1, test=live_media_characterization, duration_plan=5h, target_reference=28-30C, phase=stage2_live_baseline, safety=normal, heater_demand_pct=0.0, intake_pwm=0, exhaust_pwm=0, relay=OFF, note=0-30 min baseline; all actuators OFF; live media/maggot condition observed"
2026-07-08T19:11:34.060925+00:00;935;stage2_characterization_01;2;stage2_live_baseline;stage2_characterization;28;30;28.9;80.9;28.8;60.6;29.81;2910;0.1;20.3;0.00959;0;0;0;0;normal;;-40;"firmware=bsf_fw_stage2_live_v1, test=live_media_characterization, duration_plan=5h, target_reference=28-30C, phase=stage2_live_baseline, safety=normal, heater_demand_pct=0.0, intake_pwm=0, exhaust_pwm=0, relay=OFF, note=0-30 min baseline; all actuators OFF; live media/maggot condition observed"
2026-07-08T19:12:04.33421+00:00;965;stage2_characterization_01;2;stage2_live_baseline;stage2_characterization;28;30;28.9;80.3;28.8;60.7;29.88;2917;0.1;19.6;0.001961;0;0;0;0;normal;;-38;"firmware=bsf_fw_stage2_live_v1, test=live_media_characterization, duration_plan=5h, target_reference=28-30C, phase=stage2_live_baseline, safety=normal, heater_demand_pct=0.0, intake_pwm=0, exhaust_pwm=0, relay=OFF, note=0-30 min baseline; all actuators OFF; live media/maggot condition observed"
2026-07-08T19:12:33.686913+00:00;995;stage2_characterization_01;2;stage2_live_baseline;stage2_characterization;28;30;29;79.9;28.8;60.5;29.94;2885;0.200001;19.4;0.300293;0;0;0;0;normal;;-43;"firmware=bsf_fw_stage2_live_v1, test=live_media_characterization, duration_plan=5h, target_reference=28-30C, phase=stage2_live_baseline, safety=normal, heater_demand_pct=0.0, intake_pwm=0, exhaust_pwm=0, relay=OFF, note=0-30 min baseline; all actuators OFF; live media/maggot condition observed"
2026-07-08T19:13:03.740831+00:00;1025;stage2_characterization_01;2;stage2_live_baseline;stage2_characterization;28;30;29;81.9;28.8;60.1;29.94;2890;0.200001;21.8;0.10881;0;0;0;0;normal;;-42;"firmware=bsf_fw_stage2_live_v1, test=live_media_characterization, duration_plan=5h, target_reference=28-30C, phase=stage2_live_baseline, safety=normal, heater_demand_pct=0.0, intake_pwm=0, exhaust_pwm=0, relay=OFF, note=0-30 min baseline; all actuators OFF; live media/maggot condition observed"
2026-07-08T19:13:33.755806+00:00;1055;stage2_characterization_01;2;stage2_live_baseline;stage2_characterization;28;30;29;79.9;28.9;60.3;29.88;2905;0.1;19.6;0.01936;0;0;0;0;normal;;-40;"firmware=bsf_fw_stage2_live_v1, test=live_media_characterization, duration_plan=5h, target_reference=28-30C, phase=stage2_live_baseline, safety=normal, heater_demand_pct=0.0, intake_pwm=0, exhaust_pwm=0, relay=OFF, note=0-30 min baseline; all actuators OFF; live media/maggot condition observed"
2026-07-08T19:14:04.073672+00:00;1085;stage2_characterization_01;2;stage2_live_baseline;stage2_characterization;28;30;29;78.6;28.9;60;29.94;2886;0.1;18.6;0.003456;0;0;0;0;normal;;-40;"firmware=bsf_fw_stage2_live_v1, test=live_media_characterization, duration_plan=5h, target_reference=28-30C, phase=stage2_live_baseline, safety=normal, heater_demand_pct=0.0, intake_pwm=0, exhaust_pwm=0, relay=OFF, note=0-30 min baseline; all actuators OFF; live media/maggot condition observed"
2026-07-08T19:14:33.83293+00:00;1115;stage2_characterization_01;2;stage2_live_baseline;stage2_characterization;28;30;29;78.5;28.9;60.1;29.94;2878;0.1;18.4;0.000595;0;0;0;0;normal;;-39;"firmware=bsf_fw_stage2_live_v1, test=live_media_characterization, duration_plan=5h, target_reference=28-30C, phase=stage2_live_baseline, safety=normal, heater_demand_pct=0.0, intake_pwm=0, exhaust_pwm=0, relay=OFF, note=0-30 min baseline; all actuators OFF; live media/maggot condition observed"
2026-07-08T19:15:04.122046+00:00;1145;stage2_characterization_01;2;stage2_live_baseline;stage2_characterization;28;30;29;80.8;28.9;60.1;30;2882;0.1;20.7;0.000114;0;0;0;0;normal;;-41;"firmware=bsf_fw_stage2_live_v1, test=live_media_characterization, duration_plan=5h, target_reference=28-30C, phase=stage2_live_baseline, safety=normal, heater_demand_pct=0.0, intake_pwm=0, exhaust_pwm=0, relay=OFF, note=0-30 min baseline; all actuators OFF; live media/maggot condition observed"
2026-07-08T19:15:34.109497+00:00;1175;stage2_characterization_01;2;stage2_live_baseline;stage2_characterization;28;30;29.1;79.7;28.9;59.7;30;2896;0.200001;20;0.300018;0;0;0;0;normal;;-41;"firmware=bsf_fw_stage2_live_v1, test=live_media_characterization, duration_plan=5h, target_reference=28-30C, phase=stage2_live_baseline, safety=normal, heater_demand_pct=0.0, intake_pwm=0, exhaust_pwm=0, relay=OFF, note=0-30 min baseline; all actuators OFF; live media/maggot condition observed"
2026-07-08T19:16:03.656569+00:00;1205;stage2_characterization_01;2;stage2_live_baseline;stage2_characterization;28;30;29;79;28.9;59.6;29.94;2887;0.1;19.4;-0.017807;0;0;0;0;normal;;-40;"firmware=bsf_fw_stage2_live_v1, test=live_media_characterization, duration_plan=5h, target_reference=28-30C, phase=stage2_live_baseline, safety=normal, heater_demand_pct=0.0, intake_pwm=0, exhaust_pwm=0, relay=OFF, note=0-30 min baseline; all actuators OFF; live media/maggot condition observed"
2026-07-08T19:16:33.809522+00:00;1235;stage2_characterization_01;2;stage2_live_baseline;stage2_characterization;28;30;29.1;78.8;28.9;59.6;30;2901;0.200001;19.2;0.091759;0;0;0;0;normal;;-40;"firmware=bsf_fw_stage2_live_v1, test=live_media_characterization, duration_plan=5h, target_reference=28-30C, phase=stage2_live_baseline, safety=normal, heater_demand_pct=0.0, intake_pwm=0, exhaust_pwm=0, relay=OFF, note=0-30 min baseline; all actuators OFF; live media/maggot condition observed"
2026-07-08T19:17:03.704261+00:00;1265;stage2_characterization_01;2;stage2_live_baseline;stage2_characterization;28;30;29.1;78.7;28.9;59.6;30;2864;0.200001;19.1;0.016319;0;0;0;0;normal;;-43;"firmware=bsf_fw_stage2_live_v1, test=live_media_characterization, duration_plan=5h, target_reference=28-30C, phase=stage2_live_baseline, safety=normal, heater_demand_pct=0.0, intake_pwm=0, exhaust_pwm=0, relay=OFF, note=0-30 min baseline; all actuators OFF; live media/maggot condition observed"
2026-07-08T19:17:33.79672+00:00;1295;stage2_characterization_01;2;stage2_live_baseline;stage2_characterization;28;30;29.1;80.1;28.9;59.5;29.94;2910;0.200001;20.6;0.002907;0;0;0;0;normal;;-42;"firmware=bsf_fw_stage2_live_v1, test=live_media_characterization, duration_plan=5h, target_reference=28-30C, phase=stage2_live_baseline, safety=normal, heater_demand_pct=0.0, intake_pwm=0, exhaust_pwm=0, relay=OFF, note=0-30 min baseline; all actuators OFF; live media/maggot condition observed"
2026-07-08T19:18:03.691387+00:00;1325;stage2_characterization_01;2;stage2_live_baseline;stage2_characterization;28;30;29.1;81;28.9;59.5;30;2893;0.200001;21.5;0.000526;0;0;0;0;normal;;-42;"firmware=bsf_fw_stage2_live_v1, test=live_media_characterization, duration_plan=5h, target_reference=28-30C, phase=stage2_live_baseline, safety=normal, heater_demand_pct=0.0, intake_pwm=0, exhaust_pwm=0, relay=OFF, note=0-30 min baseline; all actuators OFF; live media/maggot condition observed"
2026-07-08T19:18:34.442048+00:00;1355;stage2_characterization_01;2;stage2_live_baseline;stage2_characterization;28;30;29.1;82.6;28.9;59.4;30;2846;0.200001;23.2;0.000092;0;0;0;0;normal;;-43;"firmware=bsf_fw_stage2_live_v1, test=live_media_characterization, duration_plan=5h, target_reference=28-30C, phase=stage2_live_baseline, safety=normal, heater_demand_pct=0.0, intake_pwm=0, exhaust_pwm=0, relay=OFF, note=0-30 min baseline; all actuators OFF; live media/maggot condition observed"
2026-07-08T19:19:03.693364+00:00;1385;stage2_characterization_01;2;stage2_live_baseline;stage2_characterization;28;30;29.1;82.8;28.9;59;30;2912;0.200001;23.8;0.000023;0;0;0;0;normal;;-44;"firmware=bsf_fw_stage2_live_v1, test=live_media_characterization, duration_plan=5h, target_reference=28-30C, phase=stage2_live_baseline, safety=normal, heater_demand_pct=0.0, intake_pwm=0, exhaust_pwm=0, relay=OFF, note=0-30 min baseline; all actuators OFF; live media/maggot condition observed"
2026-07-08T19:19:33.655588+00:00;1415;stage2_characterization_01;2;stage2_live_baseline;stage2_characterization;28;30;29.1;84.6;28.7;59.3;30;2925;0.4;25.3;0;0;0;0;0;normal;;-41;"firmware=bsf_fw_stage2_live_v1, test=live_media_characterization, duration_plan=5h, target_reference=28-30C, phase=stage2_live_baseline, safety=normal, heater_demand_pct=0.0, intake_pwm=0, exhaust_pwm=0, relay=OFF, note=0-30 min baseline; all actuators OFF; live media/maggot condition observed"
2026-07-08T19:20:03.653382+00:00;1445;stage2_characterization_01;2;stage2_live_baseline;stage2_characterization;28;30;29.1;85.1;28.7;59.3;30;2895;0.4;25.8;0;0;0;0;0;normal;;-40;"firmware=bsf_fw_stage2_live_v1, test=live_media_characterization, duration_plan=5h, target_reference=28-30C, phase=stage2_live_baseline, safety=normal, heater_demand_pct=0.0, intake_pwm=0, exhaust_pwm=0, relay=OFF, note=0-30 min baseline; all actuators OFF; live media/maggot condition observed"
2026-07-08T19:20:33.83752+00:00;1475;stage2_characterization_01;2;stage2_live_baseline;stage2_characterization;28;30;29.1;84.2;28.6;59.5;30;2900;0.5;24.7;0;0;0;0;0;normal;;-40;"firmware=bsf_fw_stage2_live_v1, test=live_media_characterization, duration_plan=5h, target_reference=28-30C, phase=stage2_live_baseline, safety=normal, heater_demand_pct=0.0, intake_pwm=0, exhaust_pwm=0, relay=OFF, note=0-30 min baseline; all actuators OFF; live media/maggot condition observed"
2026-07-08T19:21:03.701187+00:00;1505;stage2_characterization_01;2;stage2_live_baseline;stage2_characterization;28;30;29.1;83.9;28.7;59.9;30;2864;0.4;24;0;0;0;0;0;normal;;-41;"firmware=bsf_fw_stage2_live_v1, test=live_media_characterization, duration_plan=5h, target_reference=28-30C, phase=stage2_live_baseline, safety=normal, heater_demand_pct=0.0, intake_pwm=0, exhaust_pwm=0, relay=OFF, note=0-30 min baseline; all actuators OFF; live media/maggot condition observed"
2026-07-08T19:21:33.911405+00:00;1535;stage2_characterization_01;2;stage2_live_baseline;stage2_characterization;28;30;29.1;84.2;28.8;59.6;30;2882;0.300001;24.6;0.131264;0;0;0;0;normal;;-38;"firmware=bsf_fw_stage2_live_v1, test=live_media_characterization, duration_plan=5h, target_reference=28-30C, phase=stage2_live_baseline, safety=normal, heater_demand_pct=0.0, intake_pwm=0, exhaust_pwm=0, relay=OFF, note=0-30 min baseline; all actuators OFF; live media/maggot condition observed"
2026-07-08T19:22:04.519032+00:00;1565;stage2_characterization_01;2;stage2_live_baseline;stage2_characterization;28;30;29;84.6;28.7;58.6;30;2875;0.299999;26;-0.252914;0;0;0;0;normal;;-41;"firmware=bsf_fw_stage2_live_v1, test=live_media_characterization, duration_plan=5h, target_reference=28-30C, phase=stage2_live_baseline, safety=normal, heater_demand_pct=0.0, intake_pwm=0, exhaust_pwm=0, relay=OFF, note=0-30 min baseline; all actuators OFF; live media/maggot condition observed"
2026-07-08T19:22:34.479137+00:00;1595;stage2_characterization_01;2;stage2_live_baseline;stage2_characterization;28;30;29.1;82.6;28.7;59.4;30;2901;0.4;23.2;0.026179;0;0;0;0;normal;;-41;"firmware=bsf_fw_stage2_live_v1, test=live_media_characterization, duration_plan=5h, target_reference=28-30C, phase=stage2_live_baseline, safety=normal, heater_demand_pct=0.0, intake_pwm=0, exhaust_pwm=0, relay=OFF, note=0-30 min baseline; all actuators OFF; live media/maggot condition observed"
2026-07-08T19:23:03.886691+00:00;1625;stage2_characterization_01;2;stage2_live_baseline;stage2_characterization;28;30;29.1;84.8;28.7;59.2;30;2886;0.4;25.6;0.036301;0;0;0;0;normal;;-43;"firmware=bsf_fw_stage2_live_v1, test=live_media_characterization, duration_plan=5h, target_reference=28-30C, phase=stage2_live_baseline, safety=normal, heater_demand_pct=0.0, intake_pwm=0, exhaust_pwm=0, relay=OFF, note=0-30 min baseline; all actuators OFF; live media/maggot condition observed"
2026-07-08T19:23:33.726148+00:00;1655;stage2_characterization_01;2;stage2_live_baseline;stage2_characterization;28;30;29.1;84.6;28.7;58.9;30;2894;0.4;25.7;0.062726;0;0;0;0;normal;;-39;"firmware=bsf_fw_stage2_live_v1, test=live_media_characterization, duration_plan=5h, target_reference=28-30C, phase=stage2_live_baseline, safety=normal, heater_demand_pct=0.0, intake_pwm=0, exhaust_pwm=0, relay=OFF, note=0-30 min baseline; all actuators OFF; live media/maggot condition observed"
2026-07-08T19:24:04.128277+00:00;1685;stage2_characterization_01;2;stage2_live_baseline;stage2_characterization;28;30;29;83.3;28.7;59.1;30.06;2896;0.299999;24.2;-0.13385;0;0;0;0;normal;;-39;"firmware=bsf_fw_stage2_live_v1, test=live_media_characterization, duration_plan=5h, target_reference=28-30C, phase=stage2_live_baseline, safety=normal, heater_demand_pct=0.0, intake_pwm=0, exhaust_pwm=0, relay=OFF, note=0-30 min baseline; all actuators OFF; live media/maggot condition observed"
2026-07-08T19:24:33.697903+00:00;1715;stage2_characterization_01;2;stage2_live_baseline;stage2_characterization;28;30;29;82.9;28.7;58.7;30.06;2925;0.299999;24.2;-0.210434;0;0;0;0;normal;;-43;"firmware=bsf_fw_stage2_live_v1, test=live_media_characterization, duration_plan=5h, target_reference=28-30C, phase=stage2_live_baseline, safety=normal, heater_demand_pct=0.0, intake_pwm=0, exhaust_pwm=0, relay=OFF, note=0-30 min baseline; all actuators OFF; live media/maggot condition observed"
2026-07-08T19:25:03.653183+00:00;1745;stage2_characterization_01;2;stage2_live_baseline;stage2_characterization;28;30;29;85.5;28.7;58.5;30.06;2864;0.299999;27;-0.11126;0;0;0;0;normal;;-42;"firmware=bsf_fw_stage2_live_v1, test=live_media_characterization, duration_plan=5h, target_reference=28-30C, phase=stage2_live_baseline, safety=normal, heater_demand_pct=0.0, intake_pwm=0, exhaust_pwm=0, relay=OFF, note=0-30 min baseline; all actuators OFF; live media/maggot condition observed"
2026-07-08T19:25:33.686766+00:00;1775;stage2_characterization_01;2;stage2_live_baseline;stage2_characterization;28;30;29;84.2;28.7;58.6;30.06;2925;0.299999;25.6;-0.019825;0;0;0;0;normal;;-42;"firmware=bsf_fw_stage2_live_v1, test=live_media_characterization, duration_plan=5h, target_reference=28-30C, phase=stage2_live_baseline, safety=normal, heater_demand_pct=0.0, intake_pwm=0, exhaust_pwm=0, relay=OFF, note=0-30 min baseline; all actuators OFF; live media/maggot condition observed"
2026-07-08T19:26:03.66131+00:00;1805;stage2_characterization_01;2;stage2_live_mild_heating;stage2_characterization;28;30;29;82.9;28.7;58.6;30;2923;0.299999;24.3;-0.003525;1;40;80;40;normal;;-43;"firmware=bsf_fw_stage2_live_v1, test=live_media_characterization, duration_plan=5h, target_reference=28-30C, phase=stage2_live_mild_heating, safety=normal, heater_demand_pct=40.0, intake_pwm=80, exhaust_pwm=40, relay=ON, note=30-90 min mild heating; heater demand 40%; intake LOW; exhaust LOW"
2026-07-08T19:26:33.710472+00:00;1835;stage2_characterization_01;2;stage2_live_mild_heating;stage2_characterization;28;30;29;80.1;28.8;58.7;30;2902;0.200001;21.4;-0.000641;0;40;80;40;normal;;-43;"firmware=bsf_fw_stage2_live_v1, test=live_media_characterization, duration_plan=5h, target_reference=28-30C, phase=stage2_live_mild_heating, safety=normal, heater_demand_pct=40.0, intake_pwm=80, exhaust_pwm=40, relay=OFF, note=30-90 min mild heating; heater demand 40%; intake LOW; exhaust LOW"
2026-07-08T19:27:03.664816+00:00;1865;stage2_characterization_01;2;stage2_live_mild_heating;stage2_characterization;28;30;29;76.7;28.8;58.2;30;2898;0.200001;18.5;-0.000114;1;40;80;40;normal;;-40;"firmware=bsf_fw_stage2_live_v1, test=live_media_characterization, duration_plan=5h, target_reference=28-30C, phase=stage2_live_mild_heating, safety=normal, heater_demand_pct=40.0, intake_pwm=80, exhaust_pwm=40, relay=ON, note=30-90 min mild heating; heater demand 40%; intake LOW; exhaust LOW"
2026-07-08T19:27:34.594814+00:00;1895;stage2_characterization_01;2;stage2_live_mild_heating;stage2_characterization;28;30;29;75;28.9;58;30.06;2870;0.1;17;-0.000023;0;40;80;40;normal;;-44;"firmware=bsf_fw_stage2_live_v1, test=live_media_characterization, duration_plan=5h, target_reference=28-30C, phase=stage2_live_mild_heating, safety=normal, heater_demand_pct=40.0, intake_pwm=80, exhaust_pwm=40, relay=OFF, note=30-90 min mild heating; heater demand 40%; intake LOW; exhaust LOW"
2026-07-08T19:28:03.739172+00:00;1925;stage2_characterization_01;2;stage2_live_mild_heating;stage2_characterization;28;30;29;73.1;29.1;57.6;30.06;2903;-0.1;15.5;0;1;40;80;40;normal;;-39;"firmware=bsf_fw_stage2_live_v1, test=live_media_characterization, duration_plan=5h, target_reference=28-30C, phase=stage2_live_mild_heating, safety=normal, heater_demand_pct=40.0, intake_pwm=80, exhaust_pwm=40, relay=ON, note=30-90 min mild heating; heater demand 40%; intake LOW; exhaust LOW"
2026-07-08T19:28:34.593689+00:00;1955;stage2_characterization_01;2;stage2_live_mild_heating;stage2_characterization;28;30;29;72.8;29.1;57.5;30.06;2896;-0.1;15.3;0;0;40;80;40;normal;;-40;"firmware=bsf_fw_stage2_live_v1, test=live_media_characterization, duration_plan=5h, target_reference=28-30C, phase=stage2_live_mild_heating, safety=normal, heater_demand_pct=40.0, intake_pwm=80, exhaust_pwm=40, relay=OFF, note=30-90 min mild heating; heater demand 40%; intake LOW; exhaust LOW"
2026-07-08T19:29:04.09893+00:00;1985;stage2_characterization_01;2;stage2_live_mild_heating;stage2_characterization;28;30;29;72.4;29.2;57;30.06;2875;-0.200001;15.4;0;1;40;80;40;normal;;-40;"firmware=bsf_fw_stage2_live_v1, test=live_media_characterization, duration_plan=5h, target_reference=28-30C, phase=stage2_live_mild_heating, safety=normal, heater_demand_pct=40.0, intake_pwm=80, exhaust_pwm=40, relay=ON, note=30-90 min mild heating; heater demand 40%; intake LOW; exhaust LOW"
2026-07-08T19:29:33.747187+00:00;2015;stage2_characterization_01;2;stage2_live_mild_heating;stage2_characterization;28;30;29;71.7;29.2;56.8;30.06;2905;-0.200001;14.9;0;0;40;80;40;normal;;-43;"firmware=bsf_fw_stage2_live_v1, test=live_media_characterization, duration_plan=5h, target_reference=28-30C, phase=stage2_live_mild_heating, safety=normal, heater_demand_pct=40.0, intake_pwm=80, exhaust_pwm=40, relay=OFF, note=30-90 min mild heating; heater demand 40%; intake LOW; exhaust LOW"
2026-07-08T19:30:03.823266+00:00;2045;stage2_characterization_01;2;stage2_live_mild_heating;stage2_characterization;28;30;29.1;71.3;29.3;56.7;30;2896;-0.199999;14.6;0.127441;1;40;80;40;normal;;-43;"firmware=bsf_fw_stage2_live_v1, test=live_media_characterization, duration_plan=5h, target_reference=28-30C, phase=stage2_live_mild_heating, safety=normal, heater_demand_pct=40.0, intake_pwm=80, exhaust_pwm=40, relay=ON, note=30-90 min mild heating; heater demand 40%; intake LOW; exhaust LOW"
2026-07-08T19:30:34.923702+00:00;2075;stage2_characterization_01;2;stage2_live_mild_heating;stage2_characterization;28;30;29.1;70.9;29.4;56.2;30;2904;-0.299999;14.7;0.022682;0;40;80;40;normal;;-43;"firmware=bsf_fw_stage2_live_v1, test=live_media_characterization, duration_plan=5h, target_reference=28-30C, phase=stage2_live_mild_heating, safety=normal, heater_demand_pct=40.0, intake_pwm=80, exhaust_pwm=40, relay=OFF, note=30-90 min mild heating; heater demand 40%; intake LOW; exhaust LOW"
2026-07-08T19:31:04.246965+00:00;2105;stage2_characterization_01;2;stage2_live_mild_heating;stage2_characterization;28;30;29.1;70.8;29.5;55.7;29.94;2862;-0.4;15.1;0.004051;1;40;80;40;normal;;-41;"firmware=bsf_fw_stage2_live_v1, test=live_media_characterization, duration_plan=5h, target_reference=28-30C, phase=stage2_live_mild_heating, safety=normal, heater_demand_pct=40.0, intake_pwm=80, exhaust_pwm=40, relay=ON, note=30-90 min mild heating; heater demand 40%; intake LOW; exhaust LOW"
2026-07-08T19:31:33.76044+00:00;2135;stage2_characterization_01;2;stage2_live_mild_heating;stage2_characterization;28;30;29.1;70.9;29.5;55.4;29.94;2890;-0.4;15.5;-0.074272;0;40;80;40;normal;;-44;"firmware=bsf_fw_stage2_live_v1, test=live_media_characterization, duration_plan=5h, target_reference=28-30C, phase=stage2_live_mild_heating, safety=normal, heater_demand_pct=40.0, intake_pwm=80, exhaust_pwm=40, relay=OFF, note=30-90 min mild heating; heater demand 40%; intake LOW; exhaust LOW"
2026-07-08T19:32:03.711276+00:00;2165;stage2_characterization_01;2;stage2_live_mild_heating;stage2_characterization;28;30;29.2;70.6;29.6;55.2;29.94;2873;-0.4;15.4;0.081711;1;40;80;40;normal;;-44;"firmware=bsf_fw_stage2_live_v1, test=live_media_characterization, duration_plan=5h, target_reference=28-30C, phase=stage2_live_mild_heating, safety=normal, heater_demand_pct=40.0, intake_pwm=80, exhaust_pwm=40, relay=ON, note=30-90 min mild heating; heater demand 40%; intake LOW; exhaust LOW"
2026-07-08T19:32:33.800737+00:00;2195;stage2_characterization_01;2;stage2_live_mild_heating;stage2_characterization;28;30;29.2;70.3;29.6;55.1;30.06;2926;-0.4;15.2;0.014534;0;40;80;40;normal;;-44;"firmware=bsf_fw_stage2_live_v1, test=live_media_characterization, duration_plan=5h, target_reference=28-30C, phase=stage2_live_mild_heating, safety=normal, heater_demand_pct=40.0, intake_pwm=80, exhaust_pwm=40, relay=OFF, note=30-90 min mild heating; heater demand 40%; intake LOW; exhaust LOW"
2026-07-08T19:33:03.715956+00:00;2225;stage2_characterization_01;2;stage2_live_mild_heating;stage2_characterization;28;30;29.2;70.1;29.6;55;30;2900;-0.4;15.1;0.002586;1;40;80;40;normal;;-35;"firmware=bsf_fw_stage2_live_v1, test=live_media_characterization, duration_plan=5h, target_reference=28-30C, phase=stage2_live_mild_heating, safety=normal, heater_demand_pct=40.0, intake_pwm=80, exhaust_pwm=40, relay=ON, note=30-90 min mild heating; heater demand 40%; intake LOW; exhaust LOW"
2026-07-08T19:33:33.757683+00:00;2255;stage2_characterization_01;2;stage2_live_mild_heating;stage2_characterization;28;30;29.2;70.2;29.6;54.9;30;2926;-0.4;15.3;0.000458;0;40;80;40;normal;;-35;"firmware=bsf_fw_stage2_live_v1, test=live_media_characterization, duration_plan=5h, target_reference=28-30C, phase=stage2_live_mild_heating, safety=normal, heater_demand_pct=40.0, intake_pwm=80, exhaust_pwm=40, relay=OFF, note=30-90 min mild heating; heater demand 40%; intake LOW; exhaust LOW"
2026-07-08T19:34:04.155427+00:00;2285;stage2_characterization_01;2;stage2_live_mild_heating;stage2_characterization;28;30;29.2;69.7;29.6;54.9;29.94;2897;-0.4;14.8;0.000092;1;40;80;40;normal;;-34;"firmware=bsf_fw_stage2_live_v1, test=live_media_characterization, duration_plan=5h, target_reference=28-30C, phase=stage2_live_mild_heating, safety=normal, heater_demand_pct=40.0, intake_pwm=80, exhaust_pwm=40, relay=ON, note=30-90 min mild heating; heater demand 40%; intake LOW; exhaust LOW"
2026-07-08T19:34:33.821746+00:00;2315;stage2_characterization_01;2;stage2_live_mild_heating;stage2_characterization;28;30;29.2;69.7;29.6;54.8;29.94;2949;-0.4;14.9;0;0;40;80;40;normal;;-35;"firmware=bsf_fw_stage2_live_v1, test=live_media_characterization, duration_plan=5h, target_reference=28-30C, phase=stage2_live_mild_heating, safety=normal, heater_demand_pct=40.0, intake_pwm=80, exhaust_pwm=40, relay=OFF, note=30-90 min mild heating; heater demand 40%; intake LOW; exhaust LOW"
2026-07-08T19:35:03.641166+00:00;2345;stage2_characterization_01;2;stage2_live_mild_heating;stage2_characterization;28;30;29.2;69.6;29.6;54.9;29.88;2933;-0.4;14.7;0;1;40;80;40;normal;;-35;"firmware=bsf_fw_stage2_live_v1, test=live_media_characterization, duration_plan=5h, target_reference=28-30C, phase=stage2_live_mild_heating, safety=normal, heater_demand_pct=40.0, intake_pwm=80, exhaust_pwm=40, relay=ON, note=30-90 min mild heating; heater demand 40%; intake LOW; exhaust LOW"
2026-07-08T19:35:34.148441+00:00;2375;stage2_characterization_01;2;stage2_live_mild_heating;stage2_characterization;28;30;29.2;69.6;29.6;54.8;29.94;2941;-0.4;14.8;0;0;40;80;40;normal;;-35;"firmware=bsf_fw_stage2_live_v1, test=live_media_characterization, duration_plan=5h, target_reference=28-30C, phase=stage2_live_mild_heating, safety=normal, heater_demand_pct=40.0, intake_pwm=80, exhaust_pwm=40, relay=OFF, note=30-90 min mild heating; heater demand 40%; intake LOW; exhaust LOW"
2026-07-08T19:36:03.686203+00:00;2405;stage2_characterization_01;2;stage2_live_mild_heating;stage2_characterization;28;30;29.2;69.7;29.7;54.6;29.88;2904;-0.5;15.1;0;1;40;80;40;normal;;-34;"firmware=bsf_fw_stage2_live_v1, test=live_media_characterization, duration_plan=5h, target_reference=28-30C, phase=stage2_live_mild_heating, safety=normal, heater_demand_pct=40.0, intake_pwm=80, exhaust_pwm=40, relay=ON, note=30-90 min mild heating; heater demand 40%; intake LOW; exhaust LOW"
2026-07-08T19:36:34.190853+00:00;2435;stage2_characterization_01;2;stage2_live_mild_heating;stage2_characterization;28;30;29.2;69.7;29.7;54.6;29.94;2927;-0.5;15.1;0;0;40;80;40;normal;;-36;"firmware=bsf_fw_stage2_live_v1, test=live_media_characterization, duration_plan=5h, target_reference=28-30C, phase=stage2_live_mild_heating, safety=normal, heater_demand_pct=40.0, intake_pwm=80, exhaust_pwm=40, relay=OFF, note=30-90 min mild heating; heater demand 40%; intake LOW; exhaust LOW"
2026-07-08T19:37:03.917003+00:00;2465;stage2_characterization_01;2;stage2_live_mild_heating;stage2_characterization;28;30;29.2;69.7;29.7;54.6;29.81;2941;-0.5;15.1;0;1;40;80;40;normal;;-35;"firmware=bsf_fw_stage2_live_v1, test=live_media_characterization, duration_plan=5h, target_reference=28-30C, phase=stage2_live_mild_heating, safety=normal, heater_demand_pct=40.0, intake_pwm=80, exhaust_pwm=40, relay=ON, note=30-90 min mild heating; heater demand 40%; intake LOW; exhaust LOW"
2026-07-08T19:37:34.624552+00:00;2495;stage2_characterization_01;2;stage2_live_mild_heating;stage2_characterization;28;30;29.2;69.2;29.7;54.8;29.88;2962;-0.5;14.4;0;0;40;80;40;normal;;-34;"firmware=bsf_fw_stage2_live_v1, test=live_media_characterization, duration_plan=5h, target_reference=28-30C, phase=stage2_live_mild_heating, safety=normal, heater_demand_pct=40.0, intake_pwm=80, exhaust_pwm=40, relay=OFF, note=30-90 min mild heating; heater demand 40%; intake LOW; exhaust LOW"
2026-07-08T19:38:04.523925+00:00;2525;stage2_characterization_01;2;stage2_live_mild_heating;stage2_characterization;28;30;29.2;69.3;29.7;55;29.81;2915;-0.5;14.3;0;1;40;80;40;normal;;-36;"firmware=bsf_fw_stage2_live_v1, test=live_media_characterization, duration_plan=5h, target_reference=28-30C, phase=stage2_live_mild_heating, safety=normal, heater_demand_pct=40.0, intake_pwm=80, exhaust_pwm=40, relay=ON, note=30-90 min mild heating; heater demand 40%; intake LOW; exhaust LOW"
2026-07-08T19:38:34.261537+00:00;2555;stage2_characterization_01;2;stage2_live_mild_heating;stage2_characterization;28;30;29.2;69.5;29.7;54.8;29.81;2971;-0.5;14.7;0;0;40;80;40;normal;;-35;"firmware=bsf_fw_stage2_live_v1, test=live_media_characterization, duration_plan=5h, target_reference=28-30C, phase=stage2_live_mild_heating, safety=normal, heater_demand_pct=40.0, intake_pwm=80, exhaust_pwm=40, relay=OFF, note=30-90 min mild heating; heater demand 40%; intake LOW; exhaust LOW"
2026-07-08T19:39:03.677791+00:00;2585;stage2_characterization_01;2;stage2_live_mild_heating;stage2_characterization;28;30;29.2;69.4;29.7;54.8;29.88;2944;-0.5;14.6;0;1;40;80;40;normal;;-34;"firmware=bsf_fw_stage2_live_v1, test=live_media_characterization, duration_plan=5h, target_reference=28-30C, phase=stage2_live_mild_heating, safety=normal, heater_demand_pct=40.0, intake_pwm=80, exhaust_pwm=40, relay=ON, note=30-90 min mild heating; heater demand 40%; intake LOW; exhaust LOW"
2026-07-08T19:39:34.288239+00:00;2615;stage2_characterization_01;2;stage2_live_mild_heating;stage2_characterization;28;30;29.2;69.5;29.7;55;29.81;2962;-0.5;14.5;0;0;40;80;40;normal;;-36;"firmware=bsf_fw_stage2_live_v1, test=live_media_characterization, duration_plan=5h, target_reference=28-30C, phase=stage2_live_mild_heating, safety=normal, heater_demand_pct=40.0, intake_pwm=80, exhaust_pwm=40, relay=OFF, note=30-90 min mild heating; heater demand 40%; intake LOW; exhaust LOW"
2026-07-08T19:40:03.698026+00:00;2645;stage2_characterization_01;2;stage2_live_mild_heating;stage2_characterization;28;30;29.2;69.3;29.7;54.8;29.75;2937;-0.5;14.5;0;1;40;80;40;normal;;-34;"firmware=bsf_fw_stage2_live_v1, test=live_media_characterization, duration_plan=5h, target_reference=28-30C, phase=stage2_live_mild_heating, safety=normal, heater_demand_pct=40.0, intake_pwm=80, exhaust_pwm=40, relay=ON, note=30-90 min mild heating; heater demand 40%; intake LOW; exhaust LOW"
2026-07-08T19:40:34.600276+00:00;2675;stage2_characterization_01;2;stage2_live_mild_heating;stage2_characterization;28;30;29.2;69.5;29.8;54.8;29.75;2941;-0.599998;14.7;0;0;40;80;40;normal;;-35;"firmware=bsf_fw_stage2_live_v1, test=live_media_characterization, duration_plan=5h, target_reference=28-30C, phase=stage2_live_mild_heating, safety=normal, heater_demand_pct=40.0, intake_pwm=80, exhaust_pwm=40, relay=OFF, note=30-90 min mild heating; heater demand 40%; intake LOW; exhaust LOW"
2026-07-08T19:41:03.727758+00:00;2705;stage2_characterization_01;2;stage2_live_mild_heating;stage2_characterization;28;30;29.2;69.5;29.7;54.6;29.81;2928;-0.5;14.9;0;1;40;80;40;normal;;-34;"firmware=bsf_fw_stage2_live_v1, test=live_media_characterization, duration_plan=5h, target_reference=28-30C, phase=stage2_live_mild_heating, safety=normal, heater_demand_pct=40.0, intake_pwm=80, exhaust_pwm=40, relay=ON, note=30-90 min mild heating; heater demand 40%; intake LOW; exhaust LOW"
2026-07-08T19:41:34.245177+00:00;2735;stage2_characterization_01;2;stage2_live_mild_heating;stage2_characterization;28;30;29.2;69.8;29.7;54.9;29.81;2940;-0.5;14.9;0;0;40;80;40;normal;;-35;"firmware=bsf_fw_stage2_live_v1, test=live_media_characterization, duration_plan=5h, target_reference=28-30C, phase=stage2_live_mild_heating, safety=normal, heater_demand_pct=40.0, intake_pwm=80, exhaust_pwm=40, relay=OFF, note=30-90 min mild heating; heater demand 40%; intake LOW; exhaust LOW"
2026-07-08T19:42:04.572876+00:00;2765;stage2_characterization_01;2;stage2_live_mild_heating;stage2_characterization;28;30;29.2;69.3;29.6;55.1;29.81;2921;-0.4;14.2;0;1;40;80;40;normal;;-34;"firmware=bsf_fw_stage2_live_v1, test=live_media_characterization, duration_plan=5h, target_reference=28-30C, phase=stage2_live_mild_heating, safety=normal, heater_demand_pct=40.0, intake_pwm=80, exhaust_pwm=40, relay=ON, note=30-90 min mild heating; heater demand 40%; intake LOW; exhaust LOW"
2026-07-08T19:42:34.606367+00:00;2795;stage2_characterization_01;2;stage2_live_mild_heating;stage2_characterization;28;30;29.2;69.4;29.6;55.1;29.88;2933;-0.4;14.3;0;0;40;80;40;normal;;-35;"firmware=bsf_fw_stage2_live_v1, test=live_media_characterization, duration_plan=5h, target_reference=28-30C, phase=stage2_live_mild_heating, safety=normal, heater_demand_pct=40.0, intake_pwm=80, exhaust_pwm=40, relay=OFF, note=30-90 min mild heating; heater demand 40%; intake LOW; exhaust LOW"
2026-07-08T19:43:03.72023+00:00;2825;stage2_characterization_01;2;stage2_live_mild_heating;stage2_characterization;28;30;29.2;69.6;29.6;55.1;29.88;2912;-0.4;14.5;0;1;40;80;40;normal;;-34;"firmware=bsf_fw_stage2_live_v1, test=live_media_characterization, duration_plan=5h, target_reference=28-30C, phase=stage2_live_mild_heating, safety=normal, heater_demand_pct=40.0, intake_pwm=80, exhaust_pwm=40, relay=ON, note=30-90 min mild heating; heater demand 40%; intake LOW; exhaust LOW"
2026-07-08T19:43:34.157853+00:00;2855;stage2_characterization_01;2;stage2_live_mild_heating;stage2_characterization;28;30;29.1;69.8;29.5;55.3;29.94;2988;-0.4;14.5;-0.224991;0;40;80;40;normal;;-35;"firmware=bsf_fw_stage2_live_v1, test=live_media_characterization, duration_plan=5h, target_reference=28-30C, phase=stage2_live_mild_heating, safety=normal, heater_demand_pct=40.0, intake_pwm=80, exhaust_pwm=40, relay=OFF, note=30-90 min mild heating; heater demand 40%; intake LOW; exhaust LOW"
2026-07-08T19:44:04.133299+00:00;2885;stage2_characterization_01;2;stage2_live_mild_heating;stage2_characterization;28;30;29.1;69.6;29.5;55.2;29.94;2928;-0.4;14.4;-0.040039;1;40;80;40;normal;;-35;"firmware=bsf_fw_stage2_live_v1, test=live_media_characterization, duration_plan=5h, target_reference=28-30C, phase=stage2_live_mild_heating, safety=normal, heater_demand_pct=40.0, intake_pwm=80, exhaust_pwm=40, relay=ON, note=30-90 min mild heating; heater demand 40%; intake LOW; exhaust LOW"
2026-07-08T19:44:33.793581+00:00;2915;stage2_characterization_01;2;stage2_live_mild_heating;stage2_characterization;28;30;29.1;69.7;29.4;55.5;29.94;2948;-0.299999;14.2;-0.007118;0;40;80;40;normal;;-35;"firmware=bsf_fw_stage2_live_v1, test=live_media_characterization, duration_plan=5h, target_reference=28-30C, phase=stage2_live_mild_heating, safety=normal, heater_demand_pct=40.0, intake_pwm=80, exhaust_pwm=40, relay=OFF, note=30-90 min mild heating; heater demand 40%; intake LOW; exhaust LOW"
2026-07-08T19:45:03.951849+00:00;2945;stage2_characterization_01;2;stage2_live_mild_heating;stage2_characterization;28;30;29;69.8;29.3;55.9;29.94;2969;-0.299999;13.9;-0.169979;1;40;80;40;normal;;-36;"firmware=bsf_fw_stage2_live_v1, test=live_media_characterization, duration_plan=5h, target_reference=28-30C, phase=stage2_live_mild_heating, safety=normal, heater_demand_pct=40.0, intake_pwm=80, exhaust_pwm=40, relay=ON, note=30-90 min mild heating; heater demand 40%; intake LOW; exhaust LOW"
2026-07-08T19:45:34.253493+00:00;2975;stage2_characterization_01;2;stage2_live_mild_heating;stage2_characterization;28;30;29;69.9;29.2;56;29.94;2992;-0.200001;13.9;-0.030258;0;40;80;40;normal;;-35;"firmware=bsf_fw_stage2_live_v1, test=live_media_characterization, duration_plan=5h, target_reference=28-30C, phase=stage2_live_mild_heating, safety=normal, heater_demand_pct=40.0, intake_pwm=80, exhaust_pwm=40, relay=OFF, note=30-90 min mild heating; heater demand 40%; intake LOW; exhaust LOW"
2026-07-08T19:46:04.287956+00:00;3005;stage2_characterization_01;2;stage2_live_mild_heating;stage2_characterization;28;30;29;70;29.1;56.4;29.81;2928;-0.1;13.6;-0.005379;1;40;80;40;normal;;-35;"firmware=bsf_fw_stage2_live_v1, test=live_media_characterization, duration_plan=5h, target_reference=28-30C, phase=stage2_live_mild_heating, safety=normal, heater_demand_pct=40.0, intake_pwm=80, exhaust_pwm=40, relay=ON, note=30-90 min mild heating; heater demand 40%; intake LOW; exhaust LOW"
2026-07-08T19:46:33.759684+00:00;3035;stage2_characterization_01;2;stage2_live_mild_heating;stage2_characterization;28;30;28.9;70.3;29.2;56.3;29.75;3014;-0.300001;14;-0.103798;0;40;80;40;normal;;-35;"firmware=bsf_fw_stage2_live_v1, test=live_media_characterization, duration_plan=5h, target_reference=28-30C, phase=stage2_live_mild_heating, safety=normal, heater_demand_pct=40.0, intake_pwm=80, exhaust_pwm=40, relay=OFF, note=30-90 min mild heating; heater demand 40%; intake LOW; exhaust LOW"
2026-07-08T19:47:03.66124+00:00;3065;stage2_characterization_01;2;stage2_live_mild_heating;stage2_characterization;28;30;28.9;70.3;29.1;56.1;29.81;2996;-0.200001;14.2;-0.018467;1;40;80;40;normal;;-35;"firmware=bsf_fw_stage2_live_v1, test=live_media_characterization, duration_plan=5h, target_reference=28-30C, phase=stage2_live_mild_heating, safety=normal, heater_demand_pct=40.0, intake_pwm=80, exhaust_pwm=40, relay=ON, note=30-90 min mild heating; heater demand 40%; intake LOW; exhaust LOW"
2026-07-08T19:47:34.10991+00:00;3095;stage2_characterization_01;2;stage2_live_mild_heating;stage2_characterization;28;30;28.9;70.5;29.1;56.1;29.81;2995;-0.200001;14.4;-0.003296;0;40;80;40;normal;;-35;"firmware=bsf_fw_stage2_live_v1, test=live_media_characterization, duration_plan=5h, target_reference=28-30C, phase=stage2_live_mild_heating, safety=normal, heater_demand_pct=40.0, intake_pwm=80, exhaust_pwm=40, relay=OFF, note=30-90 min mild heating; heater demand 40%; intake LOW; exhaust LOW"
2026-07-08T19:48:04.114055+00:00;3125;stage2_characterization_01;2;stage2_live_mild_heating;stage2_characterization;28;30;28.8;70.5;29.1;56.2;29.75;2976;-0.300001;14.3;-0.127144;1;40;80;40;normal;;-35;"firmware=bsf_fw_stage2_live_v1, test=live_media_characterization, duration_plan=5h, target_reference=28-30C, phase=stage2_live_mild_heating, safety=normal, heater_demand_pct=40.0, intake_pwm=80, exhaust_pwm=40, relay=ON, note=30-90 min mild heating; heater demand 40%; intake LOW; exhaust LOW"
2026-07-08T19:48:33.744989+00:00;3155;stage2_characterization_01;2;stage2_live_mild_heating;stage2_characterization;28;30;28.8;70.5;29.2;56;29.81;2997;-0.400002;14.5;-0.022614;0;40;80;40;normal;;-35;"firmware=bsf_fw_stage2_live_v1, test=live_media_characterization, duration_plan=5h, target_reference=28-30C, phase=stage2_live_mild_heating, safety=normal, heater_demand_pct=40.0, intake_pwm=80, exhaust_pwm=40, relay=OFF, note=30-90 min mild heating; heater demand 40%; intake LOW; exhaust LOW"
2026-07-08T19:49:04.134753+00:00;3185;stage2_characterization_01;2;stage2_live_mild_heating;stage2_characterization;28;30;28.8;70.4;29.2;56.2;29.75;2976;-0.400002;14.2;-0.004028;1;40;80;40;normal;;-35;"firmware=bsf_fw_stage2_live_v1, test=live_media_characterization, duration_plan=5h, target_reference=28-30C, phase=stage2_live_mild_heating, safety=normal, heater_demand_pct=40.0, intake_pwm=80, exhaust_pwm=40, relay=ON, note=30-90 min mild heating; heater demand 40%; intake LOW; exhaust LOW"
2026-07-08T19:49:34.047996+00:00;3215;stage2_characterization_01;2;stage2_live_mild_heating;stage2_characterization;28;30;28.8;70.6;29.1;56.1;29.75;2973;-0.300001;14.5;-0.00071;0;40;80;40;normal;;-34;"firmware=bsf_fw_stage2_live_v1, test=live_media_characterization, duration_plan=5h, target_reference=28-30C, phase=stage2_live_mild_heating, safety=normal, heater_demand_pct=40.0, intake_pwm=80, exhaust_pwm=40, relay=OFF, note=30-90 min mild heating; heater demand 40%; intake LOW; exhaust LOW"
2026-07-08T19:50:04.076565+00:00;3245;stage2_characterization_01;2;stage2_live_mild_heating;stage2_characterization;28;30;28.8;70.5;29.1;56.3;29.75;2955;-0.300001;14.2;-0.000137;1;40;80;40;normal;;-35;"firmware=bsf_fw_stage2_live_v1, test=live_media_characterization, duration_plan=5h, target_reference=28-30C, phase=stage2_live_mild_heating, safety=normal, heater_demand_pct=40.0, intake_pwm=80, exhaust_pwm=40, relay=ON, note=30-90 min mild heating; heater demand 40%; intake LOW; exhaust LOW"
2026-07-08T19:50:33.761507+00:00;3275;stage2_characterization_01;2;stage2_live_mild_heating;stage2_characterization;28;30;28.8;70.5;29.1;56.2;29.75;2986;-0.300001;14.3;0.087868;0;40;80;40;normal;;-35;"firmware=bsf_fw_stage2_live_v1, test=live_media_characterization, duration_plan=5h, target_reference=28-30C, phase=stage2_live_mild_heating, safety=normal, heater_demand_pct=40.0, intake_pwm=80, exhaust_pwm=40, relay=OFF, note=30-90 min mild heating; heater demand 40%; intake LOW; exhaust LOW"
2026-07-08T19:51:04.150046+00:00;3305;stage2_characterization_01;2;stage2_live_mild_heating;stage2_characterization;28;30;28.7;70.4;29.1;56.1;29.75;2969;-0.4;14.3;-0.110916;1;40;80;40;normal;;-36;"firmware=bsf_fw_stage2_live_v1, test=live_media_characterization, duration_plan=5h, target_reference=28-30C, phase=stage2_live_mild_heating, safety=normal, heater_demand_pct=40.0, intake_pwm=80, exhaust_pwm=40, relay=ON, note=30-90 min mild heating; heater demand 40%; intake LOW; exhaust LOW"
2026-07-08T19:51:34.21537+00:00;3335;stage2_characterization_01;2;stage2_live_mild_heating;stage2_characterization;28;30;28.7;70.2;29.1;55.7;29.81;2985;-0.4;14.5;-0.01973;0;40;80;40;normal;;-53;"firmware=bsf_fw_stage2_live_v1, test=live_media_characterization, duration_plan=5h, target_reference=28-30C, phase=stage2_live_mild_heating, safety=normal, heater_demand_pct=40.0, intake_pwm=80, exhaust_pwm=40, relay=OFF, note=30-90 min mild heating; heater demand 40%; intake LOW; exhaust LOW"
2026-07-08T19:52:04.518627+00:00;3365;stage2_characterization_01;2;stage2_live_mild_heating;stage2_characterization;28;30;28.7;69.7;29.1;54.8;29.81;2961;-0.4;14.9;-0.003525;1;40;80;40;normal;;-57;"firmware=bsf_fw_stage2_live_v1, test=live_media_characterization, duration_plan=5h, target_reference=28-30C, phase=stage2_live_mild_heating, safety=normal, heater_demand_pct=40.0, intake_pwm=80, exhaust_pwm=40, relay=ON, note=30-90 min mild heating; heater demand 40%; intake LOW; exhaust LOW"
2026-07-08T19:52:34.114987+00:00;3395;stage2_characterization_01;2;stage2_live_mild_heating;stage2_characterization;28;30;28.7;69.3;29.1;54.5;29.88;2990;-0.4;14.8;-0.000641;0;40;80;40;normal;;-35;"firmware=bsf_fw_stage2_live_v1, test=live_media_characterization, duration_plan=5h, target_reference=28-30C, phase=stage2_live_mild_heating, safety=normal, heater_demand_pct=40.0, intake_pwm=80, exhaust_pwm=40, relay=OFF, note=30-90 min mild heating; heater demand 40%; intake LOW; exhaust LOW"
2026-07-08T19:53:04.073727+00:00;3425;stage2_characterization_01;2;stage2_live_mild_heating;stage2_characterization;28;30;28.7;69.2;29.1;55.4;29.88;2966;-0.4;13.8;-0.000114;1;40;80;40;normal;;-35;"firmware=bsf_fw_stage2_live_v1, test=live_media_characterization, duration_plan=5h, target_reference=28-30C, phase=stage2_live_mild_heating, safety=normal, heater_demand_pct=40.0, intake_pwm=80, exhaust_pwm=40, relay=ON, note=30-90 min mild heating; heater demand 40%; intake LOW; exhaust LOW"
2026-07-08T19:53:33.744652+00:00;3455;stage2_characterization_01;2;stage2_live_mild_heating;stage2_characterization;28;30;28.7;69.4;29.1;55.8;29.88;2959;-0.4;13.6;-0.000023;0;40;80;40;normal;;-35;"firmware=bsf_fw_stage2_live_v1, test=live_media_characterization, duration_plan=5h, target_reference=28-30C, phase=stage2_live_mild_heating, safety=normal, heater_demand_pct=40.0, intake_pwm=80, exhaust_pwm=40, relay=OFF, note=30-90 min mild heating; heater demand 40%; intake LOW; exhaust LOW"
2026-07-08T19:54:03.778297+00:00;3485;stage2_characterization_01;2;stage2_live_mild_heating;stage2_characterization;28;30;28.7;69.6;29.1;56;29.81;2967;-0.4;13.6;0;1;40;80;40;normal;;-36;"firmware=bsf_fw_stage2_live_v1, test=live_media_characterization, duration_plan=5h, target_reference=28-30C, phase=stage2_live_mild_heating, safety=normal, heater_demand_pct=40.0, intake_pwm=80, exhaust_pwm=40, relay=ON, note=30-90 min mild heating; heater demand 40%; intake LOW; exhaust LOW"
2026-07-08T19:54:34.193595+00:00;3515;stage2_characterization_01;2;stage2_live_mild_heating;stage2_characterization;28;30;28.7;69.9;29.1;55.9;29.75;2973;-0.4;14;0;0;40;80;40;normal;;-34;"firmware=bsf_fw_stage2_live_v1, test=live_media_characterization, duration_plan=5h, target_reference=28-30C, phase=stage2_live_mild_heating, safety=normal, heater_demand_pct=40.0, intake_pwm=80, exhaust_pwm=40, relay=OFF, note=30-90 min mild heating; heater demand 40%; intake LOW; exhaust LOW"
2026-07-08T19:55:04.191231+00:00;3545;stage2_characterization_01;2;stage2_live_mild_heating;stage2_characterization;28;30;28.7;69.8;29.1;56;29.69;2962;-0.4;13.8;0;1;40;80;40;normal;;-33;"firmware=bsf_fw_stage2_live_v1, test=live_media_characterization, duration_plan=5h, target_reference=28-30C, phase=stage2_live_mild_heating, safety=normal, heater_demand_pct=40.0, intake_pwm=80, exhaust_pwm=40, relay=ON, note=30-90 min mild heating; heater demand 40%; intake LOW; exhaust LOW"
2026-07-08T19:55:34.150807+00:00;3575;stage2_characterization_01;2;stage2_live_mild_heating;stage2_characterization;28;30;28.7;69.9;29.1;55.7;29.75;2966;-0.4;14.2;0;0;40;80;40;normal;;-34;"firmware=bsf_fw_stage2_live_v1, test=live_media_characterization, duration_plan=5h, target_reference=28-30C, phase=stage2_live_mild_heating, safety=normal, heater_demand_pct=40.0, intake_pwm=80, exhaust_pwm=40, relay=OFF, note=30-90 min mild heating; heater demand 40%; intake LOW; exhaust LOW"
2026-07-08T19:56:03.804683+00:00;3605;stage2_characterization_01;2;stage2_live_mild_heating;stage2_characterization;28;30;28.7;69.8;29;55.4;29.69;2983;-0.299999;14.4;0;1;40;80;40;normal;;-32;"firmware=bsf_fw_stage2_live_v1, test=live_media_characterization, duration_plan=5h, target_reference=28-30C, phase=stage2_live_mild_heating, safety=normal, heater_demand_pct=40.0, intake_pwm=80, exhaust_pwm=40, relay=ON, note=30-90 min mild heating; heater demand 40%; intake LOW; exhaust LOW"
2026-07-08T19:56:34.106204+00:00;3635;stage2_characterization_01;2;stage2_live_mild_heating;stage2_characterization;28;30;28.7;69.8;28.9;55.4;29.69;2991;-0.199999;14.4;0;0;40;80;40;normal;;-34;"firmware=bsf_fw_stage2_live_v1, test=live_media_characterization, duration_plan=5h, target_reference=28-30C, phase=stage2_live_mild_heating, safety=normal, heater_demand_pct=40.0, intake_pwm=80, exhaust_pwm=40, relay=OFF, note=30-90 min mild heating; heater demand 40%; intake LOW; exhaust LOW"
2026-07-08T19:57:04.523378+00:00;3665;stage2_characterization_01;2;stage2_live_mild_heating;stage2_characterization;28;30;28.6;69.8;28.7;55.6;29.69;2960;-0.1;14.2;-0.225059;1;40;80;40;normal;;-34;"firmware=bsf_fw_stage2_live_v1, test=live_media_characterization, duration_plan=5h, target_reference=28-30C, phase=stage2_live_mild_heating, safety=normal, heater_demand_pct=40.0, intake_pwm=80, exhaust_pwm=40, relay=ON, note=30-90 min mild heating; heater demand 40%; intake LOW; exhaust LOW"
2026-07-08T19:57:33.687715+00:00;3695;stage2_characterization_01;2;stage2_live_mild_heating;stage2_characterization;28;30;28.6;70;28.6;55.9;29.69;3007;0;14.1;-0.040031;0;40;80;40;normal;;-33;"firmware=bsf_fw_stage2_live_v1, test=live_media_characterization, duration_plan=5h, target_reference=28-30C, phase=stage2_live_mild_heating, safety=normal, heater_demand_pct=40.0, intake_pwm=80, exhaust_pwm=40, relay=OFF, note=30-90 min mild heating; heater demand 40%; intake LOW; exhaust LOW"
2026-07-08T19:58:04.176098+00:00;3725;stage2_characterization_01;2;stage2_live_mild_heating;stage2_characterization;28;30;28.5;70.1;28.5;55.8;29.69;2947;0;14.3;-0.13369;1;40;80;40;normal;;-35;"firmware=bsf_fw_stage2_live_v1, test=live_media_characterization, duration_plan=5h, target_reference=28-30C, phase=stage2_live_mild_heating, safety=normal, heater_demand_pct=40.0, intake_pwm=80, exhaust_pwm=40, relay=ON, note=30-90 min mild heating; heater demand 40%; intake LOW; exhaust LOW"
2026-07-08T19:58:34.550976+00:00;3755;stage2_characterization_01;2;stage2_live_mild_heating;stage2_characterization;28;30;28.4;70.2;28.4;55.7;29.63;2978;0;14.5;-0.248795;0;40;80;40;normal;;-35;"firmware=bsf_fw_stage2_live_v1, test=live_media_characterization, duration_plan=5h, target_reference=28-30C, phase=stage2_live_mild_heating, safety=normal, heater_demand_pct=40.0, intake_pwm=80, exhaust_pwm=40, relay=OFF, note=30-90 min mild heating; heater demand 40%; intake LOW; exhaust LOW"
2026-07-08T19:59:03.754852+00:00;3785;stage2_characterization_01;2;stage2_live_mild_heating;stage2_characterization;28;30;28.4;70.2;28.4;55.9;29.56;2965;0;14.3;-0.04428;1;40;80;40;normal;;-34;"firmware=bsf_fw_stage2_live_v1, test=live_media_characterization, duration_plan=5h, target_reference=28-30C, phase=stage2_live_mild_heating, safety=normal, heater_demand_pct=40.0, intake_pwm=80, exhaust_pwm=40, relay=ON, note=30-90 min mild heating; heater demand 40%; intake LOW; exhaust LOW"
2026-07-08T19:59:34.187798+00:00;3815;stage2_characterization_01;2;stage2_live_mild_heating;stage2_characterization;28;30;28.3;70.2;28.3;55.8;29.56;2991;0;14.4;-0.079079;0;40;80;40;normal;;-33;"firmware=bsf_fw_stage2_live_v1, test=live_media_characterization, duration_plan=5h, target_reference=28-30C, phase=stage2_live_mild_heating, safety=normal, heater_demand_pct=40.0, intake_pwm=80, exhaust_pwm=40, relay=OFF, note=30-90 min mild heating; heater demand 40%; intake LOW; exhaust LOW"
2026-07-08T20:00:03.870709+00:00;3845;stage2_characterization_01;2;stage2_live_mild_heating;stage2_characterization;28;30;28.2;70.3;28.3;56;29.56;2960;-0.099998;14.3;-0.257813;1;40;80;40;normal;;-34;"firmware=bsf_fw_stage2_live_v1, test=live_media_characterization, duration_plan=5h, target_reference=28-30C, phase=stage2_live_mild_heating, safety=normal, heater_demand_pct=40.0, intake_pwm=80, exhaust_pwm=40, relay=ON, note=30-90 min mild heating; heater demand 40%; intake LOW; exhaust LOW"
2026-07-08T20:00:34.689241+00:00;3875;stage2_characterization_01;2;stage2_live_mild_heating;stage2_characterization;28;30;28.2;70.4;28.2;56.1;29.56;3001;0;14.3;-0.045891;0;40;80;40;normal;;-33;"firmware=bsf_fw_stage2_live_v1, test=live_media_characterization, duration_plan=5h, target_reference=28-30C, phase=stage2_live_mild_heating, safety=normal, heater_demand_pct=40.0, intake_pwm=80, exhaust_pwm=40, relay=OFF, note=30-90 min mild heating; heater demand 40%; intake LOW; exhaust LOW"
2026-07-08T20:01:04.18669+00:00;3905;stage2_characterization_01;2;stage2_live_mild_heating;stage2_characterization;28;30;28.1;70.5;28.2;56.5;29.56;2954;-0.1;14;-0.079353;1;40;80;40;normal;;-34;"firmware=bsf_fw_stage2_live_v1, test=live_media_characterization, duration_plan=5h, target_reference=28-30C, phase=stage2_live_mild_heating, safety=normal, heater_demand_pct=40.0, intake_pwm=80, exhaust_pwm=40, relay=ON, note=30-90 min mild heating; heater demand 40%; intake LOW; exhaust LOW"
2026-07-08T20:01:37.082249+00:00;3935;stage2_characterization_01;2;stage2_live_mild_heating;stage2_characterization;28;30;28;70.8;28.2;56.5;29.56;2974;-0.200001;14.3;-0.314117;0;40;80;40;normal;;-34;"firmware=bsf_fw_stage2_live_v1, test=live_media_characterization, duration_plan=5h, target_reference=28-30C, phase=stage2_live_mild_heating, safety=normal, heater_demand_pct=40.0, intake_pwm=80, exhaust_pwm=40, relay=OFF, note=30-90 min mild heating; heater demand 40%; intake LOW; exhaust LOW"
2026-07-08T20:02:04.151982+00:00;3965;stage2_characterization_01;2;stage2_live_mild_heating;stage2_characterization;28;30;28;70.8;28.1;56.6;29.56;3019;-0.1;14.2;-0.074547;1;40;80;40;normal;;-34;"firmware=bsf_fw_stage2_live_v1, test=live_media_characterization, duration_plan=5h, target_reference=28-30C, phase=stage2_live_mild_heating, safety=normal, heater_demand_pct=40.0, intake_pwm=80, exhaust_pwm=40, relay=ON, note=30-90 min mild heating; heater demand 40%; intake LOW; exhaust LOW"
2026-07-08T20:02:33.864236+00:00;3995;stage2_characterization_01;2;stage2_live_mild_heating;stage2_characterization;28;30;27.9;71.2;28.1;56.8;29.56;2992;-0.200001;14.4;-0.238314;0;40;80;40;normal;;-35;"firmware=bsf_fw_stage2_live_v1, test=live_media_characterization, duration_plan=5h, target_reference=28-30C, phase=stage2_live_mild_heating, safety=normal, heater_demand_pct=40.0, intake_pwm=80, exhaust_pwm=40, relay=OFF, note=30-90 min mild heating; heater demand 40%; intake LOW; exhaust LOW"
2026-07-08T20:03:04.442156+00:00;4025;stage2_characterization_01;2;stage2_live_mild_heating;stage2_characterization;28;30;27.9;71.2;28;57.1;29.56;2953;-0.1;14.1;-0.042412;1;40;80;40;normal;;-34;"firmware=bsf_fw_stage2_live_v1, test=live_media_characterization, duration_plan=5h, target_reference=28-30C, phase=stage2_live_mild_heating, safety=normal, heater_demand_pct=40.0, intake_pwm=80, exhaust_pwm=40, relay=ON, note=30-90 min mild heating; heater demand 40%; intake LOW; exhaust LOW"
2026-07-08T20:03:33.985188+00:00;4055;stage2_characterization_01;2;stage2_live_mild_heating;stage2_characterization;28;30;27.9;71.6;28;57.3;29.5;2992;-0.1;14.3;0.067465;0;40;80;40;normal;;-34;"firmware=bsf_fw_stage2_live_v1, test=live_media_characterization, duration_plan=5h, target_reference=28-30C, phase=stage2_live_mild_heating, safety=normal, heater_demand_pct=40.0, intake_pwm=80, exhaust_pwm=40, relay=OFF, note=30-90 min mild heating; heater demand 40%; intake LOW; exhaust LOW"
2026-07-08T20:04:04.051321+00:00;4085;stage2_characterization_01;2;stage2_live_mild_heating;stage2_characterization;28;30;27.8;71.7;27.9;57.6;29.5;2978;-0.1;14.1;-0.059189;1;40;80;40;normal;;-33;"firmware=bsf_fw_stage2_live_v1, test=live_media_characterization, duration_plan=5h, target_reference=28-30C, phase=stage2_live_mild_heating, safety=normal, heater_demand_pct=40.0, intake_pwm=80, exhaust_pwm=40, relay=ON, note=30-90 min mild heating; heater demand 40%; intake LOW; exhaust LOW"
2026-07-08T20:04:34.149238+00:00;4115;stage2_characterization_01;2;stage2_live_mild_heating;stage2_characterization;28;30;27.7;71.9;27.9;57.7;29.44;2992;-0.199999;14.2;-0.235567;0;40;80;40;normal;;-34;"firmware=bsf_fw_stage2_live_v1, test=live_media_characterization, duration_plan=5h, target_reference=28-30C, phase=stage2_live_mild_heating, safety=normal, heater_demand_pct=40.0, intake_pwm=80, exhaust_pwm=40, relay=OFF, note=30-90 min mild heating; heater demand 40%; intake LOW; exhaust LOW"
2026-07-08T20:05:04.041492+00:00;4145;stage2_characterization_01;2;stage2_live_mild_heating;stage2_characterization;28;30;27.7;72.1;27.9;57.6;29.44;2955;-0.199999;14.5;-0.041931;1;40;80;40;normal;;-36;"firmware=bsf_fw_stage2_live_v1, test=live_media_characterization, duration_plan=5h, target_reference=28-30C, phase=stage2_live_mild_heating, safety=normal, heater_demand_pct=40.0, intake_pwm=80, exhaust_pwm=40, relay=ON, note=30-90 min mild heating; heater demand 40%; intake LOW; exhaust LOW"
2026-07-08T20:05:35.015355+00:00;4175;stage2_characterization_01;2;stage2_live_mild_heating;stage2_characterization;28;30;27.6;72.2;27.8;57.7;29.38;2991;-0.199999;14.5;-0.307457;0;40;80;40;normal;;-34;"firmware=bsf_fw_stage2_live_v1, test=live_media_characterization, duration_plan=5h, target_reference=28-30C, phase=stage2_live_mild_heating, safety=normal, heater_demand_pct=40.0, intake_pwm=80, exhaust_pwm=40, relay=OFF, note=30-90 min mild heating; heater demand 40%; intake LOW; exhaust LOW"
2026-07-08T20:06:04.072194+00:00;4205;stage2_characterization_01;2;stage2_live_mild_heating;stage2_characterization;28;30;27.6;72.4;27.8;57.7;29.25;2950;-0.199999;14.7;-0.054726;1;40;80;40;normal;;-34;"firmware=bsf_fw_stage2_live_v1, test=live_media_characterization, duration_plan=5h, target_reference=28-30C, phase=stage2_live_mild_heating, safety=normal, heater_demand_pct=40.0, intake_pwm=80, exhaust_pwm=40, relay=ON, note=30-90 min mild heating; heater demand 40%; intake LOW; exhaust LOW"
2026-07-08T20:06:35.452606+00:00;4235;stage2_characterization_01;2;stage2_live_mild_heating;stage2_characterization;28;30;27.6;72.6;27.8;58.9;29.25;2965;-0.199999;13.7;-0.009727;0;40;80;40;normal;;-34;"firmware=bsf_fw_stage2_live_v1, test=live_media_characterization, duration_plan=5h, target_reference=28-30C, phase=stage2_live_mild_heating, safety=normal, heater_demand_pct=40.0, intake_pwm=80, exhaust_pwm=40, relay=OFF, note=30-90 min mild heating; heater demand 40%; intake LOW; exhaust LOW"
2026-07-08T20:07:04.464022+00:00;4265;stage2_characterization_01;2;stage2_live_mild_heating;stage2_characterization;28;30;27.6;72.7;27.7;58.8;29.13;2929;-0.1;13.9;-0.00174;1;40;80;40;normal;;-35;"firmware=bsf_fw_stage2_live_v1, test=live_media_characterization, duration_plan=5h, target_reference=28-30C, phase=stage2_live_mild_heating, safety=normal, heater_demand_pct=40.0, intake_pwm=80, exhaust_pwm=40, relay=ON, note=30-90 min mild heating; heater demand 40%; intake LOW; exhaust LOW"
2026-07-08T20:07:34.046316+00:00;4295;stage2_characterization_01;2;stage2_live_mild_heating;stage2_characterization;28;30;27.6;72.8;27.6;58.4;29.19;2963;0;14.4;-0.000298;0;40;80;40;normal;;-35;"firmware=bsf_fw_stage2_live_v1, test=live_media_characterization, duration_plan=5h, target_reference=28-30C, phase=stage2_live_mild_heating, safety=normal, heater_demand_pct=40.0, intake_pwm=80, exhaust_pwm=40, relay=OFF, note=30-90 min mild heating; heater demand 40%; intake LOW; exhaust LOW"
2026-07-08T20:08:04.391623+00:00;4325;stage2_characterization_01;2;stage2_live_mild_heating;stage2_characterization;28;30;27.6;72.8;27.7;57.9;29.19;2981;-0.1;14.9;0.074951;1;40;80;40;normal;;-34;"firmware=bsf_fw_stage2_live_v1, test=live_media_characterization, duration_plan=5h, target_reference=28-30C, phase=stage2_live_mild_heating, safety=normal, heater_demand_pct=40.0, intake_pwm=80, exhaust_pwm=40, relay=ON, note=30-90 min mild heating; heater demand 40%; intake LOW; exhaust LOW"
2026-07-08T20:08:34.785785+00:00;4355;stage2_characterization_01;2;stage2_live_mild_heating;stage2_characterization;28;30;27.5;72.7;27.7;57.7;29.19;2992;-0.200001;15;-0.114098;0;40;80;40;normal;;-34;"firmware=bsf_fw_stage2_live_v1, test=live_media_characterization, duration_plan=5h, target_reference=28-30C, phase=stage2_live_mild_heating, safety=normal, heater_demand_pct=40.0, intake_pwm=80, exhaust_pwm=40, relay=OFF, note=30-90 min mild heating; heater demand 40%; intake LOW; exhaust LOW"
2026-07-08T20:09:04.009331+00:00;4385;stage2_characterization_01;2;stage2_live_mild_heating;stage2_characterization;28;30;27.5;72.5;27.7;57.5;29.19;2981;-0.200001;15;-0.020298;1;40;80;40;normal;;-34;"firmware=bsf_fw_stage2_live_v1, test=live_media_characterization, duration_plan=5h, target_reference=28-30C, phase=stage2_live_mild_heating, safety=normal, heater_demand_pct=40.0, intake_pwm=80, exhaust_pwm=40, relay=ON, note=30-90 min mild heating; heater demand 40%; intake LOW; exhaust LOW"
2026-07-08T20:09:34.341121+00:00;4415;stage2_characterization_01;2;stage2_live_mild_heating;stage2_characterization;28;30;27.5;72.4;27.7;57.5;29.13;2999;-0.200001;14.9;-0.003616;0;40;80;40;normal;;-36;"firmware=bsf_fw_stage2_live_v1, test=live_media_characterization, duration_plan=5h, target_reference=28-30C, phase=stage2_live_mild_heating, safety=normal, heater_demand_pct=40.0, intake_pwm=80, exhaust_pwm=40, relay=OFF, note=30-90 min mild heating; heater demand 40%; intake LOW; exhaust LOW"
2026-07-08T20:10:03.647358+00:00;4445;stage2_characterization_01;2;stage2_live_mild_heating;stage2_characterization;28;30;27.5;72;27.7;57.1;29.13;2973;-0.200001;14.9;-0.000641;1;40;80;40;normal;;-34;"firmware=bsf_fw_stage2_live_v1, test=live_media_characterization, duration_plan=5h, target_reference=28-30C, phase=stage2_live_mild_heating, safety=normal, heater_demand_pct=40.0, intake_pwm=80, exhaust_pwm=40, relay=ON, note=30-90 min mild heating; heater demand 40%; intake LOW; exhaust LOW"
2026-07-08T20:10:34.802371+00:00;4475;stage2_characterization_01;2;stage2_live_mild_heating;stage2_characterization;28;30;27.5;71.9;27.7;57.3;29.06;2987;-0.200001;14.6;0.04206;0;40;80;40;normal;;-34;"firmware=bsf_fw_stage2_live_v1, test=live_media_characterization, duration_plan=5h, target_reference=28-30C, phase=stage2_live_mild_heating, safety=normal, heater_demand_pct=40.0, intake_pwm=80, exhaust_pwm=40, relay=OFF, note=30-90 min mild heating; heater demand 40%; intake LOW; exhaust LOW"
2026-07-08T20:11:05.034547+00:00;4505;stage2_characterization_01;2;stage2_live_mild_heating;stage2_characterization;28;30;27.4;71.8;27.6;57.5;29.06;2992;-0.200001;14.3;-0.26883;1;40;80;40;normal;;-33;"firmware=bsf_fw_stage2_live_v1, test=live_media_characterization, duration_plan=5h, target_reference=28-30C, phase=stage2_live_mild_heating, safety=normal, heater_demand_pct=40.0, intake_pwm=80, exhaust_pwm=40, relay=ON, note=30-90 min mild heating; heater demand 40%; intake LOW; exhaust LOW"
2026-07-08T20:11:33.584206+00:00;4535;stage2_characterization_01;2;stage2_live_mild_heating;stage2_characterization;28;30;27.4;72;27.5;57.8;29.06;3007;-0.1;14.2;-0.047836;0;40;80;40;normal;;-35;"firmware=bsf_fw_stage2_live_v1, test=live_media_characterization, duration_plan=5h, target_reference=28-30C, phase=stage2_live_mild_heating, safety=normal, heater_demand_pct=40.0, intake_pwm=80, exhaust_pwm=40, relay=OFF, note=30-90 min mild heating; heater demand 40%; intake LOW; exhaust LOW"
2026-07-08T20:12:04.402204+00:00;4565;stage2_characterization_01;2;stage2_live_mild_heating;stage2_characterization;28;30;27.4;72.2;27.5;57.5;29.06;2978;-0.1;14.7;-0.008516;1;40;80;40;normal;;-34;"firmware=bsf_fw_stage2_live_v1, test=live_media_characterization, duration_plan=5h, target_reference=28-30C, phase=stage2_live_mild_heating, safety=normal, heater_demand_pct=40.0, intake_pwm=80, exhaust_pwm=40, relay=ON, note=30-90 min mild heating; heater demand 40%; intake LOW; exhaust LOW"
2026-07-08T20:12:34.134107+00:00;4595;stage2_characterization_01;2;stage2_live_mild_heating;stage2_characterization;28;30;27.4;72.2;27.5;57.5;29.06;2992;-0.1;14.7;-0.001511;0;40;80;40;normal;;-41;"firmware=bsf_fw_stage2_live_v1, test=live_media_characterization, duration_plan=5h, target_reference=28-30C, phase=stage2_live_mild_heating, safety=normal, heater_demand_pct=40.0, intake_pwm=80, exhaust_pwm=40, relay=OFF, note=30-90 min mild heating; heater demand 40%; intake LOW; exhaust LOW"
2026-07-08T20:13:04.082557+00:00;4625;stage2_characterization_01;2;stage2_live_mild_heating;stage2_characterization;28;30;27.4;72.1;27.5;57.2;29.13;2962;-0.1;14.9;-0.000275;1;40;80;40;normal;;-39;"firmware=bsf_fw_stage2_live_v1, test=live_media_characterization, duration_plan=5h, target_reference=28-30C, phase=stage2_live_mild_heating, safety=normal, heater_demand_pct=40.0, intake_pwm=80, exhaust_pwm=40, relay=ON, note=30-90 min mild heating; heater demand 40%; intake LOW; exhaust LOW"
2026-07-08T20:13:33.608186+00:00;4655;stage2_characterization_01;2;stage2_live_mild_heating;stage2_characterization;28;30;27.3;72;27.5;57;29.13;3003;-0.200001;15;-0.177887;0;40;80;40;normal;;-39;"firmware=bsf_fw_stage2_live_v1, test=live_media_characterization, duration_plan=5h, target_reference=28-30C, phase=stage2_live_mild_heating, safety=normal, heater_demand_pct=40.0, intake_pwm=80, exhaust_pwm=40, relay=OFF, note=30-90 min mild heating; heater demand 40%; intake LOW; exhaust LOW"
2026-07-08T20:14:04.065243+00:00;4685;stage2_characterization_01;2;stage2_live_mild_heating;stage2_characterization;28;30;27.3;71.9;27.5;56.8;29.13;2989;-0.200001;15.1;-0.031654;1;40;80;40;normal;;-42;"firmware=bsf_fw_stage2_live_v1, test=live_media_characterization, duration_plan=5h, target_reference=28-30C, phase=stage2_live_mild_heating, safety=normal, heater_demand_pct=40.0, intake_pwm=80, exhaust_pwm=40, relay=ON, note=30-90 min mild heating; heater demand 40%; intake LOW; exhaust LOW"
2026-07-08T20:14:34.04231+00:00;4715;stage2_characterization_01;2;stage2_live_mild_heating;stage2_characterization;28;30;27.3;71.6;27.5;57;29.06;2993;-0.200001;14.6;-0.00563;0;40;80;40;normal;;-42;"firmware=bsf_fw_stage2_live_v1, test=live_media_characterization, duration_plan=5h, target_reference=28-30C, phase=stage2_live_mild_heating, safety=normal, heater_demand_pct=40.0, intake_pwm=80, exhaust_pwm=40, relay=OFF, note=30-90 min mild heating; heater demand 40%; intake LOW; exhaust LOW"
2026-07-08T20:15:04.447286+00:00;4745;stage2_characterization_01;2;stage2_live_mild_heating;stage2_characterization;28;30;27.3;71.6;27.5;57.1;28.94;2989;-0.200001;14.5;-0.001007;1;40;80;40;normal;;-39;"firmware=bsf_fw_stage2_live_v1, test=live_media_characterization, duration_plan=5h, target_reference=28-30C, phase=stage2_live_mild_heating, safety=normal, heater_demand_pct=40.0, intake_pwm=80, exhaust_pwm=40, relay=ON, note=30-90 min mild heating; heater demand 40%; intake LOW; exhaust LOW"
2026-07-08T20:15:34.02962+00:00;4775;stage2_characterization_01;2;stage2_live_mild_heating;stage2_characterization;28;30;27.2;71.6;27.5;56.9;28.94;2992;-0.299999;14.7;-0.159256;0;40;80;40;normal;;-41;"firmware=bsf_fw_stage2_live_v1, test=live_media_characterization, duration_plan=5h, target_reference=28-30C, phase=stage2_live_mild_heating, safety=normal, heater_demand_pct=40.0, intake_pwm=80, exhaust_pwm=40, relay=OFF, note=30-90 min mild heating; heater demand 40%; intake LOW; exhaust LOW"
2026-07-08T20:16:04.065786+00:00;4805;stage2_characterization_01;2;stage2_live_mild_heating;stage2_characterization;28;30;27.2;71.7;27.5;56.9;28.94;2996;-0.299999;14.8;-0.052071;1;40;80;40;normal;;-42;"firmware=bsf_fw_stage2_live_v1, test=live_media_characterization, duration_plan=5h, target_reference=28-30C, phase=stage2_live_mild_heating, safety=normal, heater_demand_pct=40.0, intake_pwm=80, exhaust_pwm=40, relay=ON, note=30-90 min mild heating; heater demand 40%; intake LOW; exhaust LOW"
2026-07-08T20:16:34.505159+00:00;4835;stage2_characterization_01;2;stage2_live_mild_heating;stage2_characterization;28;30;27.2;71.8;27.4;58;29;3015;-0.199999;13.8;-0.00927;0;40;80;40;normal;;-43;"firmware=bsf_fw_stage2_live_v1, test=live_media_characterization, duration_plan=5h, target_reference=28-30C, phase=stage2_live_mild_heating, safety=normal, heater_demand_pct=40.0, intake_pwm=80, exhaust_pwm=40, relay=OFF, note=30-90 min mild heating; heater demand 40%; intake LOW; exhaust LOW"
2026-07-08T20:17:04.372195+00:00;4865;stage2_characterization_01;2;stage2_live_mild_heating;stage2_characterization;28;30;27.2;72;27.4;57.2;28.88;2992;-0.199999;14.8;-0.001648;1;40;80;40;normal;;-39;"firmware=bsf_fw_stage2_live_v1, test=live_media_characterization, duration_plan=5h, target_reference=28-30C, phase=stage2_live_mild_heating, safety=normal, heater_demand_pct=40.0, intake_pwm=80, exhaust_pwm=40, relay=ON, note=30-90 min mild heating; heater demand 40%; intake LOW; exhaust LOW"
2026-07-08T20:17:33.933112+00:00;4895;stage2_characterization_01;2;stage2_live_mild_heating;stage2_characterization;28;30;27.2;72.1;27.4;57.1;28.94;3019;-0.199999;15;-0.000298;0;40;80;40;normal;;-39;"firmware=bsf_fw_stage2_live_v1, test=live_media_characterization, duration_plan=5h, target_reference=28-30C, phase=stage2_live_mild_heating, safety=normal, heater_demand_pct=40.0, intake_pwm=80, exhaust_pwm=40, relay=OFF, note=30-90 min mild heating; heater demand 40%; intake LOW; exhaust LOW"
2026-07-08T20:18:04.097888+00:00;4925;stage2_characterization_01;2;stage2_live_mild_heating;stage2_characterization;28;30;27.2;71.9;27.4;56.6;28.94;2983;-0.199999;15.3;-0.000046;1;40;80;40;normal;;-40;"firmware=bsf_fw_stage2_live_v1, test=live_media_characterization, duration_plan=5h, target_reference=28-30C, phase=stage2_live_mild_heating, safety=normal, heater_demand_pct=40.0, intake_pwm=80, exhaust_pwm=40, relay=ON, note=30-90 min mild heating; heater demand 40%; intake LOW; exhaust LOW"
2026-07-08T20:18:34.427971+00:00;4955;stage2_characterization_01;2;stage2_live_mild_heating;stage2_characterization;28;30;27.2;71.6;27.3;58.3;28.94;2997;-0.099998;13.3;0;0;40;80;40;normal;;-40;"firmware=bsf_fw_stage2_live_v1, test=live_media_characterization, duration_plan=5h, target_reference=28-30C, phase=stage2_live_mild_heating, safety=normal, heater_demand_pct=40.0, intake_pwm=80, exhaust_pwm=40, relay=OFF, note=30-90 min mild heating; heater demand 40%; intake LOW; exhaust LOW"
2026-07-08T20:19:04.759062+00:00;4985;stage2_characterization_01;2;stage2_live_mild_heating;stage2_characterization;28;30;27.2;72.1;27.3;58.3;28.94;3005;-0.099998;13.8;0;1;40;80;40;normal;;-39;"firmware=bsf_fw_stage2_live_v1, test=live_media_characterization, duration_plan=5h, target_reference=28-30C, phase=stage2_live_mild_heating, safety=normal, heater_demand_pct=40.0, intake_pwm=80, exhaust_pwm=40, relay=ON, note=30-90 min mild heating; heater demand 40%; intake LOW; exhaust LOW"
2026-07-08T20:19:33.545582+00:00;5015;stage2_characterization_01;2;stage2_live_mild_heating;stage2_characterization;28;30;27.2;72.3;27.3;57;28.81;3014;-0.099998;15.3;0;0;40;80;40;normal;;-39;"firmware=bsf_fw_stage2_live_v1, test=live_media_characterization, duration_plan=5h, target_reference=28-30C, phase=stage2_live_mild_heating, safety=normal, heater_demand_pct=40.0, intake_pwm=80, exhaust_pwm=40, relay=OFF, note=30-90 min mild heating; heater demand 40%; intake LOW; exhaust LOW"
2026-07-08T20:20:04.806711+00:00;5045;stage2_characterization_01;2;stage2_live_mild_heating;stage2_characterization;28;30;27.2;72.1;27.3;56.8;28.69;2984;-0.099998;15.3;0;1;40;80;40;normal;;-39;"firmware=bsf_fw_stage2_live_v1, test=live_media_characterization, duration_plan=5h, target_reference=28-30C, phase=stage2_live_mild_heating, safety=normal, heater_demand_pct=40.0, intake_pwm=80, exhaust_pwm=40, relay=ON, note=30-90 min mild heating; heater demand 40%; intake LOW; exhaust LOW"
2026-07-08T20:20:34.452931+00:00;5075;stage2_characterization_01;2;stage2_live_mild_heating;stage2_characterization;28;30;27.2;71.9;27.3;57.2;28.69;3005;-0.099998;14.7;0;0;40;80;40;normal;;-38;"firmware=bsf_fw_stage2_live_v1, test=live_media_characterization, duration_plan=5h, target_reference=28-30C, phase=stage2_live_mild_heating, safety=normal, heater_demand_pct=40.0, intake_pwm=80, exhaust_pwm=40, relay=OFF, note=30-90 min mild heating; heater demand 40%; intake LOW; exhaust LOW"
2026-07-08T20:21:03.970028+00:00;5105;stage2_characterization_01;2;stage2_live_mild_heating;stage2_characterization;28;30;27.2;71.7;27.4;56.8;28.69;2981;-0.199999;14.9;0;1;40;80;40;normal;;-41;"firmware=bsf_fw_stage2_live_v1, test=live_media_characterization, duration_plan=5h, target_reference=28-30C, phase=stage2_live_mild_heating, safety=normal, heater_demand_pct=40.0, intake_pwm=80, exhaust_pwm=40, relay=ON, note=30-90 min mild heating; heater demand 40%; intake LOW; exhaust LOW"
2026-07-08T20:21:33.977188+00:00;5135;stage2_characterization_01;2;stage2_live_mild_heating;stage2_characterization;28;30;27.2;71.5;27.3;58.4;28.69;3026;-0.099998;13.1;0;0;40;80;40;normal;;-41;"firmware=bsf_fw_stage2_live_v1, test=live_media_characterization, duration_plan=5h, target_reference=28-30C, phase=stage2_live_mild_heating, safety=normal, heater_demand_pct=40.0, intake_pwm=80, exhaust_pwm=40, relay=OFF, note=30-90 min mild heating; heater demand 40%; intake LOW; exhaust LOW"
2026-07-08T20:22:04.417842+00:00;5165;stage2_characterization_01;2;stage2_live_mild_heating;stage2_characterization;28;30;27.2;71.9;27.3;57.4;28.69;2990;-0.099998;14.5;0;1;40;80;40;normal;;-39;"firmware=bsf_fw_stage2_live_v1, test=live_media_characterization, duration_plan=5h, target_reference=28-30C, phase=stage2_live_mild_heating, safety=normal, heater_demand_pct=40.0, intake_pwm=80, exhaust_pwm=40, relay=ON, note=30-90 min mild heating; heater demand 40%; intake LOW; exhaust LOW"
2026-07-08T20:22:34.356185+00:00;5195;stage2_characterization_01;2;stage2_live_mild_heating;stage2_characterization;28;30;27.2;72.1;27.3;57.3;28.69;3022;-0.099998;14.8;0;0;40;80;40;normal;;-39;"firmware=bsf_fw_stage2_live_v1, test=live_media_characterization, duration_plan=5h, target_reference=28-30C, phase=stage2_live_mild_heating, safety=normal, heater_demand_pct=40.0, intake_pwm=80, exhaust_pwm=40, relay=OFF, note=30-90 min mild heating; heater demand 40%; intake LOW; exhaust LOW"
2026-07-08T20:23:04.423554+00:00;5225;stage2_characterization_01;2;stage2_live_mild_heating;stage2_characterization;28;30;27.2;71.8;27.3;57.4;28.63;2990;-0.099998;14.4;0;1;40;80;40;normal;;-39;"firmware=bsf_fw_stage2_live_v1, test=live_media_characterization, duration_plan=5h, target_reference=28-30C, phase=stage2_live_mild_heating, safety=normal, heater_demand_pct=40.0, intake_pwm=80, exhaust_pwm=40, relay=ON, note=30-90 min mild heating; heater demand 40%; intake LOW; exhaust LOW"
2026-07-08T20:23:34.783497+00:00;5255;stage2_characterization_01;2;stage2_live_mild_heating;stage2_characterization;28;30;27.2;71.7;27.3;58.2;28.56;3014;-0.099998;13.5;0;0;40;80;40;normal;;-42;"firmware=bsf_fw_stage2_live_v1, test=live_media_characterization, duration_plan=5h, target_reference=28-30C, phase=stage2_live_mild_heating, safety=normal, heater_demand_pct=40.0, intake_pwm=80, exhaust_pwm=40, relay=OFF, note=30-90 min mild heating; heater demand 40%; intake LOW; exhaust LOW"
2026-07-08T20:24:04.331493+00:00;5285;stage2_characterization_01;2;stage2_live_mild_heating;stage2_characterization;28;30;27.2;71.6;27.3;57.3;28.5;2979;-0.099998;14.3;0;1;40;80;40;normal;;-40;"firmware=bsf_fw_stage2_live_v1, test=live_media_characterization, duration_plan=5h, target_reference=28-30C, phase=stage2_live_mild_heating, safety=normal, heater_demand_pct=40.0, intake_pwm=80, exhaust_pwm=40, relay=ON, note=30-90 min mild heating; heater demand 40%; intake LOW; exhaust LOW"
2026-07-08T20:24:34.395991+00:00;5315;stage2_characterization_01;2;stage2_live_mild_heating;stage2_characterization;28;30;27.2;71.5;27.4;56.9;28.5;2983;-0.199999;14.6;0;0;40;80;40;normal;;-41;"firmware=bsf_fw_stage2_live_v1, test=live_media_characterization, duration_plan=5h, target_reference=28-30C, phase=stage2_live_mild_heating, safety=normal, heater_demand_pct=40.0, intake_pwm=80, exhaust_pwm=40, relay=OFF, note=30-90 min mild heating; heater demand 40%; intake LOW; exhaust LOW"
2026-07-08T20:25:04.381289+00:00;5345;stage2_characterization_01;2;stage2_live_mild_heating;stage2_characterization;28;30;27.2;71.3;27.4;56.9;28.44;2999;-0.199999;14.4;0;1;40;80;40;normal;;-40;"firmware=bsf_fw_stage2_live_v1, test=live_media_characterization, duration_plan=5h, target_reference=28-30C, phase=stage2_live_mild_heating, safety=normal, heater_demand_pct=40.0, intake_pwm=80, exhaust_pwm=40, relay=ON, note=30-90 min mild heating; heater demand 40%; intake LOW; exhaust LOW"
2026-07-08T20:25:33.609082+00:00;5375;stage2_characterization_01;2;stage2_live_mild_heating;stage2_characterization;28;30;27.2;71.4;27.4;56.7;28.38;2994;-0.199999;14.7;0;0;40;80;40;normal;;-40;"firmware=bsf_fw_stage2_live_v1, test=live_media_characterization, duration_plan=5h, target_reference=28-30C, phase=stage2_live_mild_heating, safety=normal, heater_demand_pct=40.0, intake_pwm=80, exhaust_pwm=40, relay=OFF, note=30-90 min mild heating; heater demand 40%; intake LOW; exhaust LOW"
2026-07-08T20:26:03.613753+00:00;5405;stage2_characterization_01;2;stage2_live_heating_medium_airflow;stage2_characterization;28;30;27.2;71.2;27.4;56.8;28.38;2983;-0.199999;14.4;0;1;65;140;60;normal;;-40;"firmware=bsf_fw_stage2_live_v1, test=live_media_characterization, duration_plan=5h, target_reference=28-30C, phase=stage2_live_heating_medium_airflow, safety=normal, heater_demand_pct=65.0, intake_pwm=140, exhaust_pwm=60, relay=ON, note=90-150 min heating with medium airflow; heater demand 65%; intake MEDIUM; exhaust LOW"
2026-07-08T20:26:34.012145+00:00;5435;stage2_characterization_01;2;stage2_live_heating_medium_airflow;stage2_characterization;28;30;27.2;70.5;27.2;56.5;28.38;2997;0;14;0;1;65;140;60;normal;;-42;"firmware=bsf_fw_stage2_live_v1, test=live_media_characterization, duration_plan=5h, target_reference=28-30C, phase=stage2_live_heating_medium_airflow, safety=normal, heater_demand_pct=65.0, intake_pwm=140, exhaust_pwm=60, relay=ON, note=90-150 min heating with medium airflow; heater demand 65%; intake MEDIUM; exhaust LOW"
2026-07-08T20:27:03.977225+00:00;5465;stage2_characterization_01;2;stage2_live_heating_medium_airflow;stage2_characterization;28;30;27.2;70.2;27.1;57.8;28.38;2969;0.1;12.4;0;1;65;140;60;normal;;-42;"firmware=bsf_fw_stage2_live_v1, test=live_media_characterization, duration_plan=5h, target_reference=28-30C, phase=stage2_live_heating_medium_airflow, safety=normal, heater_demand_pct=65.0, intake_pwm=140, exhaust_pwm=60, relay=ON, note=90-150 min heating with medium airflow; heater demand 65%; intake MEDIUM; exhaust LOW"
2026-07-08T20:27:34.397951+00:00;5495;stage2_characterization_01;2;stage2_live_heating_medium_airflow;stage2_characterization;28;30;27.2;70.2;27.1;57.1;28.44;2992;0.1;13.1;0.074967;1;65;140;60;normal;;-42;"firmware=bsf_fw_stage2_live_v1, test=live_media_characterization, duration_plan=5h, target_reference=28-30C, phase=stage2_live_heating_medium_airflow, safety=normal, heater_demand_pct=65.0, intake_pwm=140, exhaust_pwm=60, relay=ON, note=90-150 min heating with medium airflow; heater demand 65%; intake MEDIUM; exhaust LOW"
2026-07-08T20:28:04.01038+00:00;5525;stage2_characterization_01;2;stage2_live_heating_medium_airflow;stage2_characterization;28;30;27.2;69.8;26.9;57.1;28.38;2959;0.300001;12.7;0.013344;1;65;140;60;normal;;-40;"firmware=bsf_fw_stage2_live_v1, test=live_media_characterization, duration_plan=5h, target_reference=28-30C, phase=stage2_live_heating_medium_airflow, safety=normal, heater_demand_pct=65.0, intake_pwm=140, exhaust_pwm=60, relay=ON, note=90-150 min heating with medium airflow; heater demand 65%; intake MEDIUM; exhaust LOW"
2026-07-08T20:28:33.955153+00:00;5555;stage2_characterization_01;2;stage2_live_heating_medium_airflow;stage2_characterization;28;30;27.1;69.8;26.8;57.4;28.38;2993;0.300001;12.4;-0.166374;1;65;140;60;normal;;-41;"firmware=bsf_fw_stage2_live_v1, test=live_media_characterization, duration_plan=5h, target_reference=28-30C, phase=stage2_live_heating_medium_airflow, safety=normal, heater_demand_pct=65.0, intake_pwm=140, exhaust_pwm=60, relay=ON, note=90-150 min heating with medium airflow; heater demand 65%; intake MEDIUM; exhaust LOW"
2026-07-08T20:29:04.414863+00:00;5585;stage2_characterization_01;2;stage2_live_heating_medium_airflow;stage2_characterization;28;30;27.1;69.7;26.8;57.6;28.31;2995;0.300001;12.1;-0.053342;1;65;140;60;normal;;-40;"firmware=bsf_fw_stage2_live_v1, test=live_media_characterization, duration_plan=5h, target_reference=28-30C, phase=stage2_live_heating_medium_airflow, safety=normal, heater_demand_pct=65.0, intake_pwm=140, exhaust_pwm=60, relay=ON, note=90-150 min heating with medium airflow; heater demand 65%; intake MEDIUM; exhaust LOW"
2026-07-08T20:29:34.4285+00:00;5615;stage2_characterization_01;2;stage2_live_heating_medium_airflow;stage2_characterization;28;30;27.1;69.6;26.7;58;28.25;2982;0.4;11.6;-0.009499;1;65;140;60;normal;;-43;"firmware=bsf_fw_stage2_live_v1, test=live_media_characterization, duration_plan=5h, target_reference=28-30C, phase=stage2_live_heating_medium_airflow, safety=normal, heater_demand_pct=65.0, intake_pwm=140, exhaust_pwm=60, relay=ON, note=90-150 min heating with medium airflow; heater demand 65%; intake MEDIUM; exhaust LOW"
2026-07-08T20:30:05.307303+00:00;5645;stage2_characterization_01;2;stage2_live_heating_medium_airflow;stage2_characterization;28;30;27.1;69.6;26.6;58.2;28.19;2987;0.5;11.4;-0.001694;1;65;140;60;normal;;-41;"firmware=bsf_fw_stage2_live_v1, test=live_media_characterization, duration_plan=5h, target_reference=28-30C, phase=stage2_live_heating_medium_airflow, safety=normal, heater_demand_pct=65.0, intake_pwm=140, exhaust_pwm=60, relay=ON, note=90-150 min heating with medium airflow; heater demand 65%; intake MEDIUM; exhaust LOW"
2026-07-08T20:30:34.411551+00:00;5675;stage2_characterization_01;2;stage2_live_heating_medium_airflow;stage2_characterization;28;30;27;69.9;26.5;58.4;28.13;2977;0.5;11.5;-0.201874;1;65;140;60;normal;;-41;"firmware=bsf_fw_stage2_live_v1, test=live_media_characterization, duration_plan=5h, target_reference=28-30C, phase=stage2_live_heating_medium_airflow, safety=normal, heater_demand_pct=65.0, intake_pwm=140, exhaust_pwm=60, relay=ON, note=90-150 min heating with medium airflow; heater demand 65%; intake MEDIUM; exhaust LOW"
2026-07-08T20:31:04.208368+00:00;5705;stage2_characterization_01;2;stage2_live_heating_medium_airflow;stage2_characterization;28;30;27;69.9;26.5;58.5;28.19;2994;0.5;11.4;-0.110938;1;65;140;60;normal;;-41;"firmware=bsf_fw_stage2_live_v1, test=live_media_characterization, duration_plan=5h, target_reference=28-30C, phase=stage2_live_heating_medium_airflow, safety=normal, heater_demand_pct=65.0, intake_pwm=140, exhaust_pwm=60, relay=ON, note=90-150 min heating with medium airflow; heater demand 65%; intake MEDIUM; exhaust LOW"
2026-07-08T20:31:34.401377+00:00;5735;stage2_characterization_01;2;stage2_live_heating_medium_airflow;stage2_characterization;28;30;27;69.8;26.4;58.6;28.19;2973;0.6;11.2;-0.01973;1;65;140;60;normal;;-43;"firmware=bsf_fw_stage2_live_v1, test=live_media_characterization, duration_plan=5h, target_reference=28-30C, phase=stage2_live_heating_medium_airflow, safety=normal, heater_demand_pct=65.0, intake_pwm=140, exhaust_pwm=60, relay=ON, note=90-150 min heating with medium airflow; heater demand 65%; intake MEDIUM; exhaust LOW"
2026-07-08T20:32:04.021671+00:00;5765;stage2_characterization_01;2;stage2_live_heating_medium_airflow;stage2_characterization;28;30;27;69.7;26.3;58.9;28.13;2976;0.700001;10.8;-0.003525;1;65;140;60;normal;;-35;"firmware=bsf_fw_stage2_live_v1, test=live_media_characterization, duration_plan=5h, target_reference=28-30C, phase=stage2_live_heating_medium_airflow, safety=normal, heater_demand_pct=65.0, intake_pwm=140, exhaust_pwm=60, relay=ON, note=90-150 min heating with medium airflow; heater demand 65%; intake MEDIUM; exhaust LOW"
2026-07-08T20:32:34.229669+00:00;5795;stage2_characterization_01;2;stage2_live_heating_medium_airflow;stage2_characterization;28;30;27;69.9;26.3;59;28.13;2965;0.700001;10.9;0.074401;1;65;140;60;normal;;-35;"firmware=bsf_fw_stage2_live_v1, test=live_media_characterization, duration_plan=5h, target_reference=28-30C, phase=stage2_live_heating_medium_airflow, safety=normal, heater_demand_pct=65.0, intake_pwm=140, exhaust_pwm=60, relay=ON, note=90-150 min heating with medium airflow; heater demand 65%; intake MEDIUM; exhaust LOW"
2026-07-08T20:33:04.38086+00:00;5825;stage2_characterization_01;2;stage2_live_heating_medium_airflow;stage2_characterization;28;30;26.9;69.9;26.3;59.3;28.06;2973;0.6;10.6;-0.286709;1;65;140;60;normal;;-35;"firmware=bsf_fw_stage2_live_v1, test=live_media_characterization, duration_plan=5h, target_reference=28-30C, phase=stage2_live_heating_medium_airflow, safety=normal, heater_demand_pct=65.0, intake_pwm=140, exhaust_pwm=60, relay=ON, note=90-150 min heating with medium airflow; heater demand 65%; intake MEDIUM; exhaust LOW"
2026-07-08T20:33:33.6239+00:00;5855;stage2_characterization_01;2;stage2_live_heating_medium_airflow;stage2_characterization;28;30;26.9;69.9;26.4;59;28.06;2967;0.5;10.9;-0.051041;1;65;140;60;normal;;-35;"firmware=bsf_fw_stage2_live_v1, test=live_media_characterization, duration_plan=5h, target_reference=28-30C, phase=stage2_live_heating_medium_airflow, safety=normal, heater_demand_pct=65.0, intake_pwm=140, exhaust_pwm=60, relay=ON, note=90-150 min heating with medium airflow; heater demand 65%; intake MEDIUM; exhaust LOW"
2026-07-08T20:34:04.470147+00:00;5885;stage2_characterization_01;2;stage2_live_heating_medium_airflow;stage2_characterization;28;30;26.9;69.9;26.4;59;28.06;2960;0.5;10.9;-0.009087;1;65;140;60;normal;;-35;"firmware=bsf_fw_stage2_live_v1, test=live_media_characterization, duration_plan=5h, target_reference=28-30C, phase=stage2_live_heating_medium_airflow, safety=normal, heater_demand_pct=65.0, intake_pwm=140, exhaust_pwm=60, relay=ON, note=90-150 min heating with medium airflow; heater demand 65%; intake MEDIUM; exhaust LOW"
2026-07-08T20:34:35.179163+00:00;5915;stage2_characterization_01;2;stage2_live_heating_medium_airflow;stage2_characterization;28;30;26.9;70;26.4;59.4;28.06;2975;0.5;10.6;-0.001625;1;65;140;60;normal;;-35;"firmware=bsf_fw_stage2_live_v1, test=live_media_characterization, duration_plan=5h, target_reference=28-30C, phase=stage2_live_heating_medium_airflow, safety=normal, heater_demand_pct=65.0, intake_pwm=140, exhaust_pwm=60, relay=ON, note=90-150 min heating with medium airflow; heater demand 65%; intake MEDIUM; exhaust LOW"
2026-07-08T20:35:03.644581+00:00;5945;stage2_characterization_01;2;stage2_live_heating_medium_airflow;stage2_characterization;28;30;26.9;70;26.5;58.6;28.06;2967;0.4;11.4;-0.075279;1;65;140;60;normal;;-34;"firmware=bsf_fw_stage2_live_v1, test=live_media_characterization, duration_plan=5h, target_reference=28-30C, phase=stage2_live_heating_medium_airflow, safety=normal, heater_demand_pct=65.0, intake_pwm=140, exhaust_pwm=60, relay=ON, note=90-150 min heating with medium airflow; heater demand 65%; intake MEDIUM; exhaust LOW"
2026-07-08T20:35:34.005108+00:00;5975;stage2_characterization_01;2;stage2_live_heating_medium_airflow;stage2_characterization;28;30;27;69.8;26.5;58.7;28.06;2971;0.5;11.1;0.131607;1;65;140;60;normal;;-34;"firmware=bsf_fw_stage2_live_v1, test=live_media_characterization, duration_plan=5h, target_reference=28-30C, phase=stage2_live_heating_medium_airflow, safety=normal, heater_demand_pct=65.0, intake_pwm=140, exhaust_pwm=60, relay=ON, note=90-150 min heating with medium airflow; heater demand 65%; intake MEDIUM; exhaust LOW"
2026-07-08T20:36:03.607582+00:00;6005;stage2_characterization_01;2;stage2_live_heating_medium_airflow;stage2_characterization;28;30;27;69.8;26.5;59.1;28.13;2976;0.5;10.7;0.055069;1;65;140;60;normal;;-38;"firmware=bsf_fw_stage2_live_v1, test=live_media_characterization, duration_plan=5h, target_reference=28-30C, phase=stage2_live_heating_medium_airflow, safety=normal, heater_demand_pct=65.0, intake_pwm=140, exhaust_pwm=60, relay=ON, note=90-150 min heating with medium airflow; heater demand 65%; intake MEDIUM; exhaust LOW"
2026-07-08T20:36:34.433532+00:00;6035;stage2_characterization_01;2;stage2_live_heating_medium_airflow;stage2_characterization;28;30;27;69.9;26.5;58.7;28.13;2970;0.5;11.2;0.009796;1;65;140;60;normal;;-35;"firmware=bsf_fw_stage2_live_v1, test=live_media_characterization, duration_plan=5h, target_reference=28-30C, phase=stage2_live_heating_medium_airflow, safety=normal, heater_demand_pct=65.0, intake_pwm=140, exhaust_pwm=60, relay=ON, note=90-150 min heating with medium airflow; heater demand 65%; intake MEDIUM; exhaust LOW"
2026-07-08T20:37:04.542651+00:00;6065;stage2_characterization_01;2;stage2_live_heating_medium_airflow;stage2_characterization;28;30;27;69.9;26.5;58.6;28.13;2998;0.5;11.3;0.033378;1;65;140;60;normal;;-34;"firmware=bsf_fw_stage2_live_v1, test=live_media_characterization, duration_plan=5h, target_reference=28-30C, phase=stage2_live_heating_medium_airflow, safety=normal, heater_demand_pct=65.0, intake_pwm=140, exhaust_pwm=60, relay=ON, note=90-150 min heating with medium airflow; heater demand 65%; intake MEDIUM; exhaust LOW"
2026-07-08T20:37:33.958689+00:00;6095;stage2_characterization_01;2;stage2_live_heating_medium_airflow;stage2_characterization;28;30;26.9;69.8;26.4;58.9;28.06;3005;0.5;10.9;-0.237808;1;65;140;60;normal;;-34;"firmware=bsf_fw_stage2_live_v1, test=live_media_characterization, duration_plan=5h, target_reference=28-30C, phase=stage2_live_heating_medium_airflow, safety=normal, heater_demand_pct=65.0, intake_pwm=140, exhaust_pwm=60, relay=ON, note=90-150 min heating with medium airflow; heater demand 65%; intake MEDIUM; exhaust LOW"
2026-07-08T20:38:04.048554+00:00;6125;stage2_characterization_01;2;stage2_live_heating_medium_airflow;stage2_characterization;28;30;26.9;69.7;26.4;58.9;28;3023;0.5;10.8;-0.108238;1;65;140;60;normal;;-35;"firmware=bsf_fw_stage2_live_v1, test=live_media_characterization, duration_plan=5h, target_reference=28-30C, phase=stage2_live_heating_medium_airflow, safety=normal, heater_demand_pct=65.0, intake_pwm=140, exhaust_pwm=60, relay=ON, note=90-150 min heating with medium airflow; heater demand 65%; intake MEDIUM; exhaust LOW"
2026-07-08T20:38:34.450438+00:00;6155;stage2_characterization_01;2;stage2_live_heating_medium_airflow;stage2_characterization;28;30;26.9;69.5;26.4;59;27.94;3011;0.5;10.5;-0.019268;1;65;140;60;normal;;-35;"firmware=bsf_fw_stage2_live_v1, test=live_media_characterization, duration_plan=5h, target_reference=28-30C, phase=stage2_live_heating_medium_airflow, safety=normal, heater_demand_pct=65.0, intake_pwm=140, exhaust_pwm=60, relay=ON, note=90-150 min heating with medium airflow; heater demand 65%; intake MEDIUM; exhaust LOW"
2026-07-08T20:39:04.471296+00:00;6185;stage2_characterization_01;2;stage2_live_heating_medium_airflow;stage2_characterization;28;30;26.9;69.6;26.3;59.1;27.94;3021;0.6;10.5;-0.003433;1;65;140;60;normal;;-36;"firmware=bsf_fw_stage2_live_v1, test=live_media_characterization, duration_plan=5h, target_reference=28-30C, phase=stage2_live_heating_medium_airflow, safety=normal, heater_demand_pct=65.0, intake_pwm=140, exhaust_pwm=60, relay=ON, note=90-150 min heating with medium airflow; heater demand 65%; intake MEDIUM; exhaust LOW"
2026-07-08T20:39:34.814427+00:00;6215;stage2_characterization_01;2;stage2_live_heating_medium_airflow;stage2_characterization;28;30;26.9;69.8;26.3;59.1;27.94;3008;0.6;10.7;-0.000618;1;65;140;60;normal;;-34;"firmware=bsf_fw_stage2_live_v1, test=live_media_characterization, duration_plan=5h, target_reference=28-30C, phase=stage2_live_heating_medium_airflow, safety=normal, heater_demand_pct=65.0, intake_pwm=140, exhaust_pwm=60, relay=ON, note=90-150 min heating with medium airflow; heater demand 65%; intake MEDIUM; exhaust LOW"
2026-07-08T20:40:04.251998+00:00;6245;stage2_characterization_01;2;stage2_live_heating_medium_airflow;stage2_characterization;28;30;26.9;69.6;26.2;59.2;27.94;3017;0.699999;10.4;-0.000114;1;65;140;60;normal;;-35;"firmware=bsf_fw_stage2_live_v1, test=live_media_characterization, duration_plan=5h, target_reference=28-30C, phase=stage2_live_heating_medium_airflow, safety=normal, heater_demand_pct=65.0, intake_pwm=140, exhaust_pwm=60, relay=ON, note=90-150 min heating with medium airflow; heater demand 65%; intake MEDIUM; exhaust LOW"
2026-07-08T20:40:34.027358+00:00;6275;stage2_characterization_01;2;stage2_live_heating_medium_airflow;stage2_characterization;28;30;26.9;69.7;26.2;59.4;27.88;3019;0.699999;10.3;-0.000023;1;65;140;60;normal;;-35;"firmware=bsf_fw_stage2_live_v1, test=live_media_characterization, duration_plan=5h, target_reference=28-30C, phase=stage2_live_heating_medium_airflow, safety=normal, heater_demand_pct=65.0, intake_pwm=140, exhaust_pwm=60, relay=ON, note=90-150 min heating with medium airflow; heater demand 65%; intake MEDIUM; exhaust LOW"
2026-07-08T20:41:04.793556+00:00;6305;stage2_characterization_01;2;stage2_live_heating_medium_airflow;stage2_characterization;28;30;26.9;69.6;26.2;59.1;27.81;3021;0.699999;10.5;0;1;65;140;60;normal;;-33;"firmware=bsf_fw_stage2_live_v1, test=live_media_characterization, duration_plan=5h, target_reference=28-30C, phase=stage2_live_heating_medium_airflow, safety=normal, heater_demand_pct=65.0, intake_pwm=140, exhaust_pwm=60, relay=ON, note=90-150 min heating with medium airflow; heater demand 65%; intake MEDIUM; exhaust LOW"
2026-07-08T20:41:34.805071+00:00;6335;stage2_characterization_01;2;stage2_live_heating_medium_airflow;stage2_characterization;28;30;26.9;69.4;26.2;59.1;27.63;3013;0.699999;10.3;0;1;65;140;60;normal;;-34;"firmware=bsf_fw_stage2_live_v1, test=live_media_characterization, duration_plan=5h, target_reference=28-30C, phase=stage2_live_heating_medium_airflow, safety=normal, heater_demand_pct=65.0, intake_pwm=140, exhaust_pwm=60, relay=ON, note=90-150 min heating with medium airflow; heater demand 65%; intake MEDIUM; exhaust LOW"
2026-07-08T20:42:04.453593+00:00;6365;stage2_characterization_01;2;stage2_live_heating_medium_airflow;stage2_characterization;28;30;26.9;69.4;26.2;58.4;27.56;3009;0.699999;11;0;1;65;140;60;normal;;-34;"firmware=bsf_fw_stage2_live_v1, test=live_media_characterization, duration_plan=5h, target_reference=28-30C, phase=stage2_live_heating_medium_airflow, safety=normal, heater_demand_pct=65.0, intake_pwm=140, exhaust_pwm=60, relay=ON, note=90-150 min heating with medium airflow; heater demand 65%; intake MEDIUM; exhaust LOW"
2026-07-08T20:42:34.467589+00:00;6395;stage2_characterization_01;2;stage2_live_heating_medium_airflow;stage2_characterization;28;30;26.8;69.1;26.3;58.2;27.5;2983;0.5;10.9;-0.300018;1;65;140;60;normal;;-33;"firmware=bsf_fw_stage2_live_v1, test=live_media_characterization, duration_plan=5h, target_reference=28-30C, phase=stage2_live_heating_medium_airflow, safety=normal, heater_demand_pct=65.0, intake_pwm=140, exhaust_pwm=60, relay=ON, note=90-150 min heating with medium airflow; heater demand 65%; intake MEDIUM; exhaust LOW"
2026-07-08T20:43:04.34659+00:00;6425;stage2_characterization_01;2;stage2_live_heating_medium_airflow;stage2_characterization;28;30;26.8;68.9;26.3;58.2;27.5;2986;0.5;10.7;-0.202217;1;65;140;60;normal;;-34;"firmware=bsf_fw_stage2_live_v1, test=live_media_characterization, duration_plan=5h, target_reference=28-30C, phase=stage2_live_heating_medium_airflow, safety=normal, heater_demand_pct=65.0, intake_pwm=140, exhaust_pwm=60, relay=ON, note=90-150 min heating with medium airflow; heater demand 65%; intake MEDIUM; exhaust LOW"
2026-07-08T20:43:34.431135+00:00;6455;stage2_characterization_01;2;stage2_live_heating_medium_airflow;stage2_characterization;28;30;26.9;68.9;26.2;58.5;27.5;2965;0.699999;10.4;0.15239;1;65;140;60;normal;;-35;"firmware=bsf_fw_stage2_live_v1, test=live_media_characterization, duration_plan=5h, target_reference=28-30C, phase=stage2_live_heating_medium_airflow, safety=normal, heater_demand_pct=65.0, intake_pwm=140, exhaust_pwm=60, relay=ON, note=90-150 min heating with medium airflow; heater demand 65%; intake MEDIUM; exhaust LOW"
2026-07-08T20:44:04.360327+00:00;6485;stage2_characterization_01;2;stage2_live_heating_medium_airflow;stage2_characterization;28;30;26.9;69.1;26.3;58.6;27.56;2994;0.6;10.5;0.157494;1;65;140;60;normal;;-35;"firmware=bsf_fw_stage2_live_v1, test=live_media_characterization, duration_plan=5h, target_reference=28-30C, phase=stage2_live_heating_medium_airflow, safety=normal, heater_demand_pct=65.0, intake_pwm=140, exhaust_pwm=60, relay=ON, note=90-150 min heating with medium airflow; heater demand 65%; intake MEDIUM; exhaust LOW"
2026-07-08T20:44:34.065678+00:00;6515;stage2_characterization_01;2;stage2_live_heating_medium_airflow;stage2_characterization;28;30;26.9;69.1;26.4;58.7;27.56;2969;0.5;10.4;0.158112;1;65;140;60;normal;;-35;"firmware=bsf_fw_stage2_live_v1, test=live_media_characterization, duration_plan=5h, target_reference=28-30C, phase=stage2_live_heating_medium_airflow, safety=normal, heater_demand_pct=65.0, intake_pwm=140, exhaust_pwm=60, relay=ON, note=90-150 min heating with medium airflow; heater demand 65%; intake MEDIUM; exhaust LOW"
2026-07-08T20:45:03.615116+00:00;6545;stage2_characterization_01;2;stage2_live_heating_medium_airflow;stage2_characterization;28;30;26.9;69.2;26.4;58.5;27.63;2990;0.5;10.7;0.051865;1;65;140;60;normal;;-34;"firmware=bsf_fw_stage2_live_v1, test=live_media_characterization, duration_plan=5h, target_reference=28-30C, phase=stage2_live_heating_medium_airflow, safety=normal, heater_demand_pct=65.0, intake_pwm=140, exhaust_pwm=60, relay=ON, note=90-150 min heating with medium airflow; heater demand 65%; intake MEDIUM; exhaust LOW"
2026-07-08T20:45:34.040557+00:00;6575;stage2_characterization_01;2;stage2_live_heating_medium_airflow;stage2_characterization;28;30;26.9;69.2;26.4;58.8;27.63;2986;0.5;10.4;0.009224;1;65;140;60;normal;;-35;"firmware=bsf_fw_stage2_live_v1, test=live_media_characterization, duration_plan=5h, target_reference=28-30C, phase=stage2_live_heating_medium_airflow, safety=normal, heater_demand_pct=65.0, intake_pwm=140, exhaust_pwm=60, relay=ON, note=90-150 min heating with medium airflow; heater demand 65%; intake MEDIUM; exhaust LOW"
2026-07-08T20:46:04.42775+00:00;6605;stage2_characterization_01;2;stage2_live_heating_medium_airflow;stage2_characterization;28;30;26.9;69.2;26.4;58.4;27.63;2992;0.5;10.8;0.001648;1;65;140;60;normal;;-35;"firmware=bsf_fw_stage2_live_v1, test=live_media_characterization, duration_plan=5h, target_reference=28-30C, phase=stage2_live_heating_medium_airflow, safety=normal, heater_demand_pct=65.0, intake_pwm=140, exhaust_pwm=60, relay=ON, note=90-150 min heating with medium airflow; heater demand 65%; intake MEDIUM; exhaust LOW"
2026-07-08T20:46:34.412524+00:00;6635;stage2_characterization_01;2;stage2_live_heating_medium_airflow;stage2_characterization;28;30;26.9;69.2;26.3;59.2;27.56;2992;0.6;9.999996;0.000298;1;65;140;60;normal;;-36;"firmware=bsf_fw_stage2_live_v1, test=live_media_characterization, duration_plan=5h, target_reference=28-30C, phase=stage2_live_heating_medium_airflow, safety=normal, heater_demand_pct=65.0, intake_pwm=140, exhaust_pwm=60, relay=ON, note=90-150 min heating with medium airflow; heater demand 65%; intake MEDIUM; exhaust LOW"
2026-07-08T20:47:04.452526+00:00;6665;stage2_characterization_01;2;stage2_live_heating_medium_airflow;stage2_characterization;28;30;26.9;69.8;26.4;60;27.63;3002;0.5;9.800003;0.000069;1;65;140;60;normal;;-36;"firmware=bsf_fw_stage2_live_v1, test=live_media_characterization, duration_plan=5h, target_reference=28-30C, phase=stage2_live_heating_medium_airflow, safety=normal, heater_demand_pct=65.0, intake_pwm=140, exhaust_pwm=60, relay=ON, note=90-150 min heating with medium airflow; heater demand 65%; intake MEDIUM; exhaust LOW"
2026-07-08T20:47:34.772257+00:00;6695;stage2_characterization_01;2;stage2_live_heating_medium_airflow;stage2_characterization;28;30;26.9;70.1;26.5;59.9;27.63;2991;0.4;10.2;0;1;65;140;60;normal;;-35;"firmware=bsf_fw_stage2_live_v1, test=live_media_characterization, duration_plan=5h, target_reference=28-30C, phase=stage2_live_heating_medium_airflow, safety=normal, heater_demand_pct=65.0, intake_pwm=140, exhaust_pwm=60, relay=ON, note=90-150 min heating with medium airflow; heater demand 65%; intake MEDIUM; exhaust LOW"
2026-07-08T20:48:04.06877+00:00;6725;stage2_characterization_01;2;stage2_live_heating_medium_airflow;stage2_characterization;28;30;26.9;70;26.7;59.5;27.63;2976;0.199999;10.5;0;1;65;140;60;normal;;-35;"firmware=bsf_fw_stage2_live_v1, test=live_media_characterization, duration_plan=5h, target_reference=28-30C, phase=stage2_live_heating_medium_airflow, safety=normal, heater_demand_pct=65.0, intake_pwm=140, exhaust_pwm=60, relay=ON, note=90-150 min heating with medium airflow; heater demand 65%; intake MEDIUM; exhaust LOW"
2026-07-08T20:48:34.028811+00:00;6755;stage2_characterization_01;2;stage2_live_heating_medium_airflow;stage2_characterization;28;30;26.9;69.9;26.7;59;27.63;2986;0.199999;10.9;0;1;65;140;60;normal;;-34;"firmware=bsf_fw_stage2_live_v1, test=live_media_characterization, duration_plan=5h, target_reference=28-30C, phase=stage2_live_heating_medium_airflow, safety=normal, heater_demand_pct=65.0, intake_pwm=140, exhaust_pwm=60, relay=ON, note=90-150 min heating with medium airflow; heater demand 65%; intake MEDIUM; exhaust LOW"
2026-07-08T20:49:04.00411+00:00;6785;stage2_characterization_01;2;stage2_live_heating_medium_airflow;stage2_characterization;28;30;26.9;69.8;26.8;58;27.63;2993;0.1;11.8;-0.075005;1;65;140;60;normal;;-36;"firmware=bsf_fw_stage2_live_v1, test=live_media_characterization, duration_plan=5h, target_reference=28-30C, phase=stage2_live_heating_medium_airflow, safety=normal, heater_demand_pct=65.0, intake_pwm=140, exhaust_pwm=60, relay=ON, note=90-150 min heating with medium airflow; heater demand 65%; intake MEDIUM; exhaust LOW"
2026-07-08T20:49:34.115231+00:00;6815;stage2_characterization_01;2;stage2_live_heating_medium_airflow;stage2_characterization;28;30;27;69.3;26.7;58.3;27.5;3005;0.299999;11;0.211647;1;65;140;60;normal;;-35;"firmware=bsf_fw_stage2_live_v1, test=live_media_characterization, duration_plan=5h, target_reference=28-30C, phase=stage2_live_heating_medium_airflow, safety=normal, heater_demand_pct=65.0, intake_pwm=140, exhaust_pwm=60, relay=ON, note=90-150 min heating with medium airflow; heater demand 65%; intake MEDIUM; exhaust LOW"
2026-07-08T20:50:04.005468+00:00;6845;stage2_characterization_01;2;stage2_live_heating_medium_airflow;stage2_characterization;28;30;27;69.3;26.7;57.7;27.5;3006;0.299999;11.6;0.037674;1;65;140;60;normal;;-35;"firmware=bsf_fw_stage2_live_v1, test=live_media_characterization, duration_plan=5h, target_reference=28-30C, phase=stage2_live_heating_medium_airflow, safety=normal, heater_demand_pct=65.0, intake_pwm=140, exhaust_pwm=60, relay=ON, note=90-150 min heating with medium airflow; heater demand 65%; intake MEDIUM; exhaust LOW"
2026-07-08T20:50:33.61462+00:00;6875;stage2_characterization_01;2;stage2_live_heating_medium_airflow;stage2_characterization;28;30;27;69.1;26.6;58;27.44;3022;0.4;11.1;0.062943;1;65;140;60;normal;;-34;"firmware=bsf_fw_stage2_live_v1, test=live_media_characterization, duration_plan=5h, target_reference=28-30C, phase=stage2_live_heating_medium_airflow, safety=normal, heater_demand_pct=65.0, intake_pwm=140, exhaust_pwm=60, relay=ON, note=90-150 min heating with medium airflow; heater demand 65%; intake MEDIUM; exhaust LOW"
2026-07-08T20:51:03.694719+00:00;6905;stage2_characterization_01;2;stage2_live_heating_medium_airflow;stage2_characterization;28;30;27;69;26.5;58.3;27.44;2990;0.5;10.7;0.053398;1;65;140;60;normal;;-35;"firmware=bsf_fw_stage2_live_v1, test=live_media_characterization, duration_plan=5h, target_reference=28-30C, phase=stage2_live_heating_medium_airflow, safety=normal, heater_demand_pct=65.0, intake_pwm=140, exhaust_pwm=60, relay=ON, note=90-150 min heating with medium airflow; heater demand 65%; intake MEDIUM; exhaust LOW"
2026-07-08T20:51:33.893776+00:00;6935;stage2_characterization_01;2;stage2_live_heating_medium_airflow;stage2_characterization;28;30;26.9;69.1;26.4;58.6;27.44;2974;0.5;10.5;-0.183751;1;65;140;60;normal;;-35;"firmware=bsf_fw_stage2_live_v1, test=live_media_characterization, duration_plan=5h, target_reference=28-30C, phase=stage2_live_heating_medium_airflow, safety=normal, heater_demand_pct=65.0, intake_pwm=140, exhaust_pwm=60, relay=ON, note=90-150 min heating with medium airflow; heater demand 65%; intake MEDIUM; exhaust LOW"
2026-07-08T20:52:04.48094+00:00;6965;stage2_characterization_01;2;stage2_live_heating_medium_airflow;stage2_characterization;28;30;26.9;69;26.3;59.6;27.44;2961;0.6;9.400002;-0.03273;1;65;140;60;normal;;-40;"firmware=bsf_fw_stage2_live_v1, test=live_media_characterization, duration_plan=5h, target_reference=28-30C, phase=stage2_live_heating_medium_airflow, safety=normal, heater_demand_pct=65.0, intake_pwm=140, exhaust_pwm=60, relay=ON, note=90-150 min heating with medium airflow; heater demand 65%; intake MEDIUM; exhaust LOW"
2026-07-08T20:52:33.646043+00:00;6995;stage2_characterization_01;2;stage2_live_heating_medium_airflow;stage2_characterization;28;30;26.9;69.4;26.4;59.4;27.44;2961;0.5;10;-0.005836;1;65;140;60;normal;;-39;"firmware=bsf_fw_stage2_live_v1, test=live_media_characterization, duration_plan=5h, target_reference=28-30C, phase=stage2_live_heating_medium_airflow, safety=normal, heater_demand_pct=65.0, intake_pwm=140, exhaust_pwm=60, relay=ON, note=90-150 min heating with medium airflow; heater demand 65%; intake MEDIUM; exhaust LOW"
2026-07-08T20:53:04.036512+00:00;7025;stage2_characterization_01;2;stage2_live_heating_medium_airflow;stage2_characterization;28;30;26.9;69.5;26.4;59;27.5;2987;0.5;10.5;-0.001029;1;65;140;60;normal;;-39;"firmware=bsf_fw_stage2_live_v1, test=live_media_characterization, duration_plan=5h, target_reference=28-30C, phase=stage2_live_heating_medium_airflow, safety=normal, heater_demand_pct=65.0, intake_pwm=140, exhaust_pwm=60, relay=ON, note=90-150 min heating with medium airflow; heater demand 65%; intake MEDIUM; exhaust LOW"
2026-07-08T20:53:33.83503+00:00;7055;stage2_characterization_01;2;stage2_live_heating_medium_airflow;stage2_characterization;28;30;26.9;69.3;26.4;58.9;27.5;2978;0.5;10.4;-0.000183;1;65;140;60;normal;;-38;"firmware=bsf_fw_stage2_live_v1, test=live_media_characterization, duration_plan=5h, target_reference=28-30C, phase=stage2_live_heating_medium_airflow, safety=normal, heater_demand_pct=65.0, intake_pwm=140, exhaust_pwm=60, relay=ON, note=90-150 min heating with medium airflow; heater demand 65%; intake MEDIUM; exhaust LOW"
2026-07-08T20:54:04.467039+00:00;7085;stage2_characterization_01;2;stage2_live_heating_medium_airflow;stage2_characterization;28;30;26.9;69.2;26.4;58.9;27.56;2991;0.5;10.3;-0.000023;1;65;140;60;normal;;-40;"firmware=bsf_fw_stage2_live_v1, test=live_media_characterization, duration_plan=5h, target_reference=28-30C, phase=stage2_live_heating_medium_airflow, safety=normal, heater_demand_pct=65.0, intake_pwm=140, exhaust_pwm=60, relay=ON, note=90-150 min heating with medium airflow; heater demand 65%; intake MEDIUM; exhaust LOW"
2026-07-08T20:54:34.025224+00:00;7115;stage2_characterization_01;2;stage2_live_heating_medium_airflow;stage2_characterization;28;30;26.9;69.3;26.4;58.8;27.5;3009;0.5;10.5;0;1;65;140;60;normal;;-38;"firmware=bsf_fw_stage2_live_v1, test=live_media_characterization, duration_plan=5h, target_reference=28-30C, phase=stage2_live_heating_medium_airflow, safety=normal, heater_demand_pct=65.0, intake_pwm=140, exhaust_pwm=60, relay=ON, note=90-150 min heating with medium airflow; heater demand 65%; intake MEDIUM; exhaust LOW"
2026-07-08T20:55:04.076561+00:00;7145;stage2_characterization_01;2;stage2_live_heating_medium_airflow;stage2_characterization;28;30;26.9;69.2;26.4;59.3;27.5;2999;0.5;9.899998;0;1;65;140;60;normal;;-40;"firmware=bsf_fw_stage2_live_v1, test=live_media_characterization, duration_plan=5h, target_reference=28-30C, phase=stage2_live_heating_medium_airflow, safety=normal, heater_demand_pct=65.0, intake_pwm=140, exhaust_pwm=60, relay=ON, note=90-150 min heating with medium airflow; heater demand 65%; intake MEDIUM; exhaust LOW"
2026-07-08T20:55:34.494246+00:00;7175;stage2_characterization_01;2;stage2_live_heating_medium_airflow;stage2_characterization;28;30;26.9;69.6;26.5;59.7;27.44;3004;0.4;9.899998;0;1;65;140;60;normal;;-38;"firmware=bsf_fw_stage2_live_v1, test=live_media_characterization, duration_plan=5h, target_reference=28-30C, phase=stage2_live_heating_medium_airflow, safety=normal, heater_demand_pct=65.0, intake_pwm=140, exhaust_pwm=60, relay=ON, note=90-150 min heating with medium airflow; heater demand 65%; intake MEDIUM; exhaust LOW"
2026-07-08T20:56:04.411768+00:00;7205;stage2_characterization_01;2;stage2_live_heating_medium_airflow;stage2_characterization;28;30;26.9;69.5;26.6;58.5;27.5;3023;0.299999;11;0;1;65;140;60;normal;;-38;"firmware=bsf_fw_stage2_live_v1, test=live_media_characterization, duration_plan=5h, target_reference=28-30C, phase=stage2_live_heating_medium_airflow, safety=normal, heater_demand_pct=65.0, intake_pwm=140, exhaust_pwm=60, relay=ON, note=90-150 min heating with medium airflow; heater demand 65%; intake MEDIUM; exhaust LOW"
2026-07-08T20:56:34.02784+00:00;7235;stage2_characterization_01;2;stage2_live_heating_medium_airflow;stage2_characterization;28;30;26.9;69.3;26.5;58.6;27.44;2991;0.4;10.7;0;1;65;140;60;normal;;-40;"firmware=bsf_fw_stage2_live_v1, test=live_media_characterization, duration_plan=5h, target_reference=28-30C, phase=stage2_live_heating_medium_airflow, safety=normal, heater_demand_pct=65.0, intake_pwm=140, exhaust_pwm=60, relay=ON, note=90-150 min heating with medium airflow; heater demand 65%; intake MEDIUM; exhaust LOW"
2026-07-08T20:57:04.817604+00:00;7265;stage2_characterization_01;2;stage2_live_heating_medium_airflow;stage2_characterization;28;30;26.9;69;26.5;58.2;27.38;3012;0.4;10.8;-0.154976;1;65;140;60;normal;;-38;"firmware=bsf_fw_stage2_live_v1, test=live_media_characterization, duration_plan=5h, target_reference=28-30C, phase=stage2_live_heating_medium_airflow, safety=normal, heater_demand_pct=65.0, intake_pwm=140, exhaust_pwm=60, relay=ON, note=90-150 min heating with medium airflow; heater demand 65%; intake MEDIUM; exhaust LOW"
2026-07-08T20:57:34.49952+00:00;7295;stage2_characterization_01;2;stage2_live_heating_medium_airflow;stage2_characterization;28;30;26.9;68.8;26.4;58;27.31;3006;0.5;10.8;-0.102585;1;65;140;60;normal;;-42;"firmware=bsf_fw_stage2_live_v1, test=live_media_characterization, duration_plan=5h, target_reference=28-30C, phase=stage2_live_heating_medium_airflow, safety=normal, heater_demand_pct=65.0, intake_pwm=140, exhaust_pwm=60, relay=ON, note=90-150 min heating with medium airflow; heater demand 65%; intake MEDIUM; exhaust LOW"
2026-07-08T20:58:04.407987+00:00;7325;stage2_characterization_01;2;stage2_live_heating_medium_airflow;stage2_characterization;28;30;26.9;68.7;26.4;58.2;27.25;2992;0.5;10.5;-0.018265;1;65;140;60;normal;;-38;"firmware=bsf_fw_stage2_live_v1, test=live_media_characterization, duration_plan=5h, target_reference=28-30C, phase=stage2_live_heating_medium_airflow, safety=normal, heater_demand_pct=65.0, intake_pwm=140, exhaust_pwm=60, relay=ON, note=90-150 min heating with medium airflow; heater demand 65%; intake MEDIUM; exhaust LOW"
2026-07-08T20:58:34.470465+00:00;7355;stage2_characterization_01;2;stage2_live_heating_medium_airflow;stage2_characterization;28;30;26.9;68.6;26.4;58.2;27.19;2999;0.5;10.4;-0.133324;1;65;140;60;normal;;-40;"firmware=bsf_fw_stage2_live_v1, test=live_media_characterization, duration_plan=5h, target_reference=28-30C, phase=stage2_live_heating_medium_airflow, safety=normal, heater_demand_pct=65.0, intake_pwm=140, exhaust_pwm=60, relay=ON, note=90-150 min heating with medium airflow; heater demand 65%; intake MEDIUM; exhaust LOW"
2026-07-08T20:59:04.052606+00:00;7385;stage2_characterization_01;2;stage2_live_heating_medium_airflow;stage2_characterization;28;30;26.9;68.5;26.4;58.1;27.19;2999;0.5;10.4;-0.098717;1;65;140;60;normal;;-39;"firmware=bsf_fw_stage2_live_v1, test=live_media_characterization, duration_plan=5h, target_reference=28-30C, phase=stage2_live_heating_medium_airflow, safety=normal, heater_demand_pct=65.0, intake_pwm=140, exhaust_pwm=60, relay=ON, note=90-150 min heating with medium airflow; heater demand 65%; intake MEDIUM; exhaust LOW"
2026-07-08T20:59:34.007769+00:00;7415;stage2_characterization_01;2;stage2_live_heating_medium_airflow;stage2_characterization;28;30;26.9;68.6;26.5;58;27.19;2971;0.4;10.6;-0.017578;1;65;140;60;normal;;-39;"firmware=bsf_fw_stage2_live_v1, test=live_media_characterization, duration_plan=5h, target_reference=28-30C, phase=stage2_live_heating_medium_airflow, safety=normal, heater_demand_pct=65.0, intake_pwm=140, exhaust_pwm=60, relay=ON, note=90-150 min heating with medium airflow; heater demand 65%; intake MEDIUM; exhaust LOW"
2026-07-08T21:00:03.659448+00:00;7445;stage2_characterization_01;2;stage2_live_heating_medium_airflow;stage2_characterization;28;30;26.9;68.4;26.5;58;27.31;2974;0.4;10.4;-0.101555;1;65;140;60;normal;;-38;"firmware=bsf_fw_stage2_live_v1, test=live_media_characterization, duration_plan=5h, target_reference=28-30C, phase=stage2_live_heating_medium_airflow, safety=normal, heater_demand_pct=65.0, intake_pwm=140, exhaust_pwm=60, relay=ON, note=90-150 min heating with medium airflow; heater demand 65%; intake MEDIUM; exhaust LOW"
2026-07-08T21:00:34.906148+00:00;7475;stage2_characterization_01;2;stage2_live_heating_medium_airflow;stage2_characterization;28;30;26.9;68.5;26.5;58.1;27.31;2982;0.4;10.4;-0.124718;1;65;140;60;normal;;-38;"firmware=bsf_fw_stage2_live_v1, test=live_media_characterization, duration_plan=5h, target_reference=28-30C, phase=stage2_live_heating_medium_airflow, safety=normal, heater_demand_pct=65.0, intake_pwm=140, exhaust_pwm=60, relay=ON, note=90-150 min heating with medium airflow; heater demand 65%; intake MEDIUM; exhaust LOW"
2026-07-08T21:01:04.822326+00:00;7505;stage2_characterization_01;2;stage2_live_heating_medium_airflow;stage2_characterization;28;30;27;68.6;26.6;57.4;27.31;2957;0.4;11.2;0.072724;1;65;140;60;normal;;-38;"firmware=bsf_fw_stage2_live_v1, test=live_media_characterization, duration_plan=5h, target_reference=28-30C, phase=stage2_live_heating_medium_airflow, safety=normal, heater_demand_pct=65.0, intake_pwm=140, exhaust_pwm=60, relay=ON, note=90-150 min heating with medium airflow; heater demand 65%; intake MEDIUM; exhaust LOW"
2026-07-08T21:01:34.393807+00:00;7535;stage2_characterization_01;2;stage2_live_heating_medium_airflow;stage2_characterization;28;30;27;68.3;26.6;58.3;27.25;2960;0.4;10;0.012955;1;65;140;60;normal;;-38;"firmware=bsf_fw_stage2_live_v1, test=live_media_characterization, duration_plan=5h, target_reference=28-30C, phase=stage2_live_heating_medium_airflow, safety=normal, heater_demand_pct=65.0, intake_pwm=140, exhaust_pwm=60, relay=ON, note=90-150 min heating with medium airflow; heater demand 65%; intake MEDIUM; exhaust LOW"
2026-07-08T21:02:03.678542+00:00;7565;stage2_characterization_01;2;stage2_live_heating_medium_airflow;stage2_characterization;28;30;27;68.7;26.6;57.8;27.38;2993;0.4;10.9;0.002312;1;65;140;60;normal;;-38;"firmware=bsf_fw_stage2_live_v1, test=live_media_characterization, duration_plan=5h, target_reference=28-30C, phase=stage2_live_heating_medium_airflow, safety=normal, heater_demand_pct=65.0, intake_pwm=140, exhaust_pwm=60, relay=ON, note=90-150 min heating with medium airflow; heater demand 65%; intake MEDIUM; exhaust LOW"
2026-07-08T21:02:34.04296+00:00;7595;stage2_characterization_01;2;stage2_live_heating_medium_airflow;stage2_characterization;28;30;27;68.4;26.6;58.8;27.31;2992;0.4;9.600002;0.000412;1;65;140;60;normal;;-40;"firmware=bsf_fw_stage2_live_v1, test=live_media_characterization, duration_plan=5h, target_reference=28-30C, phase=stage2_live_heating_medium_airflow, safety=normal, heater_demand_pct=65.0, intake_pwm=140, exhaust_pwm=60, relay=ON, note=90-150 min heating with medium airflow; heater demand 65%; intake MEDIUM; exhaust LOW"
2026-07-08T21:03:04.454963+00:00;7625;stage2_characterization_01;2;stage2_live_heating_medium_airflow;stage2_characterization;28;30;27;68.9;26.7;58.6;27.31;2987;0.299999;10.3;0.000069;1;65;140;60;normal;;-39;"firmware=bsf_fw_stage2_live_v1, test=live_media_characterization, duration_plan=5h, target_reference=28-30C, phase=stage2_live_heating_medium_airflow, safety=normal, heater_demand_pct=65.0, intake_pwm=140, exhaust_pwm=60, relay=ON, note=90-150 min heating with medium airflow; heater demand 65%; intake MEDIUM; exhaust LOW"
2026-07-08T21:03:34.513983+00:00;7655;stage2_characterization_01;2;stage2_live_heating_medium_airflow;stage2_characterization;28;30;27;68.5;26.9;57.8;27.31;2991;0.1;10.7;0;1;65;140;60;normal;;-41;"firmware=bsf_fw_stage2_live_v1, test=live_media_characterization, duration_plan=5h, target_reference=28-30C, phase=stage2_live_heating_medium_airflow, safety=normal, heater_demand_pct=65.0, intake_pwm=140, exhaust_pwm=60, relay=ON, note=90-150 min heating with medium airflow; heater demand 65%; intake MEDIUM; exhaust LOW"
2026-07-08T21:04:04.457735+00:00;7685;stage2_characterization_01;2;stage2_live_heating_medium_airflow;stage2_characterization;28;30;27;68.4;26.9;57.7;27.38;2979;0.1;10.7;0;1;65;140;60;normal;;-39;"firmware=bsf_fw_stage2_live_v1, test=live_media_characterization, duration_plan=5h, target_reference=28-30C, phase=stage2_live_heating_medium_airflow, safety=normal, heater_demand_pct=65.0, intake_pwm=140, exhaust_pwm=60, relay=ON, note=90-150 min heating with medium airflow; heater demand 65%; intake MEDIUM; exhaust LOW"
2026-07-08T21:04:34.045271+00:00;7715;stage2_characterization_01;2;stage2_live_heating_medium_airflow;stage2_characterization;28;30;27;68.4;26.9;57.2;27.31;2967;0.1;11.2;0;1;65;140;60;normal;;-39;"firmware=bsf_fw_stage2_live_v1, test=live_media_characterization, duration_plan=5h, target_reference=28-30C, phase=stage2_live_heating_medium_airflow, safety=normal, heater_demand_pct=65.0, intake_pwm=140, exhaust_pwm=60, relay=ON, note=90-150 min heating with medium airflow; heater demand 65%; intake MEDIUM; exhaust LOW"
2026-07-08T21:05:04.78093+00:00;7745;stage2_characterization_01;2;stage2_live_heating_medium_airflow;stage2_characterization;28;30;27;68.1;26.8;57;27.31;2990;0.200001;11.1;0;1;65;140;60;normal;;-37;"firmware=bsf_fw_stage2_live_v1, test=live_media_characterization, duration_plan=5h, target_reference=28-30C, phase=stage2_live_heating_medium_airflow, safety=normal, heater_demand_pct=65.0, intake_pwm=140, exhaust_pwm=60, relay=ON, note=90-150 min heating with medium airflow; heater demand 65%; intake MEDIUM; exhaust LOW"
2026-07-08T21:05:34.435951+00:00;7775;stage2_characterization_01;2;stage2_live_heating_medium_airflow;stage2_characterization;28;30;27;67.9;26.8;57.2;27.31;2962;0.200001;10.7;0;1;65;140;60;normal;;-39;"firmware=bsf_fw_stage2_live_v1, test=live_media_characterization, duration_plan=5h, target_reference=28-30C, phase=stage2_live_heating_medium_airflow, safety=normal, heater_demand_pct=65.0, intake_pwm=140, exhaust_pwm=60, relay=ON, note=90-150 min heating with medium airflow; heater demand 65%; intake MEDIUM; exhaust LOW"
2026-07-08T21:06:04.442128+00:00;7805;stage2_characterization_01;2;stage2_live_heating_medium_airflow;stage2_characterization;28;30;27.1;67.9;26.7;57;27.31;2996;0.4;10.9;0.182771;1;65;140;60;normal;;-38;"firmware=bsf_fw_stage2_live_v1, test=live_media_characterization, duration_plan=5h, target_reference=28-30C, phase=stage2_live_heating_medium_airflow, safety=normal, heater_demand_pct=65.0, intake_pwm=140, exhaust_pwm=60, relay=ON, note=90-150 min heating with medium airflow; heater demand 65%; intake MEDIUM; exhaust LOW"
2026-07-08T21:06:34.056482+00:00;7835;stage2_characterization_01;2;stage2_live_heating_medium_airflow;stage2_characterization;28;30;27;67.9;26.6;58.1;27.31;2979;0.4;9.800003;-0.225311;1;65;140;60;normal;;-38;"firmware=bsf_fw_stage2_live_v1, test=live_media_characterization, duration_plan=5h, target_reference=28-30C, phase=stage2_live_heating_medium_airflow, safety=normal, heater_demand_pct=65.0, intake_pwm=140, exhaust_pwm=60, relay=ON, note=90-150 min heating with medium airflow; heater demand 65%; intake MEDIUM; exhaust LOW"
2026-07-08T21:07:04.185467+00:00;7865;stage2_characterization_01;2;stage2_live_heating_medium_airflow;stage2_characterization;28;30;27.1;67.8;26.6;57.6;27.38;2982;0.5;10.2;0.161211;1;65;140;60;normal;;-37;"firmware=bsf_fw_stage2_live_v1, test=live_media_characterization, duration_plan=5h, target_reference=28-30C, phase=stage2_live_heating_medium_airflow, safety=normal, heater_demand_pct=65.0, intake_pwm=140, exhaust_pwm=60, relay=ON, note=90-150 min heating with medium airflow; heater demand 65%; intake MEDIUM; exhaust LOW"
2026-07-08T21:07:34.127194+00:00;7895;stage2_characterization_01;2;stage2_live_heating_medium_airflow;stage2_characterization;28;30;27;67.7;26.6;56.9;27.25;2991;0.4;10.8;-0.171757;1;65;140;60;normal;;-37;"firmware=bsf_fw_stage2_live_v1, test=live_media_characterization, duration_plan=5h, target_reference=28-30C, phase=stage2_live_heating_medium_airflow, safety=normal, heater_demand_pct=65.0, intake_pwm=140, exhaust_pwm=60, relay=ON, note=90-150 min heating with medium airflow; heater demand 65%; intake MEDIUM; exhaust LOW"
2026-07-08T21:08:03.621323+00:00;7925;stage2_characterization_01;2;stage2_live_heating_medium_airflow;stage2_characterization;28;30;27.1;67.7;26.5;57.6;27.25;2943;0.6;10.1;0.214397;1;65;140;60;normal;;-38;"firmware=bsf_fw_stage2_live_v1, test=live_media_characterization, duration_plan=5h, target_reference=28-30C, phase=stage2_live_heating_medium_airflow, safety=normal, heater_demand_pct=65.0, intake_pwm=140, exhaust_pwm=60, relay=ON, note=90-150 min heating with medium airflow; heater demand 65%; intake MEDIUM; exhaust LOW"
2026-07-08T21:08:34.014171+00:00;7955;stage2_characterization_01;2;stage2_live_heating_medium_airflow;stage2_characterization;28;30;27;67.7;26.5;57.7;27.19;2977;0.5;9.999996;-0.033028;1;65;140;60;normal;;-37;"firmware=bsf_fw_stage2_live_v1, test=live_media_characterization, duration_plan=5h, target_reference=28-30C, phase=stage2_live_heating_medium_airflow, safety=normal, heater_demand_pct=65.0, intake_pwm=140, exhaust_pwm=60, relay=ON, note=90-150 min heating with medium airflow; heater demand 65%; intake MEDIUM; exhaust LOW"
2026-07-08T21:09:04.036698+00:00;7985;stage2_characterization_01;2;stage2_live_heating_medium_airflow;stage2_characterization;28;30;27;67.6;26.5;57.2;27.25;2961;0.5;10.4;-0.005882;1;65;140;60;normal;;-37;"firmware=bsf_fw_stage2_live_v1, test=live_media_characterization, duration_plan=5h, target_reference=28-30C, phase=stage2_live_heating_medium_airflow, safety=normal, heater_demand_pct=65.0, intake_pwm=140, exhaust_pwm=60, relay=ON, note=90-150 min heating with medium airflow; heater demand 65%; intake MEDIUM; exhaust LOW"
2026-07-08T21:09:34.064843+00:00;8015;stage2_characterization_01;2;stage2_live_heating_medium_airflow;stage2_characterization;28;30;27;67.7;26.4;57.9;27.19;2960;0.6;9.799995;-0.001053;1;65;140;60;normal;;-37;"firmware=bsf_fw_stage2_live_v1, test=live_media_characterization, duration_plan=5h, target_reference=28-30C, phase=stage2_live_heating_medium_airflow, safety=normal, heater_demand_pct=65.0, intake_pwm=140, exhaust_pwm=60, relay=ON, note=90-150 min heating with medium airflow; heater demand 65%; intake MEDIUM; exhaust LOW"
2026-07-08T21:10:04.096062+00:00;8045;stage2_characterization_01;2;stage2_live_heating_medium_airflow;stage2_characterization;28;30;27;67.6;26.4;57.2;27.25;2960;0.6;10.4;-0.000183;1;65;140;60;normal;;-37;"firmware=bsf_fw_stage2_live_v1, test=live_media_characterization, duration_plan=5h, target_reference=28-30C, phase=stage2_live_heating_medium_airflow, safety=normal, heater_demand_pct=65.0, intake_pwm=140, exhaust_pwm=60, relay=ON, note=90-150 min heating with medium airflow; heater demand 65%; intake MEDIUM; exhaust LOW"
2026-07-08T21:10:33.618865+00:00;8075;stage2_characterization_01;2;stage2_live_heating_medium_airflow;stage2_characterization;28;30;27;67.9;26.4;58.7;27.19;2978;0.6;9.200001;-0.000046;1;65;140;60;normal;;-38;"firmware=bsf_fw_stage2_live_v1, test=live_media_characterization, duration_plan=5h, target_reference=28-30C, phase=stage2_live_heating_medium_airflow, safety=normal, heater_demand_pct=65.0, intake_pwm=140, exhaust_pwm=60, relay=ON, note=90-150 min heating with medium airflow; heater demand 65%; intake MEDIUM; exhaust LOW"
2026-07-08T21:11:04.947969+00:00;8105;stage2_characterization_01;2;stage2_live_heating_medium_airflow;stage2_characterization;28;30;27;68;26.5;57.9;27.19;2981;0.5;10.1;0;1;65;140;60;normal;;-37;"firmware=bsf_fw_stage2_live_v1, test=live_media_characterization, duration_plan=5h, target_reference=28-30C, phase=stage2_live_heating_medium_airflow, safety=normal, heater_demand_pct=65.0, intake_pwm=140, exhaust_pwm=60, relay=ON, note=90-150 min heating with medium airflow; heater demand 65%; intake MEDIUM; exhaust LOW"
2026-07-08T21:11:34.447213+00:00;8135;stage2_characterization_01;2;stage2_live_heating_medium_airflow;stage2_characterization;28;30;27;68;26.6;57.8;27.13;2992;0.4;10.2;0;1;65;140;60;normal;;-37;"firmware=bsf_fw_stage2_live_v1, test=live_media_characterization, duration_plan=5h, target_reference=28-30C, phase=stage2_live_heating_medium_airflow, safety=normal, heater_demand_pct=65.0, intake_pwm=140, exhaust_pwm=60, relay=ON, note=90-150 min heating with medium airflow; heater demand 65%; intake MEDIUM; exhaust LOW"
2026-07-08T21:12:04.055841+00:00;8165;stage2_characterization_01;2;stage2_live_heating_medium_airflow;stage2_characterization;28;30;27;67.7;26.6;56.9;27.19;2982;0.4;10.8;0;1;65;140;60;normal;;-33;"firmware=bsf_fw_stage2_live_v1, test=live_media_characterization, duration_plan=5h, target_reference=28-30C, phase=stage2_live_heating_medium_airflow, safety=normal, heater_demand_pct=65.0, intake_pwm=140, exhaust_pwm=60, relay=ON, note=90-150 min heating with medium airflow; heater demand 65%; intake MEDIUM; exhaust LOW"
2026-07-08T21:12:34.42648+00:00;8195;stage2_characterization_01;2;stage2_live_heating_medium_airflow;stage2_characterization;28;30;27;67.5;26.5;57.7;27.13;2983;0.5;9.799999;0;1;65;140;60;normal;;-32;"firmware=bsf_fw_stage2_live_v1, test=live_media_characterization, duration_plan=5h, target_reference=28-30C, phase=stage2_live_heating_medium_airflow, safety=normal, heater_demand_pct=65.0, intake_pwm=140, exhaust_pwm=60, relay=ON, note=90-150 min heating with medium airflow; heater demand 65%; intake MEDIUM; exhaust LOW"
2026-07-08T21:13:05.006968+00:00;8225;stage2_characterization_01;2;stage2_live_heating_medium_airflow;stage2_characterization;28;30;27;67.8;26.5;58;27.06;2992;0.5;9.800003;0.131241;1;65;140;60;normal;;-32;"firmware=bsf_fw_stage2_live_v1, test=live_media_characterization, duration_plan=5h, target_reference=28-30C, phase=stage2_live_heating_medium_airflow, safety=normal, heater_demand_pct=65.0, intake_pwm=140, exhaust_pwm=60, relay=ON, note=90-150 min heating with medium airflow; heater demand 65%; intake MEDIUM; exhaust LOW"
2026-07-08T21:13:34.511586+00:00;8255;stage2_characterization_01;2;stage2_live_heating_medium_airflow;stage2_characterization;28;30;27;67.7;26.6;57.1;27.06;2985;0.4;10.6;0.078735;1;65;140;60;normal;;-32;"firmware=bsf_fw_stage2_live_v1, test=live_media_characterization, duration_plan=5h, target_reference=28-30C, phase=stage2_live_heating_medium_airflow, safety=normal, heater_demand_pct=65.0, intake_pwm=140, exhaust_pwm=60, relay=ON, note=90-150 min heating with medium airflow; heater demand 65%; intake MEDIUM; exhaust LOW"
2026-07-08T21:14:04.009479+00:00;8285;stage2_characterization_01;2;stage2_live_heating_medium_airflow;stage2_characterization;28;30;27;67.6;26.6;56.6;27.06;2977;0.4;11;0.014008;1;65;140;60;normal;;-33;"firmware=bsf_fw_stage2_live_v1, test=live_media_characterization, duration_plan=5h, target_reference=28-30C, phase=stage2_live_heating_medium_airflow, safety=normal, heater_demand_pct=65.0, intake_pwm=140, exhaust_pwm=60, relay=ON, note=90-150 min heating with medium airflow; heater demand 65%; intake MEDIUM; exhaust LOW"
2026-07-08T21:14:34.378683+00:00;8315;stage2_characterization_01;2;stage2_live_heating_medium_airflow;stage2_characterization;28;30;27;67.4;26.5;57.2;27.06;2995;0.5;10.2;0.101212;1;65;140;60;normal;;-34;"firmware=bsf_fw_stage2_live_v1, test=live_media_characterization, duration_plan=5h, target_reference=28-30C, phase=stage2_live_heating_medium_airflow, safety=normal, heater_demand_pct=65.0, intake_pwm=140, exhaust_pwm=60, relay=ON, note=90-150 min heating with medium airflow; heater demand 65%; intake MEDIUM; exhaust LOW"
2026-07-08T21:15:03.834784+00:00;8345;stage2_characterization_01;2;stage2_live_heating_medium_airflow;stage2_characterization;28;30;26.9;67.4;26.4;57.2;27.06;3010;0.5;10.2;-0.053169;1;65;140;60;normal;;-34;"firmware=bsf_fw_stage2_live_v1, test=live_media_characterization, duration_plan=5h, target_reference=28-30C, phase=stage2_live_heating_medium_airflow, safety=normal, heater_demand_pct=65.0, intake_pwm=140, exhaust_pwm=60, relay=ON, note=90-150 min heating with medium airflow; heater demand 65%; intake MEDIUM; exhaust LOW"
2026-07-08T21:15:34.475482+00:00;8375;stage2_characterization_01;2;stage2_live_heating_medium_airflow;stage2_characterization;28;30;26.9;67.4;26.4;57.9;27;2997;0.5;9.5;-0.009453;1;65;140;60;normal;;-33;"firmware=bsf_fw_stage2_live_v1, test=live_media_characterization, duration_plan=5h, target_reference=28-30C, phase=stage2_live_heating_medium_airflow, safety=normal, heater_demand_pct=65.0, intake_pwm=140, exhaust_pwm=60, relay=ON, note=90-150 min heating with medium airflow; heater demand 65%; intake MEDIUM; exhaust LOW"
2026-07-08T21:16:03.677384+00:00;8405;stage2_characterization_01;2;stage2_live_heating_medium_airflow;stage2_characterization;28;30;26.9;67.5;26.3;58.1;26.94;3001;0.6;9.400002;-0.001671;1;65;140;60;normal;;-33;"firmware=bsf_fw_stage2_live_v1, test=live_media_characterization, duration_plan=5h, target_reference=28-30C, phase=stage2_live_heating_medium_airflow, safety=normal, heater_demand_pct=65.0, intake_pwm=140, exhaust_pwm=60, relay=ON, note=90-150 min heating with medium airflow; heater demand 65%; intake MEDIUM; exhaust LOW"
2026-07-08T21:16:34.877503+00:00;8435;stage2_characterization_01;2;stage2_live_heating_medium_airflow;stage2_characterization;28;30;26.9;67.6;26.4;57.9;26.88;2985;0.5;9.699997;-0.000298;1;65;140;60;normal;;-33;"firmware=bsf_fw_stage2_live_v1, test=live_media_characterization, duration_plan=5h, target_reference=28-30C, phase=stage2_live_heating_medium_airflow, safety=normal, heater_demand_pct=65.0, intake_pwm=140, exhaust_pwm=60, relay=ON, note=90-150 min heating with medium airflow; heater demand 65%; intake MEDIUM; exhaust LOW"
2026-07-08T21:17:04.213664+00:00;8465;stage2_characterization_01;2;stage2_live_heating_medium_airflow;stage2_characterization;28;30;26.9;67.7;26.5;57.2;26.94;3019;0.4;10.5;-0.000069;1;65;140;60;normal;;-34;"firmware=bsf_fw_stage2_live_v1, test=live_media_characterization, duration_plan=5h, target_reference=28-30C, phase=stage2_live_heating_medium_airflow, safety=normal, heater_demand_pct=65.0, intake_pwm=140, exhaust_pwm=60, relay=ON, note=90-150 min heating with medium airflow; heater demand 65%; intake MEDIUM; exhaust LOW"
2026-07-08T21:17:34.022537+00:00;8495;stage2_characterization_01;2;stage2_live_heating_medium_airflow;stage2_characterization;28;30;26.9;67.4;26.4;57;26.88;2992;0.5;10.4;0;1;65;140;60;normal;;-33;"firmware=bsf_fw_stage2_live_v1, test=live_media_characterization, duration_plan=5h, target_reference=28-30C, phase=stage2_live_heating_medium_airflow, safety=normal, heater_demand_pct=65.0, intake_pwm=140, exhaust_pwm=60, relay=ON, note=90-150 min heating with medium airflow; heater demand 65%; intake MEDIUM; exhaust LOW"
2026-07-08T21:18:04.836413+00:00;8525;stage2_characterization_01;2;stage2_live_heating_medium_airflow;stage2_characterization;28;30;26.9;67.4;26.4;57.5;26.88;3019;0.5;9.900002;0;1;65;140;60;normal;;-33;"firmware=bsf_fw_stage2_live_v1, test=live_media_characterization, duration_plan=5h, target_reference=28-30C, phase=stage2_live_heating_medium_airflow, safety=normal, heater_demand_pct=65.0, intake_pwm=140, exhaust_pwm=60, relay=ON, note=90-150 min heating with medium airflow; heater demand 65%; intake MEDIUM; exhaust LOW"
2026-07-08T21:18:34.112283+00:00;8555;stage2_characterization_01;2;stage2_live_heating_medium_airflow;stage2_characterization;28;30;26.9;67.5;26.3;57.3;26.88;3023;0.6;10.2;0;1;65;140;60;normal;;-33;"firmware=bsf_fw_stage2_live_v1, test=live_media_characterization, duration_plan=5h, target_reference=28-30C, phase=stage2_live_heating_medium_airflow, safety=normal, heater_demand_pct=65.0, intake_pwm=140, exhaust_pwm=60, relay=ON, note=90-150 min heating with medium airflow; heater demand 65%; intake MEDIUM; exhaust LOW"
2026-07-08T21:19:04.59701+00:00;8585;stage2_characterization_01;2;stage2_live_heating_medium_airflow;stage2_characterization;28;30;26.9;67.5;26.3;57.4;26.88;3019;0.6;10.1;0;1;65;140;60;normal;;-33;"firmware=bsf_fw_stage2_live_v1, test=live_media_characterization, duration_plan=5h, target_reference=28-30C, phase=stage2_live_heating_medium_airflow, safety=normal, heater_demand_pct=65.0, intake_pwm=140, exhaust_pwm=60, relay=ON, note=90-150 min heating with medium airflow; heater demand 65%; intake MEDIUM; exhaust LOW"
2026-07-08T21:19:34.04988+00:00;8615;stage2_characterization_01;2;stage2_live_heating_medium_airflow;stage2_characterization;28;30;26.9;67.5;26.3;57.6;26.81;3019;0.6;9.900002;0;1;65;140;60;normal;;-33;"firmware=bsf_fw_stage2_live_v1, test=live_media_characterization, duration_plan=5h, target_reference=28-30C, phase=stage2_live_heating_medium_airflow, safety=normal, heater_demand_pct=65.0, intake_pwm=140, exhaust_pwm=60, relay=ON, note=90-150 min heating with medium airflow; heater demand 65%; intake MEDIUM; exhaust LOW"
2026-07-08T21:20:04.126243+00:00;8645;stage2_characterization_01;2;stage2_live_heating_medium_airflow;stage2_characterization;28;30;26.8;67.4;26.2;58.5;26.81;3022;0.599998;8.900002;-0.14502;1;65;140;60;normal;;-34;"firmware=bsf_fw_stage2_live_v1, test=live_media_characterization, duration_plan=5h, target_reference=28-30C, phase=stage2_live_heating_medium_airflow, safety=normal, heater_demand_pct=65.0, intake_pwm=140, exhaust_pwm=60, relay=ON, note=90-150 min heating with medium airflow; heater demand 65%; intake MEDIUM; exhaust LOW"
2026-07-08T21:20:34.671551+00:00;8675;stage2_characterization_01;2;stage2_live_heating_medium_airflow;stage2_characterization;28;30;26.8;67.8;26.3;58.5;26.81;2996;0.5;9.300003;-0.025818;1;65;140;60;normal;;-34;"firmware=bsf_fw_stage2_live_v1, test=live_media_characterization, duration_plan=5h, target_reference=28-30C, phase=stage2_live_heating_medium_airflow, safety=normal, heater_demand_pct=65.0, intake_pwm=140, exhaust_pwm=60, relay=ON, note=90-150 min heating with medium airflow; heater demand 65%; intake MEDIUM; exhaust LOW"
2026-07-08T21:21:04.26741+00:00;8705;stage2_characterization_01;2;stage2_live_heating_medium_airflow;stage2_characterization;28;30;26.8;67.9;26.4;57.9;26.81;3024;0.4;10;-0.004578;1;65;140;60;normal;;-32;"firmware=bsf_fw_stage2_live_v1, test=live_media_characterization, duration_plan=5h, target_reference=28-30C, phase=stage2_live_heating_medium_airflow, safety=normal, heater_demand_pct=65.0, intake_pwm=140, exhaust_pwm=60, relay=ON, note=90-150 min heating with medium airflow; heater demand 65%; intake MEDIUM; exhaust LOW"
2026-07-08T21:21:33.643499+00:00;8735;stage2_characterization_01;2;stage2_live_heating_medium_airflow;stage2_characterization;28;30;26.8;67.4;26.5;56.9;26.81;3010;0.299999;10.5;-0.000824;1;65;140;60;normal;;-33;"firmware=bsf_fw_stage2_live_v1, test=live_media_characterization, duration_plan=5h, target_reference=28-30C, phase=stage2_live_heating_medium_airflow, safety=normal, heater_demand_pct=65.0, intake_pwm=140, exhaust_pwm=60, relay=ON, note=90-150 min heating with medium airflow; heater demand 65%; intake MEDIUM; exhaust LOW"
2026-07-08T21:22:04.431963+00:00;8765;stage2_characterization_01;2;stage2_live_heating_medium_airflow;stage2_characterization;28;30;26.8;67.2;26.4;56.8;26.88;3006;0.4;10.4;-0.000137;1;65;140;60;normal;;-33;"firmware=bsf_fw_stage2_live_v1, test=live_media_characterization, duration_plan=5h, target_reference=28-30C, phase=stage2_live_heating_medium_airflow, safety=normal, heater_demand_pct=65.0, intake_pwm=140, exhaust_pwm=60, relay=ON, note=90-150 min heating with medium airflow; heater demand 65%; intake MEDIUM; exhaust LOW"
2026-07-08T21:22:34.08896+00:00;8795;stage2_characterization_01;2;stage2_live_heating_medium_airflow;stage2_characterization;28;30;26.8;67.1;26.3;56.8;26.81;3002;0.5;10.3;-0.000023;1;65;140;60;normal;;-34;"firmware=bsf_fw_stage2_live_v1, test=live_media_characterization, duration_plan=5h, target_reference=28-30C, phase=stage2_live_heating_medium_airflow, safety=normal, heater_demand_pct=65.0, intake_pwm=140, exhaust_pwm=60, relay=ON, note=90-150 min heating with medium airflow; heater demand 65%; intake MEDIUM; exhaust LOW"
2026-07-08T21:23:03.674529+00:00;8825;stage2_characterization_01;2;stage2_live_heating_medium_airflow;stage2_characterization;28;30;26.8;67;26.3;57.2;26.81;3018;0.5;9.799999;0;1;65;140;60;normal;;-33;"firmware=bsf_fw_stage2_live_v1, test=live_media_characterization, duration_plan=5h, target_reference=28-30C, phase=stage2_live_heating_medium_airflow, safety=normal, heater_demand_pct=65.0, intake_pwm=140, exhaust_pwm=60, relay=ON, note=90-150 min heating with medium airflow; heater demand 65%; intake MEDIUM; exhaust LOW"
2026-07-08T21:23:34.112202+00:00;8855;stage2_characterization_01;2;stage2_live_heating_medium_airflow;stage2_characterization;28;30;26.8;67.1;26.3;57.2;26.81;3033;0.5;9.899998;0;1;65;140;60;normal;;-34;"firmware=bsf_fw_stage2_live_v1, test=live_media_characterization, duration_plan=5h, target_reference=28-30C, phase=stage2_live_heating_medium_airflow, safety=normal, heater_demand_pct=65.0, intake_pwm=140, exhaust_pwm=60, relay=ON, note=90-150 min heating with medium airflow; heater demand 65%; intake MEDIUM; exhaust LOW"
2026-07-08T21:24:04.577382+00:00;8885;stage2_characterization_01;2;stage2_live_heating_medium_airflow;stage2_characterization;28;30;26.8;67;26.3;57.4;26.88;3030;0.5;9.599998;0;1;65;140;60;normal;;-34;"firmware=bsf_fw_stage2_live_v1, test=live_media_characterization, duration_plan=5h, target_reference=28-30C, phase=stage2_live_heating_medium_airflow, safety=normal, heater_demand_pct=65.0, intake_pwm=140, exhaust_pwm=60, relay=ON, note=90-150 min heating with medium airflow; heater demand 65%; intake MEDIUM; exhaust LOW"
2026-07-08T21:24:34.429687+00:00;8915;stage2_characterization_01;2;stage2_live_heating_medium_airflow;stage2_characterization;28;30;26.8;67;26.3;57.4;26.88;3019;0.5;9.599998;0;1;65;140;60;normal;;-33;"firmware=bsf_fw_stage2_live_v1, test=live_media_characterization, duration_plan=5h, target_reference=28-30C, phase=stage2_live_heating_medium_airflow, safety=normal, heater_demand_pct=65.0, intake_pwm=140, exhaust_pwm=60, relay=ON, note=90-150 min heating with medium airflow; heater demand 65%; intake MEDIUM; exhaust LOW"
2026-07-08T21:25:04.055655+00:00;8945;stage2_characterization_01;2;stage2_live_heating_medium_airflow;stage2_characterization;28;30;26.8;67.2;26.3;57.2;26.88;3024;0.5;9.999996;0.073837;1;65;140;60;normal;;-34;"firmware=bsf_fw_stage2_live_v1, test=live_media_characterization, duration_plan=5h, target_reference=28-30C, phase=stage2_live_heating_medium_airflow, safety=normal, heater_demand_pct=65.0, intake_pwm=140, exhaust_pwm=60, relay=ON, note=90-150 min heating with medium airflow; heater demand 65%; intake MEDIUM; exhaust LOW"
2026-07-08T21:25:34.058904+00:00;8975;stage2_characterization_01;2;stage2_live_heating_medium_airflow;stage2_characterization;28;30;26.7;67.1;26.2;57.3;26.88;2993;0.5;9.799999;-0.058044;1;65;140;60;normal;;-34;"firmware=bsf_fw_stage2_live_v1, test=live_media_characterization, duration_plan=5h, target_reference=28-30C, phase=stage2_live_heating_medium_airflow, safety=normal, heater_demand_pct=65.0, intake_pwm=140, exhaust_pwm=60, relay=ON, note=90-150 min heating with medium airflow; heater demand 65%; intake MEDIUM; exhaust LOW"
2026-07-08T21:26:04.029307+00:00;9005;stage2_characterization_01;2;stage2_live_ventilation_response;stage2_characterization;28;30;26.7;67.2;26.2;57.5;26.88;2991;0.5;9.699997;-0.010348;0;0;140;140;normal;;-33;"firmware=bsf_fw_stage2_live_v1, test=live_media_characterization, duration_plan=5h, target_reference=28-30C, phase=stage2_live_ventilation_response, safety=normal, heater_demand_pct=0.0, intake_pwm=140, exhaust_pwm=140, relay=OFF, note=150-210 min ventilation response; heater OFF; intake MEDIUM; exhaust MEDIUM"
2026-07-08T21:26:34.83582+00:00;9035;stage2_characterization_01;2;stage2_live_ventilation_response;stage2_characterization;28;30;26.7;65.6;26.2;57.3;26.88;3024;0.5;8.299999;-0.001831;0;0;140;140;normal;;-34;"firmware=bsf_fw_stage2_live_v1, test=live_media_characterization, duration_plan=5h, target_reference=28-30C, phase=stage2_live_ventilation_response, safety=normal, heater_demand_pct=0.0, intake_pwm=140, exhaust_pwm=140, relay=OFF, note=150-210 min ventilation response; heater OFF; intake MEDIUM; exhaust MEDIUM"
2026-07-08T21:27:04.144598+00:00;9065;stage2_characterization_01;2;stage2_live_ventilation_response;stage2_characterization;28;30;26.7;65.1;26.2;57.3;26.81;3028;0.5;7.799999;-0.00032;0;0;140;140;normal;;-35;"firmware=bsf_fw_stage2_live_v1, test=live_media_characterization, duration_plan=5h, target_reference=28-30C, phase=stage2_live_ventilation_response, safety=normal, heater_demand_pct=0.0, intake_pwm=140, exhaust_pwm=140, relay=OFF, note=150-210 min ventilation response; heater OFF; intake MEDIUM; exhaust MEDIUM"
2026-07-08T21:27:34.074661+00:00;9095;stage2_characterization_01;2;stage2_live_ventilation_response;stage2_characterization;28;30;26.6;64.8;26.2;57.4;26.81;3039;0.4;7.400002;-0.300064;0;0;140;140;normal;;-34;"firmware=bsf_fw_stage2_live_v1, test=live_media_characterization, duration_plan=5h, target_reference=28-30C, phase=stage2_live_ventilation_response, safety=normal, heater_demand_pct=0.0, intake_pwm=140, exhaust_pwm=140, relay=OFF, note=150-210 min ventilation response; heater OFF; intake MEDIUM; exhaust MEDIUM"
2026-07-08T21:28:03.662649+00:00;9125;stage2_characterization_01;2;stage2_live_ventilation_response;stage2_characterization;28;30;26.6;64.8;26.1;57.7;26.81;3041;0.5;7.100002;-0.053398;0;0;140;140;normal;;-34;"firmware=bsf_fw_stage2_live_v1, test=live_media_characterization, duration_plan=5h, target_reference=28-30C, phase=stage2_live_ventilation_response, safety=normal, heater_demand_pct=0.0, intake_pwm=140, exhaust_pwm=140, relay=OFF, note=150-210 min ventilation response; heater OFF; intake MEDIUM; exhaust MEDIUM"
2026-07-08T21:28:33.637356+00:00;9155;stage2_characterization_01;2;stage2_live_ventilation_response;stage2_characterization;28;30;26.6;65.1;25.9;58;26.81;3035;0.700001;7.099998;-0.009499;0;0;140;140;normal;;-34;"firmware=bsf_fw_stage2_live_v1, test=live_media_characterization, duration_plan=5h, target_reference=28-30C, phase=stage2_live_ventilation_response, safety=normal, heater_demand_pct=0.0, intake_pwm=140, exhaust_pwm=140, relay=OFF, note=150-210 min ventilation response; heater OFF; intake MEDIUM; exhaust MEDIUM"
2026-07-08T21:29:04.526118+00:00;9185;stage2_characterization_01;2;stage2_live_ventilation_response;stage2_characterization;28;30;26.5;65.5;25.8;58.4;26.81;3069;0.700001;7.099998;-0.096611;0;0;140;140;normal;;-34;"firmware=bsf_fw_stage2_live_v1, test=live_media_characterization, duration_plan=5h, target_reference=28-30C, phase=stage2_live_ventilation_response, safety=normal, heater_demand_pct=0.0, intake_pwm=140, exhaust_pwm=140, relay=OFF, note=150-210 min ventilation response; heater OFF; intake MEDIUM; exhaust MEDIUM"
2026-07-08T21:29:34.546035+00:00;9215;stage2_characterization_01;2;stage2_live_ventilation_response;stage2_characterization;28;30;26.5;65.6;25.7;59;26.81;3031;0.799999;6.599998;-0.017189;0;0;140;140;normal;;-34;"firmware=bsf_fw_stage2_live_v1, test=live_media_characterization, duration_plan=5h, target_reference=28-30C, phase=stage2_live_ventilation_response, safety=normal, heater_demand_pct=0.0, intake_pwm=140, exhaust_pwm=140, relay=OFF, note=150-210 min ventilation response; heater OFF; intake MEDIUM; exhaust MEDIUM"
2026-07-08T21:30:04.12185+00:00;9245;stage2_characterization_01;2;stage2_live_ventilation_response;stage2_characterization;28;30;26.4;65.6;25.6;59.2;26.81;3056;0.799999;6.399998;-0.097984;0;0;140;140;normal;;-33;"firmware=bsf_fw_stage2_live_v1, test=live_media_characterization, duration_plan=5h, target_reference=28-30C, phase=stage2_live_ventilation_response, safety=normal, heater_demand_pct=0.0, intake_pwm=140, exhaust_pwm=140, relay=OFF, note=150-210 min ventilation response; heater OFF; intake MEDIUM; exhaust MEDIUM"
2026-07-08T21:30:34.068576+00:00;9275;stage2_characterization_01;2;stage2_live_ventilation_response;stage2_characterization;28;30;26.4;65.5;25.6;59.8;26.81;3045;0.799999;5.700001;-0.017441;0;0;140;140;normal;;-34;"firmware=bsf_fw_stage2_live_v1, test=live_media_characterization, duration_plan=5h, target_reference=28-30C, phase=stage2_live_ventilation_response, safety=normal, heater_demand_pct=0.0, intake_pwm=140, exhaust_pwm=140, relay=OFF, note=150-210 min ventilation response; heater OFF; intake MEDIUM; exhaust MEDIUM"
2026-07-08T21:31:04.532268+00:00;9305;stage2_characterization_01;2;stage2_live_ventilation_response;stage2_characterization;28;30;26.3;65.3;25.6;59.3;26.81;3039;0.699999;6.000004;-0.09803;0;0;140;140;normal;;-34;"firmware=bsf_fw_stage2_live_v1, test=live_media_characterization, duration_plan=5h, target_reference=28-30C, phase=stage2_live_ventilation_response, safety=normal, heater_demand_pct=0.0, intake_pwm=140, exhaust_pwm=140, relay=OFF, note=150-210 min ventilation response; heater OFF; intake MEDIUM; exhaust MEDIUM"
2026-07-08T21:31:34.574947+00:00;9335;stage2_characterization_01;2;stage2_live_ventilation_response;stage2_characterization;28;30;26.3;65.7;25.6;59.3;26.75;3069;0.699999;6.399998;-0.017441;0;0;140;140;normal;;-32;"firmware=bsf_fw_stage2_live_v1, test=live_media_characterization, duration_plan=5h, target_reference=28-30C, phase=stage2_live_ventilation_response, safety=normal, heater_demand_pct=0.0, intake_pwm=140, exhaust_pwm=140, relay=OFF, note=150-210 min ventilation response; heater OFF; intake MEDIUM; exhaust MEDIUM"
2026-07-08T21:32:04.42624+00:00;9365;stage2_characterization_01;2;stage2_live_ventilation_response;stage2_characterization;28;30;26.3;65.9;25.5;59.5;26.69;3044;0.799999;6.400002;-0.003113;0;0;140;140;normal;;-34;"firmware=bsf_fw_stage2_live_v1, test=live_media_characterization, duration_plan=5h, target_reference=28-30C, phase=stage2_live_ventilation_response, safety=normal, heater_demand_pct=0.0, intake_pwm=140, exhaust_pwm=140, relay=OFF, note=150-210 min ventilation response; heater OFF; intake MEDIUM; exhaust MEDIUM"
2026-07-08T21:32:34.054412+00:00;9395;stage2_characterization_01;2;stage2_live_ventilation_response;stage2_characterization;28;30;26.2;65.9;25.4;59.7;26.69;3036;0.800001;6.200001;-0.169304;0;0;140;140;normal;;-33;"firmware=bsf_fw_stage2_live_v1, test=live_media_characterization, duration_plan=5h, target_reference=28-30C, phase=stage2_live_ventilation_response, safety=normal, heater_demand_pct=0.0, intake_pwm=140, exhaust_pwm=140, relay=OFF, note=150-210 min ventilation response; heater OFF; intake MEDIUM; exhaust MEDIUM"
2026-07-08T21:33:04.946794+00:00;9425;stage2_characterization_01;2;stage2_live_ventilation_response;stage2_characterization;28;30;26.2;66.1;25.3;60;26.63;3007;0.900002;6.099998;-0.030121;0;0;140;140;normal;;-34;"firmware=bsf_fw_stage2_live_v1, test=live_media_characterization, duration_plan=5h, target_reference=28-30C, phase=stage2_live_ventilation_response, safety=normal, heater_demand_pct=0.0, intake_pwm=140, exhaust_pwm=140, relay=OFF, note=150-210 min ventilation response; heater OFF; intake MEDIUM; exhaust MEDIUM"
2026-07-08T21:33:34.106748+00:00;9455;stage2_characterization_01;2;stage2_live_ventilation_response;stage2_characterization;28;30;26.1;66.3;25.3;60.1;26.56;3030;0.800001;6.200005;-0.131954;0;0;140;140;normal;;-34;"firmware=bsf_fw_stage2_live_v1, test=live_media_characterization, duration_plan=5h, target_reference=28-30C, phase=stage2_live_ventilation_response, safety=normal, heater_demand_pct=0.0, intake_pwm=140, exhaust_pwm=140, relay=OFF, note=150-210 min ventilation response; heater OFF; intake MEDIUM; exhaust MEDIUM"
2026-07-08T21:34:03.656331+00:00;9485;stage2_characterization_01;2;stage2_live_ventilation_response;stage2_characterization;28;30;26.1;66.2;25.2;60.1;26.44;3043;0.9;6.099998;-0.023483;0;0;140;140;normal;;-34;"firmware=bsf_fw_stage2_live_v1, test=live_media_characterization, duration_plan=5h, target_reference=28-30C, phase=stage2_live_ventilation_response, safety=normal, heater_demand_pct=0.0, intake_pwm=140, exhaust_pwm=140, relay=OFF, note=150-210 min ventilation response; heater OFF; intake MEDIUM; exhaust MEDIUM"
2026-07-08T21:34:34.472114+00:00;9515;stage2_characterization_01;2;stage2_live_ventilation_response;stage2_characterization;28;30;26.1;66.1;25.2;60.2;26.38;3025;0.9;5.899998;-0.004189;0;0;140;140;normal;;-35;"firmware=bsf_fw_stage2_live_v1, test=live_media_characterization, duration_plan=5h, target_reference=28-30C, phase=stage2_live_ventilation_response, safety=normal, heater_demand_pct=0.0, intake_pwm=140, exhaust_pwm=140, relay=OFF, note=150-210 min ventilation response; heater OFF; intake MEDIUM; exhaust MEDIUM"
2026-07-08T21:35:03.764609+00:00;9545;stage2_characterization_01;2;stage2_live_ventilation_response;stage2_characterization;28;30;26;66.4;25.1;60.3;26.25;3025;0.9;6.100002;-0.071938;0;0;140;140;normal;;-34;"firmware=bsf_fw_stage2_live_v1, test=live_media_characterization, duration_plan=5h, target_reference=28-30C, phase=stage2_live_ventilation_response, safety=normal, heater_demand_pct=0.0, intake_pwm=140, exhaust_pwm=140, relay=OFF, note=150-210 min ventilation response; heater OFF; intake MEDIUM; exhaust MEDIUM"
2026-07-08T21:35:34.073734+00:00;9575;stage2_characterization_01;2;stage2_live_ventilation_response;stage2_characterization;28;30;26;66.3;25.1;60.5;26.19;3031;0.9;5.800003;-0.012817;0;0;140;140;normal;;-35;"firmware=bsf_fw_stage2_live_v1, test=live_media_characterization, duration_plan=5h, target_reference=28-30C, phase=stage2_live_ventilation_response, safety=normal, heater_demand_pct=0.0, intake_pwm=140, exhaust_pwm=140, relay=OFF, note=150-210 min ventilation response; heater OFF; intake MEDIUM; exhaust MEDIUM"
2026-07-08T21:36:04.108318+00:00;9605;stage2_characterization_01;2;stage2_live_ventilation_response;stage2_characterization;28;30;25.9;66.4;25.2;61.1;26.13;3024;0.699999;5.300003;-0.073471;0;0;140;140;normal;;-35;"firmware=bsf_fw_stage2_live_v1, test=live_media_characterization, duration_plan=5h, target_reference=28-30C, phase=stage2_live_ventilation_response, safety=normal, heater_demand_pct=0.0, intake_pwm=140, exhaust_pwm=140, relay=OFF, note=150-210 min ventilation response; heater OFF; intake MEDIUM; exhaust MEDIUM"
2026-07-08T21:36:34.093678+00:00;9635;stage2_characterization_01;2;stage2_live_ventilation_response;stage2_characterization;28;30;25.9;66.9;25.3;60.7;26.19;3039;0.6;6.200001;-0.013067;0;0;140;140;normal;;-34;"firmware=bsf_fw_stage2_live_v1, test=live_media_characterization, duration_plan=5h, target_reference=28-30C, phase=stage2_live_ventilation_response, safety=normal, heater_demand_pct=0.0, intake_pwm=140, exhaust_pwm=140, relay=OFF, note=150-210 min ventilation response; heater OFF; intake MEDIUM; exhaust MEDIUM"
2026-07-08T21:37:03.730504+00:00;9665;stage2_characterization_01;2;stage2_live_ventilation_response;stage2_characterization;28;30;25.9;66.4;25.3;59.9;26.13;3014;0.6;6.5;-0.002335;0;0;140;140;normal;;-36;"firmware=bsf_fw_stage2_live_v1, test=live_media_characterization, duration_plan=5h, target_reference=28-30C, phase=stage2_live_ventilation_response, safety=normal, heater_demand_pct=0.0, intake_pwm=140, exhaust_pwm=140, relay=OFF, note=150-210 min ventilation response; heater OFF; intake MEDIUM; exhaust MEDIUM"
2026-07-08T21:37:34.458491+00:00;9695;stage2_characterization_01;2;stage2_live_ventilation_response;stage2_characterization;28;30;25.9;66.4;25.3;60.1;26.13;3011;0.6;6.300003;-0.000412;0;0;140;140;normal;;-34;"firmware=bsf_fw_stage2_live_v1, test=live_media_characterization, duration_plan=5h, target_reference=28-30C, phase=stage2_live_ventilation_response, safety=normal, heater_demand_pct=0.0, intake_pwm=140, exhaust_pwm=140, relay=OFF, note=150-210 min ventilation response; heater OFF; intake MEDIUM; exhaust MEDIUM"
2026-07-08T21:38:03.879888+00:00;9725;stage2_characterization_01;2;stage2_live_ventilation_response;stage2_characterization;28;30;25.9;66.5;25.4;60.4;26.06;3038;0.5;6.099998;-0.000069;0;0;140;140;normal;;-34;"firmware=bsf_fw_stage2_live_v1, test=live_media_characterization, duration_plan=5h, target_reference=28-30C, phase=stage2_live_ventilation_response, safety=normal, heater_demand_pct=0.0, intake_pwm=140, exhaust_pwm=140, relay=OFF, note=150-210 min ventilation response; heater OFF; intake MEDIUM; exhaust MEDIUM"
2026-07-08T21:38:34.081461+00:00;9755;stage2_characterization_01;2;stage2_live_ventilation_response;stage2_characterization;28;30;25.9;66.8;25.5;60.3;26.06;3024;0.4;6.500004;-0.000023;0;0;140;140;normal;;-34;"firmware=bsf_fw_stage2_live_v1, test=live_media_characterization, duration_plan=5h, target_reference=28-30C, phase=stage2_live_ventilation_response, safety=normal, heater_demand_pct=0.0, intake_pwm=140, exhaust_pwm=140, relay=OFF, note=150-210 min ventilation response; heater OFF; intake MEDIUM; exhaust MEDIUM"
2026-07-08T21:39:04.524142+00:00;9785;stage2_characterization_01;2;stage2_live_ventilation_response;stage2_characterization;28;30;25.9;66.7;25.6;59.7;26.06;3024;0.299999;6.999996;0;0;0;140;140;normal;;-33;"firmware=bsf_fw_stage2_live_v1, test=live_media_characterization, duration_plan=5h, target_reference=28-30C, phase=stage2_live_ventilation_response, safety=normal, heater_demand_pct=0.0, intake_pwm=140, exhaust_pwm=140, relay=OFF, note=150-210 min ventilation response; heater OFF; intake MEDIUM; exhaust MEDIUM"
2026-07-08T21:39:34.088064+00:00;9815;stage2_characterization_01;2;stage2_live_ventilation_response;stage2_characterization;28;30;25.9;66.7;25.7;59.8;26.06;3058;0.199999;6.899998;0;0;0;140;140;normal;;-34;"firmware=bsf_fw_stage2_live_v1, test=live_media_characterization, duration_plan=5h, target_reference=28-30C, phase=stage2_live_ventilation_response, safety=normal, heater_demand_pct=0.0, intake_pwm=140, exhaust_pwm=140, relay=OFF, note=150-210 min ventilation response; heater OFF; intake MEDIUM; exhaust MEDIUM"
2026-07-08T21:40:04.106493+00:00;9845;stage2_characterization_01;2;stage2_live_ventilation_response;stage2_characterization;28;30;25.9;65.9;25.7;59.4;26;3055;0.199999;6.5;0;0;0;140;140;normal;;-33;"firmware=bsf_fw_stage2_live_v1, test=live_media_characterization, duration_plan=5h, target_reference=28-30C, phase=stage2_live_ventilation_response, safety=normal, heater_demand_pct=0.0, intake_pwm=140, exhaust_pwm=140, relay=OFF, note=150-210 min ventilation response; heater OFF; intake MEDIUM; exhaust MEDIUM"
2026-07-08T21:40:34.949011+00:00;9875;stage2_characterization_01;2;stage2_live_ventilation_response;stage2_characterization;28;30;26;66;25.8;59.4;26.06;3083;0.200001;6.599998;0.127416;0;0;140;140;normal;;-34;"firmware=bsf_fw_stage2_live_v1, test=live_media_characterization, duration_plan=5h, target_reference=28-30C, phase=stage2_live_ventilation_response, safety=normal, heater_demand_pct=0.0, intake_pwm=140, exhaust_pwm=140, relay=OFF, note=150-210 min ventilation response; heater OFF; intake MEDIUM; exhaust MEDIUM"
2026-07-08T21:41:04.418012+00:00;9905;stage2_characterization_01;2;stage2_live_ventilation_response;stage2_characterization;28;30;26;65.7;25.8;59.3;26.13;3094;0.200001;6.399998;0.022682;0;0;140;140;normal;;-34;"firmware=bsf_fw_stage2_live_v1, test=live_media_characterization, duration_plan=5h, target_reference=28-30C, phase=stage2_live_ventilation_response, safety=normal, heater_demand_pct=0.0, intake_pwm=140, exhaust_pwm=140, relay=OFF, note=150-210 min ventilation response; heater OFF; intake MEDIUM; exhaust MEDIUM"
2026-07-08T21:41:34.248518+00:00;9935;stage2_characterization_01;2;stage2_live_ventilation_response;stage2_characterization;28;30;26;65.8;25.8;59;26.06;3056;0.200001;6.800003;0.004028;0;0;140;140;normal;;-34;"firmware=bsf_fw_stage2_live_v1, test=live_media_characterization, duration_plan=5h, target_reference=28-30C, phase=stage2_live_ventilation_response, safety=normal, heater_demand_pct=0.0, intake_pwm=140, exhaust_pwm=140, relay=OFF, note=150-210 min ventilation response; heater OFF; intake MEDIUM; exhaust MEDIUM"
2026-07-08T21:42:04.256728+00:00;9965;stage2_characterization_01;2;stage2_live_ventilation_response;stage2_characterization;28;30;26;65.9;25.9;58.9;26.13;3060;0.1;7;0.000732;0;0;140;140;normal;;-33;"firmware=bsf_fw_stage2_live_v1, test=live_media_characterization, duration_plan=5h, target_reference=28-30C, phase=stage2_live_ventilation_response, safety=normal, heater_demand_pct=0.0, intake_pwm=140, exhaust_pwm=140, relay=OFF, note=150-210 min ventilation response; heater OFF; intake MEDIUM; exhaust MEDIUM"
2026-07-08T21:42:34.069607+00:00;9995;stage2_characterization_01;2;stage2_live_ventilation_response;stage2_characterization;28;30;26;65.4;25.9;58.4;26.19;3059;0.1;7;-0.131153;0;0;140;140;normal;;-34;"firmware=bsf_fw_stage2_live_v1, test=live_media_characterization, duration_plan=5h, target_reference=28-30C, phase=stage2_live_ventilation_response, safety=normal, heater_demand_pct=0.0, intake_pwm=140, exhaust_pwm=140, relay=OFF, note=150-210 min ventilation response; heater OFF; intake MEDIUM; exhaust MEDIUM"
2026-07-08T21:43:04.103014+00:00;10025;stage2_characterization_01;2;stage2_live_ventilation_response;stage2_characterization;28;30;26.1;65.1;25.9;58.2;26.25;3038;0.200001;6.899998;0.127831;0;0;140;140;normal;;-34;"firmware=bsf_fw_stage2_live_v1, test=live_media_characterization, duration_plan=5h, target_reference=28-30C, phase=stage2_live_ventilation_response, safety=normal, heater_demand_pct=0.0, intake_pwm=140, exhaust_pwm=140, relay=OFF, note=150-210 min ventilation response; heater OFF; intake MEDIUM; exhaust MEDIUM"
2026-07-08T21:43:33.686564+00:00;10055;stage2_characterization_01;2;stage2_live_ventilation_response;stage2_characterization;28;30;26.1;65.3;25.9;58;26.25;3069;0.200001;7.300003;0.022751;0;0;140;140;normal;;-35;"firmware=bsf_fw_stage2_live_v1, test=live_media_characterization, duration_plan=5h, target_reference=28-30C, phase=stage2_live_ventilation_response, safety=normal, heater_demand_pct=0.0, intake_pwm=140, exhaust_pwm=140, relay=OFF, note=150-210 min ventilation response; heater OFF; intake MEDIUM; exhaust MEDIUM"
2026-07-08T21:44:04.134873+00:00;10085;stage2_characterization_01;2;stage2_live_ventilation_response;stage2_characterization;28;30;26.1;64.5;25.9;58.2;26.31;3049;0.200001;6.299999;0.004051;0;0;140;140;normal;;-35;"firmware=bsf_fw_stage2_live_v1, test=live_media_characterization, duration_plan=5h, target_reference=28-30C, phase=stage2_live_ventilation_response, safety=normal, heater_demand_pct=0.0, intake_pwm=140, exhaust_pwm=140, relay=OFF, note=150-210 min ventilation response; heater OFF; intake MEDIUM; exhaust MEDIUM"
2026-07-08T21:44:33.670057+00:00;10115;stage2_characterization_01;2;stage2_live_ventilation_response;stage2_characterization;28;30;26.1;65.2;25.9;58.5;26.38;3048;0.200001;6.699997;0.00071;0;0;140;140;normal;;-33;"firmware=bsf_fw_stage2_live_v1, test=live_media_characterization, duration_plan=5h, target_reference=28-30C, phase=stage2_live_ventilation_response, safety=normal, heater_demand_pct=0.0, intake_pwm=140, exhaust_pwm=140, relay=OFF, note=150-210 min ventilation response; heater OFF; intake MEDIUM; exhaust MEDIUM"
2026-07-08T21:45:04.042128+00:00;10145;stage2_characterization_01;2;stage2_live_ventilation_response;stage2_characterization;28;30;26.1;64.8;25.9;57.6;26.38;3038;0.200001;7.200005;-0.031517;0;0;140;140;normal;;-34;"firmware=bsf_fw_stage2_live_v1, test=live_media_characterization, duration_plan=5h, target_reference=28-30C, phase=stage2_live_ventilation_response, safety=normal, heater_demand_pct=0.0, intake_pwm=140, exhaust_pwm=140, relay=OFF, note=150-210 min ventilation response; heater OFF; intake MEDIUM; exhaust MEDIUM"
2026-07-08T21:45:34.062766+00:00;10175;stage2_characterization_01;2;stage2_live_ventilation_response;stage2_characterization;28;30;26.2;64.1;26;57.5;26.44;3055;0.200001;6.599998;0.120964;0;0;140;140;normal;;-33;"firmware=bsf_fw_stage2_live_v1, test=live_media_characterization, duration_plan=5h, target_reference=28-30C, phase=stage2_live_ventilation_response, safety=normal, heater_demand_pct=0.0, intake_pwm=140, exhaust_pwm=140, relay=OFF, note=150-210 min ventilation response; heater OFF; intake MEDIUM; exhaust MEDIUM"
2026-07-08T21:46:04.220558+00:00;10205;stage2_characterization_01;2;stage2_live_ventilation_response;stage2_characterization;28;30;26.2;65;26;57.9;26.44;3015;0.200001;7.099998;0.021515;0;0;140;140;normal;;-33;"firmware=bsf_fw_stage2_live_v1, test=live_media_characterization, duration_plan=5h, target_reference=28-30C, phase=stage2_live_ventilation_response, safety=normal, heater_demand_pct=0.0, intake_pwm=140, exhaust_pwm=140, relay=OFF, note=150-210 min ventilation response; heater OFF; intake MEDIUM; exhaust MEDIUM"
2026-07-08T21:46:34.953668+00:00;10235;stage2_characterization_01;2;stage2_live_ventilation_response;stage2_characterization;28;30;26.2;64.5;26.1;58.1;26.44;3057;0.1;6.400002;0.003822;0;0;140;140;normal;;-33;"firmware=bsf_fw_stage2_live_v1, test=live_media_characterization, duration_plan=5h, target_reference=28-30C, phase=stage2_live_ventilation_response, safety=normal, heater_demand_pct=0.0, intake_pwm=140, exhaust_pwm=140, relay=OFF, note=150-210 min ventilation response; heater OFF; intake MEDIUM; exhaust MEDIUM"
2026-07-08T21:47:04.083044+00:00;10265;stage2_characterization_01;2;stage2_live_ventilation_response;stage2_characterization;28;30;26.2;65.3;26.2;57.5;26.44;3087;0;7.800003;0.000687;0;0;140;140;normal;;-34;"firmware=bsf_fw_stage2_live_v1, test=live_media_characterization, duration_plan=5h, target_reference=28-30C, phase=stage2_live_ventilation_response, safety=normal, heater_demand_pct=0.0, intake_pwm=140, exhaust_pwm=140, relay=OFF, note=150-210 min ventilation response; heater OFF; intake MEDIUM; exhaust MEDIUM"
2026-07-08T21:47:34.484594+00:00;10295;stage2_characterization_01;2;stage2_live_ventilation_response;stage2_characterization;28;30;26.3;65.3;26.3;58.1;26.38;3045;0;7.200005;0.30011;0;0;140;140;normal;;-34;"firmware=bsf_fw_stage2_live_v1, test=live_media_characterization, duration_plan=5h, target_reference=28-30C, phase=stage2_live_ventilation_response, safety=normal, heater_demand_pct=0.0, intake_pwm=140, exhaust_pwm=140, relay=OFF, note=150-210 min ventilation response; heater OFF; intake MEDIUM; exhaust MEDIUM"
2026-07-08T21:48:04.483353+00:00;10325;stage2_characterization_01;2;stage2_live_ventilation_response;stage2_characterization;28;30;26.3;65.5;26.3;57.8;26.31;3042;0;7.700001;0.077133;0;0;140;140;normal;;-34;"firmware=bsf_fw_stage2_live_v1, test=live_media_characterization, duration_plan=5h, target_reference=28-30C, phase=stage2_live_ventilation_response, safety=normal, heater_demand_pct=0.0, intake_pwm=140, exhaust_pwm=140, relay=OFF, note=150-210 min ventilation response; heater OFF; intake MEDIUM; exhaust MEDIUM"
2026-07-08T21:48:34.053443+00:00;10355;stage2_characterization_01;2;stage2_live_ventilation_response;stage2_characterization;28;30;26.3;65;26.3;57.1;26.31;3055;0;7.900002;0.013733;0;0;140;140;normal;;-34;"firmware=bsf_fw_stage2_live_v1, test=live_media_characterization, duration_plan=5h, target_reference=28-30C, phase=stage2_live_ventilation_response, safety=normal, heater_demand_pct=0.0, intake_pwm=140, exhaust_pwm=140, relay=OFF, note=150-210 min ventilation response; heater OFF; intake MEDIUM; exhaust MEDIUM"
2026-07-08T21:49:04.099692+00:00;10385;stage2_characterization_01;2;stage2_live_ventilation_response;stage2_characterization;28;30;26.3;65;26.4;57.7;26.25;3027;-0.1;7.299999;0.002449;0;0;140;140;normal;;-34;"firmware=bsf_fw_stage2_live_v1, test=live_media_characterization, duration_plan=5h, target_reference=28-30C, phase=stage2_live_ventilation_response, safety=normal, heater_demand_pct=0.0, intake_pwm=140, exhaust_pwm=140, relay=OFF, note=150-210 min ventilation response; heater OFF; intake MEDIUM; exhaust MEDIUM"
2026-07-08T21:49:34.037788+00:00;10415;stage2_characterization_01;2;stage2_live_ventilation_response;stage2_characterization;28;30;26.4;65.1;26.4;57.5;26.19;3026;0;7.599998;0.225426;0;0;140;140;normal;;-34;"firmware=bsf_fw_stage2_live_v1, test=live_media_characterization, duration_plan=5h, target_reference=28-30C, phase=stage2_live_ventilation_response, safety=normal, heater_demand_pct=0.0, intake_pwm=140, exhaust_pwm=140, relay=OFF, note=150-210 min ventilation response; heater OFF; intake MEDIUM; exhaust MEDIUM"
2026-07-08T21:50:04.150588+00:00;10445;stage2_characterization_01;2;stage2_live_ventilation_response;stage2_characterization;28;30;26.4;65;26.4;57.5;26.13;3024;0;7.5;0.040123;0;0;140;140;normal;;-34;"firmware=bsf_fw_stage2_live_v1, test=live_media_characterization, duration_plan=5h, target_reference=28-30C, phase=stage2_live_ventilation_response, safety=normal, heater_demand_pct=0.0, intake_pwm=140, exhaust_pwm=140, relay=OFF, note=150-210 min ventilation response; heater OFF; intake MEDIUM; exhaust MEDIUM"
2026-07-08T21:50:34.417292+00:00;10475;stage2_characterization_01;2;stage2_live_ventilation_response;stage2_characterization;28;30;26.4;64.4;26.4;55.7;26.13;3039;0;8.700001;0.007141;0;0;140;140;normal;;-37;"firmware=bsf_fw_stage2_live_v1, test=live_media_characterization, duration_plan=5h, target_reference=28-30C, phase=stage2_live_ventilation_response, safety=normal, heater_demand_pct=0.0, intake_pwm=140, exhaust_pwm=140, relay=OFF, note=150-210 min ventilation response; heater OFF; intake MEDIUM; exhaust MEDIUM"
2026-07-08T21:51:04.217303+00:00;10505;stage2_characterization_01;2;stage2_live_ventilation_response;stage2_characterization;28;30;26.4;63.8;26.3;56.2;26.13;3037;0.1;7.599998;0.001259;0;0;140;140;normal;;-37;"firmware=bsf_fw_stage2_live_v1, test=live_media_characterization, duration_plan=5h, target_reference=28-30C, phase=stage2_live_ventilation_response, safety=normal, heater_demand_pct=0.0, intake_pwm=140, exhaust_pwm=140, relay=OFF, note=150-210 min ventilation response; heater OFF; intake MEDIUM; exhaust MEDIUM"
2026-07-08T21:51:34.968279+00:00;10535;stage2_characterization_01;2;stage2_live_ventilation_response;stage2_characterization;28;30;26.4;64.2;26.3;56.8;26.19;3050;0.1;7.399998;0.000229;0;0;140;140;normal;;-37;"firmware=bsf_fw_stage2_live_v1, test=live_media_characterization, duration_plan=5h, target_reference=28-30C, phase=stage2_live_ventilation_response, safety=normal, heater_demand_pct=0.0, intake_pwm=140, exhaust_pwm=140, relay=OFF, note=150-210 min ventilation response; heater OFF; intake MEDIUM; exhaust MEDIUM"
2026-07-08T21:52:04.125923+00:00;10565;stage2_characterization_01;2;stage2_live_ventilation_response;stage2_characterization;28;30;26.4;64.3;26.3;56.5;26.19;3026;0.1;7.800003;0.000046;0;0;140;140;normal;;-37;"firmware=bsf_fw_stage2_live_v1, test=live_media_characterization, duration_plan=5h, target_reference=28-30C, phase=stage2_live_ventilation_response, safety=normal, heater_demand_pct=0.0, intake_pwm=140, exhaust_pwm=140, relay=OFF, note=150-210 min ventilation response; heater OFF; intake MEDIUM; exhaust MEDIUM"
2026-07-08T21:52:34.563007+00:00;10595;stage2_characterization_01;2;stage2_live_ventilation_response;stage2_characterization;28;30;26.4;63.7;26.3;55.8;26.13;3063;0.1;7.900002;0;0;0;140;140;normal;;-37;"firmware=bsf_fw_stage2_live_v1, test=live_media_characterization, duration_plan=5h, target_reference=28-30C, phase=stage2_live_ventilation_response, safety=normal, heater_demand_pct=0.0, intake_pwm=140, exhaust_pwm=140, relay=OFF, note=150-210 min ventilation response; heater OFF; intake MEDIUM; exhaust MEDIUM"
2026-07-08T21:53:04.473541+00:00;10625;stage2_characterization_01;2;stage2_live_ventilation_response;stage2_characterization;28;30;26.4;63.6;26.2;56.8;26.13;3037;0.199999;6.799999;0;0;0;140;140;normal;;-37;"firmware=bsf_fw_stage2_live_v1, test=live_media_characterization, duration_plan=5h, target_reference=28-30C, phase=stage2_live_ventilation_response, safety=normal, heater_demand_pct=0.0, intake_pwm=140, exhaust_pwm=140, relay=OFF, note=150-210 min ventilation response; heater OFF; intake MEDIUM; exhaust MEDIUM"
2026-07-08T21:53:34.141868+00:00;10655;stage2_characterization_01;2;stage2_live_ventilation_response;stage2_characterization;28;30;26.4;63.6;26.3;56.8;26.13;3051;0.1;6.799999;0;0;0;140;140;normal;;-37;"firmware=bsf_fw_stage2_live_v1, test=live_media_characterization, duration_plan=5h, target_reference=28-30C, phase=stage2_live_ventilation_response, safety=normal, heater_demand_pct=0.0, intake_pwm=140, exhaust_pwm=140, relay=OFF, note=150-210 min ventilation response; heater OFF; intake MEDIUM; exhaust MEDIUM"
2026-07-08T21:54:04.092586+00:00;10685;stage2_characterization_01;2;stage2_live_ventilation_response;stage2_characterization;28;30;26.4;63.4;26.3;55.9;26.13;3088;0.1;7.5;0;0;0;140;140;normal;;-37;"firmware=bsf_fw_stage2_live_v1, test=live_media_characterization, duration_plan=5h, target_reference=28-30C, phase=stage2_live_ventilation_response, safety=normal, heater_demand_pct=0.0, intake_pwm=140, exhaust_pwm=140, relay=OFF, note=150-210 min ventilation response; heater OFF; intake MEDIUM; exhaust MEDIUM"
2026-07-08T21:54:34.492345+00:00;10715;stage2_characterization_01;2;stage2_live_ventilation_response;stage2_characterization;28;30;26.4;63.2;26.2;56.7;26;3071;0.199999;6.5;0;0;0;140;140;normal;;-37;"firmware=bsf_fw_stage2_live_v1, test=live_media_characterization, duration_plan=5h, target_reference=28-30C, phase=stage2_live_ventilation_response, safety=normal, heater_demand_pct=0.0, intake_pwm=140, exhaust_pwm=140, relay=OFF, note=150-210 min ventilation response; heater OFF; intake MEDIUM; exhaust MEDIUM"
2026-07-08T21:55:03.695002+00:00;10745;stage2_characterization_01;2;stage2_live_ventilation_response;stage2_characterization;28;30;26.4;63.2;26.3;56.6;26;3054;0.1;6.600002;0;0;0;140;140;normal;;-37;"firmware=bsf_fw_stage2_live_v1, test=live_media_characterization, duration_plan=5h, target_reference=28-30C, phase=stage2_live_ventilation_response, safety=normal, heater_demand_pct=0.0, intake_pwm=140, exhaust_pwm=140, relay=OFF, note=150-210 min ventilation response; heater OFF; intake MEDIUM; exhaust MEDIUM"
2026-07-08T21:55:34.512047+00:00;10775;stage2_characterization_01;2;stage2_live_ventilation_response;stage2_characterization;28;30;26.4;63.2;26.2;55.5;26;3068;0.199999;7.700001;0;0;0;140;140;normal;;-37;"firmware=bsf_fw_stage2_live_v1, test=live_media_characterization, duration_plan=5h, target_reference=28-30C, phase=stage2_live_ventilation_response, safety=normal, heater_demand_pct=0.0, intake_pwm=140, exhaust_pwm=140, relay=OFF, note=150-210 min ventilation response; heater OFF; intake MEDIUM; exhaust MEDIUM"
2026-07-08T21:56:04.939921+00:00;10805;stage2_characterization_01;2;stage2_live_ventilation_response;stage2_characterization;28;30;26.4;62.8;26.1;55.9;26;3039;0.299999;6.899998;0;0;0;140;140;normal;;-38;"firmware=bsf_fw_stage2_live_v1, test=live_media_characterization, duration_plan=5h, target_reference=28-30C, phase=stage2_live_ventilation_response, safety=normal, heater_demand_pct=0.0, intake_pwm=140, exhaust_pwm=140, relay=OFF, note=150-210 min ventilation response; heater OFF; intake MEDIUM; exhaust MEDIUM"
2026-07-08T21:56:33.696056+00:00;10835;stage2_characterization_01;2;stage2_live_ventilation_response;stage2_characterization;28;30;26.4;63;26.2;56.5;25.94;3062;0.199999;6.5;0;0;0;140;140;normal;;-38;"firmware=bsf_fw_stage2_live_v1, test=live_media_characterization, duration_plan=5h, target_reference=28-30C, phase=stage2_live_ventilation_response, safety=normal, heater_demand_pct=0.0, intake_pwm=140, exhaust_pwm=140, relay=OFF, note=150-210 min ventilation response; heater OFF; intake MEDIUM; exhaust MEDIUM"
2026-07-08T21:57:04.14308+00:00;10865;stage2_characterization_01;2;stage2_live_ventilation_response;stage2_characterization;28;30;26.4;62.3;26.2;56.1;25.94;3049;0.199999;6.200001;0;0;0;140;140;normal;;-37;"firmware=bsf_fw_stage2_live_v1, test=live_media_characterization, duration_plan=5h, target_reference=28-30C, phase=stage2_live_ventilation_response, safety=normal, heater_demand_pct=0.0, intake_pwm=140, exhaust_pwm=140, relay=OFF, note=150-210 min ventilation response; heater OFF; intake MEDIUM; exhaust MEDIUM"
2026-07-08T21:57:34.189255+00:00;10895;stage2_characterization_01;2;stage2_live_ventilation_response;stage2_characterization;28;30;26.4;62.6;26.2;56.3;25.94;3046;0.199999;6.299999;0;0;0;140;140;normal;;-37;"firmware=bsf_fw_stage2_live_v1, test=live_media_characterization, duration_plan=5h, target_reference=28-30C, phase=stage2_live_ventilation_response, safety=normal, heater_demand_pct=0.0, intake_pwm=140, exhaust_pwm=140, relay=OFF, note=150-210 min ventilation response; heater OFF; intake MEDIUM; exhaust MEDIUM"
2026-07-08T21:58:04.051311+00:00;10925;stage2_characterization_01;2;stage2_live_ventilation_response;stage2_characterization;28;30;26.4;63;26.2;56.3;25.94;3057;0.199999;6.700001;0;0;0;140;140;normal;;-38;"firmware=bsf_fw_stage2_live_v1, test=live_media_characterization, duration_plan=5h, target_reference=28-30C, phase=stage2_live_ventilation_response, safety=normal, heater_demand_pct=0.0, intake_pwm=140, exhaust_pwm=140, relay=OFF, note=150-210 min ventilation response; heater OFF; intake MEDIUM; exhaust MEDIUM"
2026-07-08T21:58:33.661528+00:00;10955;stage2_characterization_01;2;stage2_live_ventilation_response;stage2_characterization;28;30;26.4;62.6;26.2;56.2;26;3053;0.199999;6.399998;0;0;0;140;140;normal;;-39;"firmware=bsf_fw_stage2_live_v1, test=live_media_characterization, duration_plan=5h, target_reference=28-30C, phase=stage2_live_ventilation_response, safety=normal, heater_demand_pct=0.0, intake_pwm=140, exhaust_pwm=140, relay=OFF, note=150-210 min ventilation response; heater OFF; intake MEDIUM; exhaust MEDIUM"
2026-07-08T21:59:04.98505+00:00;10985;stage2_characterization_01;2;stage2_live_ventilation_response;stage2_characterization;28;30;26.4;62.5;26.3;56;26;3049;0.1;6.5;0;0;0;140;140;normal;;-37;"firmware=bsf_fw_stage2_live_v1, test=live_media_characterization, duration_plan=5h, target_reference=28-30C, phase=stage2_live_ventilation_response, safety=normal, heater_demand_pct=0.0, intake_pwm=140, exhaust_pwm=140, relay=OFF, note=150-210 min ventilation response; heater OFF; intake MEDIUM; exhaust MEDIUM"
2026-07-08T21:59:34.100131+00:00;11015;stage2_characterization_01;2;stage2_live_ventilation_response;stage2_characterization;28;30;26.4;62.5;26.2;56;26;3055;0.199999;6.5;0;0;0;140;140;normal;;-38;"firmware=bsf_fw_stage2_live_v1, test=live_media_characterization, duration_plan=5h, target_reference=28-30C, phase=stage2_live_ventilation_response, safety=normal, heater_demand_pct=0.0, intake_pwm=140, exhaust_pwm=140, relay=OFF, note=150-210 min ventilation response; heater OFF; intake MEDIUM; exhaust MEDIUM"
2026-07-08T22:00:04.104486+00:00;11045;stage2_characterization_01;2;stage2_live_ventilation_response;stage2_characterization;28;30;26.4;62.5;26.1;56;26;3062;0.299999;6.5;0;0;0;140;140;normal;;-38;"firmware=bsf_fw_stage2_live_v1, test=live_media_characterization, duration_plan=5h, target_reference=28-30C, phase=stage2_live_ventilation_response, safety=normal, heater_demand_pct=0.0, intake_pwm=140, exhaust_pwm=140, relay=OFF, note=150-210 min ventilation response; heater OFF; intake MEDIUM; exhaust MEDIUM"
2026-07-08T22:00:34.990247+00:00;11075;stage2_characterization_01;2;stage2_live_ventilation_response;stage2_characterization;28;30;26.4;62.3;26.2;56.1;25.94;3056;0.199999;6.200001;0;0;0;140;140;normal;;-39;"firmware=bsf_fw_stage2_live_v1, test=live_media_characterization, duration_plan=5h, target_reference=28-30C, phase=stage2_live_ventilation_response, safety=normal, heater_demand_pct=0.0, intake_pwm=140, exhaust_pwm=140, relay=OFF, note=150-210 min ventilation response; heater OFF; intake MEDIUM; exhaust MEDIUM"
2026-07-08T22:01:04.049216+00:00;11105;stage2_characterization_01;2;stage2_live_ventilation_response;stage2_characterization;28;30;26.4;62;26.2;55.8;25.94;3067;0.199999;6.200001;0;0;0;140;140;normal;;-38;"firmware=bsf_fw_stage2_live_v1, test=live_media_characterization, duration_plan=5h, target_reference=28-30C, phase=stage2_live_ventilation_response, safety=normal, heater_demand_pct=0.0, intake_pwm=140, exhaust_pwm=140, relay=OFF, note=150-210 min ventilation response; heater OFF; intake MEDIUM; exhaust MEDIUM"
2026-07-08T22:01:34.50347+00:00;11135;stage2_characterization_01;2;stage2_live_ventilation_response;stage2_characterization;28;30;26.4;63;26.2;55.9;25.94;3061;0.199999;7.099998;0;0;0;140;140;normal;;-38;"firmware=bsf_fw_stage2_live_v1, test=live_media_characterization, duration_plan=5h, target_reference=28-30C, phase=stage2_live_ventilation_response, safety=normal, heater_demand_pct=0.0, intake_pwm=140, exhaust_pwm=140, relay=OFF, note=150-210 min ventilation response; heater OFF; intake MEDIUM; exhaust MEDIUM"
2026-07-08T22:02:04.438977+00:00;11165;stage2_characterization_01;2;stage2_live_ventilation_response;stage2_characterization;28;30;26.4;62.8;26.2;56.7;25.94;3051;0.199999;6.099998;0;0;0;140;140;normal;;-38;"firmware=bsf_fw_stage2_live_v1, test=live_media_characterization, duration_plan=5h, target_reference=28-30C, phase=stage2_live_ventilation_response, safety=normal, heater_demand_pct=0.0, intake_pwm=140, exhaust_pwm=140, relay=OFF, note=150-210 min ventilation response; heater OFF; intake MEDIUM; exhaust MEDIUM"
2026-07-08T22:02:34.566195+00:00;11195;stage2_characterization_01;2;stage2_live_ventilation_response;stage2_characterization;28;30;26.4;62.3;26.2;56;25.94;3052;0.199999;6.299999;0;0;0;140;140;normal;;-37;"firmware=bsf_fw_stage2_live_v1, test=live_media_characterization, duration_plan=5h, target_reference=28-30C, phase=stage2_live_ventilation_response, safety=normal, heater_demand_pct=0.0, intake_pwm=140, exhaust_pwm=140, relay=OFF, note=150-210 min ventilation response; heater OFF; intake MEDIUM; exhaust MEDIUM"
2026-07-08T22:03:04.111005+00:00;11225;stage2_characterization_01;2;stage2_live_ventilation_response;stage2_characterization;28;30;26.4;63.2;26.2;56.5;25.88;3063;0.199999;6.700001;0;0;0;140;140;normal;;-37;"firmware=bsf_fw_stage2_live_v1, test=live_media_characterization, duration_plan=5h, target_reference=28-30C, phase=stage2_live_ventilation_response, safety=normal, heater_demand_pct=0.0, intake_pwm=140, exhaust_pwm=140, relay=OFF, note=150-210 min ventilation response; heater OFF; intake MEDIUM; exhaust MEDIUM"
2026-07-08T22:03:34.763819+00:00;11255;stage2_characterization_01;2;stage2_live_ventilation_response;stage2_characterization;28;30;26.4;63.1;26.2;56.4;25.88;3050;0.199999;6.699997;0;0;0;140;140;normal;;-38;"firmware=bsf_fw_stage2_live_v1, test=live_media_characterization, duration_plan=5h, target_reference=28-30C, phase=stage2_live_ventilation_response, safety=normal, heater_demand_pct=0.0, intake_pwm=140, exhaust_pwm=140, relay=OFF, note=150-210 min ventilation response; heater OFF; intake MEDIUM; exhaust MEDIUM"
2026-07-08T22:04:04.105486+00:00;11285;stage2_characterization_01;2;stage2_live_ventilation_response;stage2_characterization;28;30;26.4;63;26.2;56.6;25.88;3090;0.199999;6.400002;0;0;0;140;140;normal;;-38;"firmware=bsf_fw_stage2_live_v1, test=live_media_characterization, duration_plan=5h, target_reference=28-30C, phase=stage2_live_ventilation_response, safety=normal, heater_demand_pct=0.0, intake_pwm=140, exhaust_pwm=140, relay=OFF, note=150-210 min ventilation response; heater OFF; intake MEDIUM; exhaust MEDIUM"
2026-07-08T22:04:34.471473+00:00;11315;stage2_characterization_01;2;stage2_live_ventilation_response;stage2_characterization;28;30;26.4;62.9;26.3;55.8;25.94;3071;0.1;7.100002;0;0;0;140;140;normal;;-39;"firmware=bsf_fw_stage2_live_v1, test=live_media_characterization, duration_plan=5h, target_reference=28-30C, phase=stage2_live_ventilation_response, safety=normal, heater_demand_pct=0.0, intake_pwm=140, exhaust_pwm=140, relay=OFF, note=150-210 min ventilation response; heater OFF; intake MEDIUM; exhaust MEDIUM"
2026-07-08T22:05:03.778516+00:00;11345;stage2_characterization_01;2;stage2_live_ventilation_response;stage2_characterization;28;30;26.4;62.2;26.2;55.7;25.88;3059;0.199999;6.5;0;0;0;140;140;normal;;-39;"firmware=bsf_fw_stage2_live_v1, test=live_media_characterization, duration_plan=5h, target_reference=28-30C, phase=stage2_live_ventilation_response, safety=normal, heater_demand_pct=0.0, intake_pwm=140, exhaust_pwm=140, relay=OFF, note=150-210 min ventilation response; heater OFF; intake MEDIUM; exhaust MEDIUM"
2026-07-08T22:05:34.030625+00:00;11375;stage2_characterization_01;2;stage2_live_ventilation_response;stage2_characterization;28;30;26.4;62.1;26.2;55.2;25.88;3118;0.199999;6.899998;0;0;0;140;140;normal;;-39;"firmware=bsf_fw_stage2_live_v1, test=live_media_characterization, duration_plan=5h, target_reference=28-30C, phase=stage2_live_ventilation_response, safety=normal, heater_demand_pct=0.0, intake_pwm=140, exhaust_pwm=140, relay=OFF, note=150-210 min ventilation response; heater OFF; intake MEDIUM; exhaust MEDIUM"
2026-07-08T22:06:04.646359+00:00;11405;stage2_characterization_01;2;stage2_live_ventilation_response;stage2_characterization;28;30;26.4;62.1;26.2;55.5;25.94;3122;0.199999;6.599998;0;0;0;140;140;normal;;-38;"firmware=bsf_fw_stage2_live_v1, test=live_media_characterization, duration_plan=5h, target_reference=28-30C, phase=stage2_live_ventilation_response, safety=normal, heater_demand_pct=0.0, intake_pwm=140, exhaust_pwm=140, relay=OFF, note=150-210 min ventilation response; heater OFF; intake MEDIUM; exhaust MEDIUM"
2026-07-08T22:06:34.00732+00:00;11435;stage2_characterization_01;2;stage2_live_ventilation_response;stage2_characterization;28;30;26.4;62.6;26.2;55.6;25.94;3106;0.199999;7;0;0;0;140;140;normal;;-38;"firmware=bsf_fw_stage2_live_v1, test=live_media_characterization, duration_plan=5h, target_reference=28-30C, phase=stage2_live_ventilation_response, safety=normal, heater_demand_pct=0.0, intake_pwm=140, exhaust_pwm=140, relay=OFF, note=150-210 min ventilation response; heater OFF; intake MEDIUM; exhaust MEDIUM"
2026-07-08T22:07:04.17462+00:00;11465;stage2_characterization_01;2;stage2_live_ventilation_response;stage2_characterization;28;30;26.4;62.5;26.2;55.2;26;3071;0.199999;7.299999;0;0;0;140;140;normal;;-37;"firmware=bsf_fw_stage2_live_v1, test=live_media_characterization, duration_plan=5h, target_reference=28-30C, phase=stage2_live_ventilation_response, safety=normal, heater_demand_pct=0.0, intake_pwm=140, exhaust_pwm=140, relay=OFF, note=150-210 min ventilation response; heater OFF; intake MEDIUM; exhaust MEDIUM"
2026-07-08T22:07:34.886577+00:00;11495;stage2_characterization_01;2;stage2_live_ventilation_response;stage2_characterization;28;30;26.4;62;26.2;55.3;26;3081;0.199999;6.700001;0;0;0;140;140;normal;;-37;"firmware=bsf_fw_stage2_live_v1, test=live_media_characterization, duration_plan=5h, target_reference=28-30C, phase=stage2_live_ventilation_response, safety=normal, heater_demand_pct=0.0, intake_pwm=140, exhaust_pwm=140, relay=OFF, note=150-210 min ventilation response; heater OFF; intake MEDIUM; exhaust MEDIUM"
2026-07-08T22:08:04.163879+00:00;11525;stage2_characterization_01;2;stage2_live_ventilation_response;stage2_characterization;28;30;26.4;62.1;26.2;55.4;26;3097;0.199999;6.699997;0;0;0;140;140;normal;;-40;"firmware=bsf_fw_stage2_live_v1, test=live_media_characterization, duration_plan=5h, target_reference=28-30C, phase=stage2_live_ventilation_response, safety=normal, heater_demand_pct=0.0, intake_pwm=140, exhaust_pwm=140, relay=OFF, note=150-210 min ventilation response; heater OFF; intake MEDIUM; exhaust MEDIUM"
2026-07-08T22:08:34.068495+00:00;11555;stage2_characterization_01;2;stage2_live_ventilation_response;stage2_characterization;28;30;26.4;62.3;26.2;55.5;26.06;3088;0.199999;6.799999;0;0;0;140;140;normal;;-37;"firmware=bsf_fw_stage2_live_v1, test=live_media_characterization, duration_plan=5h, target_reference=28-30C, phase=stage2_live_ventilation_response, safety=normal, heater_demand_pct=0.0, intake_pwm=140, exhaust_pwm=140, relay=OFF, note=150-210 min ventilation response; heater OFF; intake MEDIUM; exhaust MEDIUM"
2026-07-08T22:09:04.190882+00:00;11585;stage2_characterization_01;2;stage2_live_ventilation_response;stage2_characterization;28;30;26.4;62.1;26.2;55.5;26.06;3107;0.199999;6.599998;0;0;0;140;140;normal;;-37;"firmware=bsf_fw_stage2_live_v1, test=live_media_characterization, duration_plan=5h, target_reference=28-30C, phase=stage2_live_ventilation_response, safety=normal, heater_demand_pct=0.0, intake_pwm=140, exhaust_pwm=140, relay=OFF, note=150-210 min ventilation response; heater OFF; intake MEDIUM; exhaust MEDIUM"
2026-07-08T22:09:34.038772+00:00;11615;stage2_characterization_01;2;stage2_live_ventilation_response;stage2_characterization;28;30;26.4;62;26.2;55;26;3105;0.199999;7;0;0;0;140;140;normal;;-38;"firmware=bsf_fw_stage2_live_v1, test=live_media_characterization, duration_plan=5h, target_reference=28-30C, phase=stage2_live_ventilation_response, safety=normal, heater_demand_pct=0.0, intake_pwm=140, exhaust_pwm=140, relay=OFF, note=150-210 min ventilation response; heater OFF; intake MEDIUM; exhaust MEDIUM"
2026-07-08T22:10:05.019361+00:00;11645;stage2_characterization_01;2;stage2_live_ventilation_response;stage2_characterization;28;30;26.4;61.8;26.3;55.4;25.94;3088;0.1;6.399998;0;0;0;140;140;normal;;-38;"firmware=bsf_fw_stage2_live_v1, test=live_media_characterization, duration_plan=5h, target_reference=28-30C, phase=stage2_live_ventilation_response, safety=normal, heater_demand_pct=0.0, intake_pwm=140, exhaust_pwm=140, relay=OFF, note=150-210 min ventilation response; heater OFF; intake MEDIUM; exhaust MEDIUM"
2026-07-08T22:10:34.121936+00:00;11675;stage2_characterization_01;2;stage2_live_ventilation_response;stage2_characterization;28;30;26.4;62.3;26.3;55.7;25.94;3083;0.1;6.599998;0;0;0;140;140;normal;;-33;"firmware=bsf_fw_stage2_live_v1, test=live_media_characterization, duration_plan=5h, target_reference=28-30C, phase=stage2_live_ventilation_response, safety=normal, heater_demand_pct=0.0, intake_pwm=140, exhaust_pwm=140, relay=OFF, note=150-210 min ventilation response; heater OFF; intake MEDIUM; exhaust MEDIUM"
2026-07-08T22:11:04.934307+00:00;11705;stage2_characterization_01;2;stage2_live_ventilation_response;stage2_characterization;28;30;26.4;62.2;26.4;54.4;25.94;3066;0;7.799999;0;0;0;140;140;normal;;-34;"firmware=bsf_fw_stage2_live_v1, test=live_media_characterization, duration_plan=5h, target_reference=28-30C, phase=stage2_live_ventilation_response, safety=normal, heater_demand_pct=0.0, intake_pwm=140, exhaust_pwm=140, relay=OFF, note=150-210 min ventilation response; heater OFF; intake MEDIUM; exhaust MEDIUM"
2026-07-08T22:11:33.676415+00:00;11735;stage2_characterization_01;2;stage2_live_ventilation_response;stage2_characterization;28;30;26.4;61.8;26.3;54.1;26;3088;0.1;7.700001;-0.075005;0;0;140;140;normal;;-34;"firmware=bsf_fw_stage2_live_v1, test=live_media_characterization, duration_plan=5h, target_reference=28-30C, phase=stage2_live_ventilation_response, safety=normal, heater_demand_pct=0.0, intake_pwm=140, exhaust_pwm=140, relay=OFF, note=150-210 min ventilation response; heater OFF; intake MEDIUM; exhaust MEDIUM"
2026-07-08T22:12:03.753577+00:00;11765;stage2_characterization_01;2;stage2_live_ventilation_response;stage2_characterization;28;30;26.4;61.9;26.2;55;26;3088;0.199999;6.900002;-0.069603;0;0;140;140;normal;;-34;"firmware=bsf_fw_stage2_live_v1, test=live_media_characterization, duration_plan=5h, target_reference=28-30C, phase=stage2_live_ventilation_response, safety=normal, heater_demand_pct=0.0, intake_pwm=140, exhaust_pwm=140, relay=OFF, note=150-210 min ventilation response; heater OFF; intake MEDIUM; exhaust MEDIUM"
2026-07-08T22:12:33.638331+00:00;11795;stage2_characterization_01;2;stage2_live_ventilation_response;stage2_characterization;28;30;26.4;61.7;26.2;55.2;25.94;3056;0.199999;6.5;-0.012383;0;0;140;140;normal;;-34;"firmware=bsf_fw_stage2_live_v1, test=live_media_characterization, duration_plan=5h, target_reference=28-30C, phase=stage2_live_ventilation_response, safety=normal, heater_demand_pct=0.0, intake_pwm=140, exhaust_pwm=140, relay=OFF, note=150-210 min ventilation response; heater OFF; intake MEDIUM; exhaust MEDIUM"
2026-07-08T22:13:04.109337+00:00;11825;stage2_characterization_01;2;stage2_live_ventilation_response;stage2_characterization;28;30;26.4;61.4;26.2;54.3;25.88;3060;0.199999;7.100002;-0.002197;0;0;140;140;normal;;-34;"firmware=bsf_fw_stage2_live_v1, test=live_media_characterization, duration_plan=5h, target_reference=28-30C, phase=stage2_live_ventilation_response, safety=normal, heater_demand_pct=0.0, intake_pwm=140, exhaust_pwm=140, relay=OFF, note=150-210 min ventilation response; heater OFF; intake MEDIUM; exhaust MEDIUM"
2026-07-08T22:13:34.410816+00:00;11855;stage2_characterization_01;2;stage2_live_ventilation_response;stage2_characterization;28;30;26.4;61.2;26.2;54.1;25.88;3066;0.199999;7.100002;-0.000389;0;0;140;140;normal;;-34;"firmware=bsf_fw_stage2_live_v1, test=live_media_characterization, duration_plan=5h, target_reference=28-30C, phase=stage2_live_ventilation_response, safety=normal, heater_demand_pct=0.0, intake_pwm=140, exhaust_pwm=140, relay=OFF, note=150-210 min ventilation response; heater OFF; intake MEDIUM; exhaust MEDIUM"
2026-07-08T22:14:04.134878+00:00;11885;stage2_characterization_01;2;stage2_live_ventilation_response;stage2_characterization;28;30;26.4;61.2;26.1;54.4;25.81;3069;0.299999;6.799999;-0.000069;0;0;140;140;normal;;-35;"firmware=bsf_fw_stage2_live_v1, test=live_media_characterization, duration_plan=5h, target_reference=28-30C, phase=stage2_live_ventilation_response, safety=normal, heater_demand_pct=0.0, intake_pwm=140, exhaust_pwm=140, relay=OFF, note=150-210 min ventilation response; heater OFF; intake MEDIUM; exhaust MEDIUM"
2026-07-08T22:14:34.086102+00:00;11915;stage2_characterization_01;2;stage2_live_ventilation_response;stage2_characterization;28;30;26.4;61.2;26.1;54.2;25.81;3088;0.299999;7;-0.000023;0;0;140;140;normal;;-35;"firmware=bsf_fw_stage2_live_v1, test=live_media_characterization, duration_plan=5h, target_reference=28-30C, phase=stage2_live_ventilation_response, safety=normal, heater_demand_pct=0.0, intake_pwm=140, exhaust_pwm=140, relay=OFF, note=150-210 min ventilation response; heater OFF; intake MEDIUM; exhaust MEDIUM"
2026-07-08T22:15:05.009268+00:00;11945;stage2_characterization_01;2;stage2_live_ventilation_response;stage2_characterization;28;30;26.4;61.4;26;54.6;25.88;3083;0.4;6.800003;0;0;0;140;140;normal;;-33;"firmware=bsf_fw_stage2_live_v1, test=live_media_characterization, duration_plan=5h, target_reference=28-30C, phase=stage2_live_ventilation_response, safety=normal, heater_demand_pct=0.0, intake_pwm=140, exhaust_pwm=140, relay=OFF, note=150-210 min ventilation response; heater OFF; intake MEDIUM; exhaust MEDIUM"
2026-07-08T22:15:34.968353+00:00;11975;stage2_characterization_01;2;stage2_live_ventilation_response;stage2_characterization;28;30;26.4;61.8;26.1;55.1;25.81;3045;0.299999;6.700001;0;0;0;140;140;normal;;-34;"firmware=bsf_fw_stage2_live_v1, test=live_media_characterization, duration_plan=5h, target_reference=28-30C, phase=stage2_live_ventilation_response, safety=normal, heater_demand_pct=0.0, intake_pwm=140, exhaust_pwm=140, relay=OFF, note=150-210 min ventilation response; heater OFF; intake MEDIUM; exhaust MEDIUM"
2026-07-08T22:16:04.08466+00:00;12005;stage2_characterization_01;2;stage2_live_ventilation_response;stage2_characterization;28;30;26.4;61.5;26.1;54.6;25.88;3071;0.299999;6.900002;0;0;0;140;140;normal;;-34;"firmware=bsf_fw_stage2_live_v1, test=live_media_characterization, duration_plan=5h, target_reference=28-30C, phase=stage2_live_ventilation_response, safety=normal, heater_demand_pct=0.0, intake_pwm=140, exhaust_pwm=140, relay=OFF, note=150-210 min ventilation response; heater OFF; intake MEDIUM; exhaust MEDIUM"
2026-07-08T22:16:33.71518+00:00;12035;stage2_characterization_01;2;stage2_live_ventilation_response;stage2_characterization;28;30;26.4;61.8;26.1;55.2;25.88;3089;0.299999;6.599998;0;0;0;140;140;normal;;-34;"firmware=bsf_fw_stage2_live_v1, test=live_media_characterization, duration_plan=5h, target_reference=28-30C, phase=stage2_live_ventilation_response, safety=normal, heater_demand_pct=0.0, intake_pwm=140, exhaust_pwm=140, relay=OFF, note=150-210 min ventilation response; heater OFF; intake MEDIUM; exhaust MEDIUM"
2026-07-08T22:17:04.505807+00:00;12065;stage2_characterization_01;2;stage2_live_ventilation_response;stage2_characterization;28;30;26.4;61.5;26.2;54.4;25.88;3071;0.199999;7.099998;0;0;0;140;140;normal;;-34;"firmware=bsf_fw_stage2_live_v1, test=live_media_characterization, duration_plan=5h, target_reference=28-30C, phase=stage2_live_ventilation_response, safety=normal, heater_demand_pct=0.0, intake_pwm=140, exhaust_pwm=140, relay=OFF, note=150-210 min ventilation response; heater OFF; intake MEDIUM; exhaust MEDIUM"
2026-07-08T22:17:34.111505+00:00;12095;stage2_characterization_01;2;stage2_live_ventilation_response;stage2_characterization;28;30;26.4;61.4;26.1;54.3;25.88;3058;0.299999;7.100002;0;0;0;140;140;normal;;-33;"firmware=bsf_fw_stage2_live_v1, test=live_media_characterization, duration_plan=5h, target_reference=28-30C, phase=stage2_live_ventilation_response, safety=normal, heater_demand_pct=0.0, intake_pwm=140, exhaust_pwm=140, relay=OFF, note=150-210 min ventilation response; heater OFF; intake MEDIUM; exhaust MEDIUM"
2026-07-08T22:18:03.697311+00:00;12125;stage2_characterization_01;2;stage2_live_ventilation_response;stage2_characterization;28;30;26.4;61.5;26.2;54.2;25.88;3106;0.199999;7.299999;0;0;0;140;140;normal;;-33;"firmware=bsf_fw_stage2_live_v1, test=live_media_characterization, duration_plan=5h, target_reference=28-30C, phase=stage2_live_ventilation_response, safety=normal, heater_demand_pct=0.0, intake_pwm=140, exhaust_pwm=140, relay=OFF, note=150-210 min ventilation response; heater OFF; intake MEDIUM; exhaust MEDIUM"
2026-07-08T22:18:34.925514+00:00;12155;stage2_characterization_01;2;stage2_live_ventilation_response;stage2_characterization;28;30;26.4;61.7;26.1;54.9;25.94;3092;0.299999;6.799999;0;0;0;140;140;normal;;-34;"firmware=bsf_fw_stage2_live_v1, test=live_media_characterization, duration_plan=5h, target_reference=28-30C, phase=stage2_live_ventilation_response, safety=normal, heater_demand_pct=0.0, intake_pwm=140, exhaust_pwm=140, relay=OFF, note=150-210 min ventilation response; heater OFF; intake MEDIUM; exhaust MEDIUM"
2026-07-08T22:19:04.583815+00:00;12185;stage2_characterization_01;2;stage2_live_ventilation_response;stage2_characterization;28;30;26.4;61.9;26.3;56;25.88;3055;0.1;5.900002;0;0;0;140;140;normal;;-33;"firmware=bsf_fw_stage2_live_v1, test=live_media_characterization, duration_plan=5h, target_reference=28-30C, phase=stage2_live_ventilation_response, safety=normal, heater_demand_pct=0.0, intake_pwm=140, exhaust_pwm=140, relay=OFF, note=150-210 min ventilation response; heater OFF; intake MEDIUM; exhaust MEDIUM"
2026-07-08T22:19:33.699663+00:00;12215;stage2_characterization_01;2;stage2_live_ventilation_response;stage2_characterization;28;30;26.4;61.4;26.2;53.9;25.88;3086;0.199999;7.5;0;0;0;140;140;normal;;-34;"firmware=bsf_fw_stage2_live_v1, test=live_media_characterization, duration_plan=5h, target_reference=28-30C, phase=stage2_live_ventilation_response, safety=normal, heater_demand_pct=0.0, intake_pwm=140, exhaust_pwm=140, relay=OFF, note=150-210 min ventilation response; heater OFF; intake MEDIUM; exhaust MEDIUM"
2026-07-08T22:20:04.093844+00:00;12245;stage2_characterization_01;2;stage2_live_ventilation_response;stage2_characterization;28;30;26.4;61.6;26.2;55.2;25.94;3114;0.199999;6.399998;0;0;0;140;140;normal;;-34;"firmware=bsf_fw_stage2_live_v1, test=live_media_characterization, duration_plan=5h, target_reference=28-30C, phase=stage2_live_ventilation_response, safety=normal, heater_demand_pct=0.0, intake_pwm=140, exhaust_pwm=140, relay=OFF, note=150-210 min ventilation response; heater OFF; intake MEDIUM; exhaust MEDIUM"
2026-07-08T22:20:34.577759+00:00;12275;stage2_characterization_01;2;stage2_live_ventilation_response;stage2_characterization;28;30;26.4;62.1;26.3;55.1;25.94;3111;0.1;7;0;0;0;140;140;normal;;-35;"firmware=bsf_fw_stage2_live_v1, test=live_media_characterization, duration_plan=5h, target_reference=28-30C, phase=stage2_live_ventilation_response, safety=normal, heater_demand_pct=0.0, intake_pwm=140, exhaust_pwm=140, relay=OFF, note=150-210 min ventilation response; heater OFF; intake MEDIUM; exhaust MEDIUM"
2026-07-08T22:21:04.844101+00:00;12305;stage2_characterization_01;2;stage2_live_ventilation_response;stage2_characterization;28;30;26.4;61.5;26.3;53.7;25.94;3098;0.1;7.799999;0;0;0;140;140;normal;;-34;"firmware=bsf_fw_stage2_live_v1, test=live_media_characterization, duration_plan=5h, target_reference=28-30C, phase=stage2_live_ventilation_response, safety=normal, heater_demand_pct=0.0, intake_pwm=140, exhaust_pwm=140, relay=OFF, note=150-210 min ventilation response; heater OFF; intake MEDIUM; exhaust MEDIUM"
2026-07-08T22:21:34.526741+00:00;12335;stage2_characterization_01;2;stage2_live_ventilation_response;stage2_characterization;28;30;26.5;60.5;26.2;54.4;25.94;3087;0.299999;6.099998;0.201279;0;0;140;140;normal;;-33;"firmware=bsf_fw_stage2_live_v1, test=live_media_characterization, duration_plan=5h, target_reference=28-30C, phase=stage2_live_ventilation_response, safety=normal, heater_demand_pct=0.0, intake_pwm=140, exhaust_pwm=140, relay=OFF, note=150-210 min ventilation response; heater OFF; intake MEDIUM; exhaust MEDIUM"
2026-07-08T22:22:04.932264+00:00;12365;stage2_characterization_01;2;stage2_live_ventilation_response;stage2_characterization;28;30;26.5;60.7;26.3;54.3;25.88;3065;0.200001;6.400002;0.222427;0;0;140;140;normal;;-34;"firmware=bsf_fw_stage2_live_v1, test=live_media_characterization, duration_plan=5h, target_reference=28-30C, phase=stage2_live_ventilation_response, safety=normal, heater_demand_pct=0.0, intake_pwm=140, exhaust_pwm=140, relay=OFF, note=150-210 min ventilation response; heater OFF; intake MEDIUM; exhaust MEDIUM"
2026-07-08T22:22:34.509966+00:00;12395;stage2_characterization_01;2;stage2_live_ventilation_response;stage2_characterization;28;30;26.5;60.6;26.2;53.2;25.94;3083;0.299999;7.399998;0.039597;0;0;140;140;normal;;-34;"firmware=bsf_fw_stage2_live_v1, test=live_media_characterization, duration_plan=5h, target_reference=28-30C, phase=stage2_live_ventilation_response, safety=normal, heater_demand_pct=0.0, intake_pwm=140, exhaust_pwm=140, relay=OFF, note=150-210 min ventilation response; heater OFF; intake MEDIUM; exhaust MEDIUM"
2026-07-08T22:23:04.940949+00:00;12425;stage2_characterization_01;2;stage2_live_ventilation_response;stage2_characterization;28;30;26.4;60;26.1;53.3;25.88;3088;0.299999;6.700001;-0.250763;0;0;140;140;normal;;-34;"firmware=bsf_fw_stage2_live_v1, test=live_media_characterization, duration_plan=5h, target_reference=28-30C, phase=stage2_live_ventilation_response, safety=normal, heater_demand_pct=0.0, intake_pwm=140, exhaust_pwm=140, relay=OFF, note=150-210 min ventilation response; heater OFF; intake MEDIUM; exhaust MEDIUM"
2026-07-08T22:23:33.763924+00:00;12455;stage2_characterization_01;2;stage2_live_ventilation_response;stage2_characterization;28;30;26.4;60;26;54.3;25.88;3102;0.4;5.700001;-0.044641;0;0;140;140;normal;;-34;"firmware=bsf_fw_stage2_live_v1, test=live_media_characterization, duration_plan=5h, target_reference=28-30C, phase=stage2_live_ventilation_response, safety=normal, heater_demand_pct=0.0, intake_pwm=140, exhaust_pwm=140, relay=OFF, note=150-210 min ventilation response; heater OFF; intake MEDIUM; exhaust MEDIUM"
2026-07-08T22:24:03.709603+00:00;12485;stage2_characterization_01;2;stage2_live_ventilation_response;stage2_characterization;28;30;26.4;59.9;26;54.2;25.88;3104;0.4;5.700001;-0.007942;0;0;140;140;normal;;-33;"firmware=bsf_fw_stage2_live_v1, test=live_media_characterization, duration_plan=5h, target_reference=28-30C, phase=stage2_live_ventilation_response, safety=normal, heater_demand_pct=0.0, intake_pwm=140, exhaust_pwm=140, relay=OFF, note=150-210 min ventilation response; heater OFF; intake MEDIUM; exhaust MEDIUM"
2026-07-08T22:24:34.147821+00:00;12515;stage2_characterization_01;2;stage2_live_ventilation_response;stage2_characterization;28;30;26.4;60.5;26.1;53.9;25.88;3118;0.299999;6.599998;-0.001419;0;0;140;140;normal;;-34;"firmware=bsf_fw_stage2_live_v1, test=live_media_characterization, duration_plan=5h, target_reference=28-30C, phase=stage2_live_ventilation_response, safety=normal, heater_demand_pct=0.0, intake_pwm=140, exhaust_pwm=140, relay=OFF, note=150-210 min ventilation response; heater OFF; intake MEDIUM; exhaust MEDIUM"
2026-07-08T22:25:04.12707+00:00;12545;stage2_characterization_01;2;stage2_live_ventilation_response;stage2_characterization;28;30;26.4;60.4;26;54.5;25.88;3120;0.4;5.900002;-0.000252;0;0;140;140;normal;;-34;"firmware=bsf_fw_stage2_live_v1, test=live_media_characterization, duration_plan=5h, target_reference=28-30C, phase=stage2_live_ventilation_response, safety=normal, heater_demand_pct=0.0, intake_pwm=140, exhaust_pwm=140, relay=OFF, note=150-210 min ventilation response; heater OFF; intake MEDIUM; exhaust MEDIUM"
2026-07-08T22:25:34.178457+00:00;12575;stage2_characterization_01;2;stage2_live_ventilation_response;stage2_characterization;28;30;26.4;60.8;26;54.7;25.88;3099;0.4;6.099998;0.131218;0;0;140;140;normal;;-34;"firmware=bsf_fw_stage2_live_v1, test=live_media_characterization, duration_plan=5h, target_reference=28-30C, phase=stage2_live_ventilation_response, safety=normal, heater_demand_pct=0.0, intake_pwm=140, exhaust_pwm=140, relay=OFF, note=150-210 min ventilation response; heater OFF; intake MEDIUM; exhaust MEDIUM"
2026-07-08T22:26:03.692801+00:00;12605;stage2_characterization_01;2;stage2_live_cooling_air_exchange;stage2_characterization;28;30;26.3;60.7;26.1;53.8;25.88;3117;0.199999;6.900002;-0.071571;0;0;200;200;normal;;-34;"firmware=bsf_fw_stage2_live_v1, test=live_media_characterization, duration_plan=5h, target_reference=28-30C, phase=stage2_live_cooling_air_exchange, safety=normal, heater_demand_pct=0.0, intake_pwm=200, exhaust_pwm=200, relay=OFF, note=210-270 min cooling/air exchange; heater OFF; intake HIGH; exhaust HIGH"
2026-07-08T22:26:34.152914+00:00;12635;stage2_characterization_01;2;stage2_live_cooling_air_exchange;stage2_characterization;28;30;26.3;60.9;26.1;54.5;25.88;3096;0.199999;6.400002;-0.012726;0;0;200;200;normal;;-36;"firmware=bsf_fw_stage2_live_v1, test=live_media_characterization, duration_plan=5h, target_reference=28-30C, phase=stage2_live_cooling_air_exchange, safety=normal, heater_demand_pct=0.0, intake_pwm=200, exhaust_pwm=200, relay=OFF, note=210-270 min cooling/air exchange; heater OFF; intake HIGH; exhaust HIGH"
2026-07-08T22:27:04.558071+00:00;12665;stage2_characterization_01;2;stage2_live_cooling_air_exchange;stage2_characterization;28;30;26.3;60.3;26.1;54.5;25.94;3090;0.199999;5.799999;-0.002266;0;0;200;200;normal;;-33;"firmware=bsf_fw_stage2_live_v1, test=live_media_characterization, duration_plan=5h, target_reference=28-30C, phase=stage2_live_cooling_air_exchange, safety=normal, heater_demand_pct=0.0, intake_pwm=200, exhaust_pwm=200, relay=OFF, note=210-270 min cooling/air exchange; heater OFF; intake HIGH; exhaust HIGH"
2026-07-08T22:27:34.56933+00:00;12695;stage2_characterization_01;2;stage2_live_cooling_air_exchange;stage2_characterization;28;30;26.3;60.9;26.1;53.6;25.94;3093;0.199999;7.300003;-0.000412;0;0;200;200;normal;;-34;"firmware=bsf_fw_stage2_live_v1, test=live_media_characterization, duration_plan=5h, target_reference=28-30C, phase=stage2_live_cooling_air_exchange, safety=normal, heater_demand_pct=0.0, intake_pwm=200, exhaust_pwm=200, relay=OFF, note=210-270 min cooling/air exchange; heater OFF; intake HIGH; exhaust HIGH"
2026-07-08T22:28:03.720663+00:00;12725;stage2_characterization_01;2;stage2_live_cooling_air_exchange;stage2_characterization;28;30;26.3;60.2;26;53.7;25.94;3105;0.299999;6.5;-0.000069;0;0;200;200;normal;;-34;"firmware=bsf_fw_stage2_live_v1, test=live_media_characterization, duration_plan=5h, target_reference=28-30C, phase=stage2_live_cooling_air_exchange, safety=normal, heater_demand_pct=0.0, intake_pwm=200, exhaust_pwm=200, relay=OFF, note=210-270 min cooling/air exchange; heater OFF; intake HIGH; exhaust HIGH"
2026-07-08T22:28:34.550545+00:00;12755;stage2_characterization_01;2;stage2_live_cooling_air_exchange;stage2_characterization;28;30;26.3;60.7;26;55;25.94;3087;0.299999;5.700001;0;0;0;200;200;normal;;-34;"firmware=bsf_fw_stage2_live_v1, test=live_media_characterization, duration_plan=5h, target_reference=28-30C, phase=stage2_live_cooling_air_exchange, safety=normal, heater_demand_pct=0.0, intake_pwm=200, exhaust_pwm=200, relay=OFF, note=210-270 min cooling/air exchange; heater OFF; intake HIGH; exhaust HIGH"
2026-07-08T22:29:04.557437+00:00;12785;stage2_characterization_01;2;stage2_live_cooling_air_exchange;stage2_characterization;28;30;26.3;60.6;26.1;54.2;25.94;3107;0.199999;6.399998;0;0;0;200;200;normal;;-34;"firmware=bsf_fw_stage2_live_v1, test=live_media_characterization, duration_plan=5h, target_reference=28-30C, phase=stage2_live_cooling_air_exchange, safety=normal, heater_demand_pct=0.0, intake_pwm=200, exhaust_pwm=200, relay=OFF, note=210-270 min cooling/air exchange; heater OFF; intake HIGH; exhaust HIGH"
2026-07-08T22:29:34.435815+00:00;12815;stage2_characterization_01;2;stage2_live_cooling_air_exchange;stage2_characterization;28;30;26.3;60.2;26.1;53.6;25.94;3119;0.199999;6.600002;0;0;0;200;200;normal;;-34;"firmware=bsf_fw_stage2_live_v1, test=live_media_characterization, duration_plan=5h, target_reference=28-30C, phase=stage2_live_cooling_air_exchange, safety=normal, heater_demand_pct=0.0, intake_pwm=200, exhaust_pwm=200, relay=OFF, note=210-270 min cooling/air exchange; heater OFF; intake HIGH; exhaust HIGH"
2026-07-08T22:30:05.527434+00:00;12845;stage2_characterization_01;2;stage2_live_cooling_air_exchange;stage2_characterization;28;30;26.3;60.1;26;53.8;25.88;3104;0.299999;6.299999;0;0;0;200;200;normal;;-34;"firmware=bsf_fw_stage2_live_v1, test=live_media_characterization, duration_plan=5h, target_reference=28-30C, phase=stage2_live_cooling_air_exchange, safety=normal, heater_demand_pct=0.0, intake_pwm=200, exhaust_pwm=200, relay=OFF, note=210-270 min cooling/air exchange; heater OFF; intake HIGH; exhaust HIGH"
2026-07-08T22:30:34.561748+00:00;12875;stage2_characterization_01;2;stage2_live_cooling_air_exchange;stage2_characterization;28;30;26.3;60.2;26;54.5;25.81;3134;0.299999;5.700001;0;0;0;200;200;normal;;-35;"firmware=bsf_fw_stage2_live_v1, test=live_media_characterization, duration_plan=5h, target_reference=28-30C, phase=stage2_live_cooling_air_exchange, safety=normal, heater_demand_pct=0.0, intake_pwm=200, exhaust_pwm=200, relay=OFF, note=210-270 min cooling/air exchange; heater OFF; intake HIGH; exhaust HIGH"
2026-07-08T22:31:04.610227+00:00;12905;stage2_characterization_01;2;stage2_live_cooling_air_exchange;stage2_characterization;28;30;26.3;60.2;26;54.4;25.75;3114;0.299999;5.799999;0;0;0;200;200;normal;;-35;"firmware=bsf_fw_stage2_live_v1, test=live_media_characterization, duration_plan=5h, target_reference=28-30C, phase=stage2_live_cooling_air_exchange, safety=normal, heater_demand_pct=0.0, intake_pwm=200, exhaust_pwm=200, relay=OFF, note=210-270 min cooling/air exchange; heater OFF; intake HIGH; exhaust HIGH"
2026-07-08T22:31:34.596749+00:00;12935;stage2_characterization_01;2;stage2_live_cooling_air_exchange;stage2_characterization;28;30;26.3;60.5;26.1;54.4;25.75;3110;0.199999;6.099998;0;0;0;200;200;normal;;-36;"firmware=bsf_fw_stage2_live_v1, test=live_media_characterization, duration_plan=5h, target_reference=28-30C, phase=stage2_live_cooling_air_exchange, safety=normal, heater_demand_pct=0.0, intake_pwm=200, exhaust_pwm=200, relay=OFF, note=210-270 min cooling/air exchange; heater OFF; intake HIGH; exhaust HIGH"
2026-07-08T22:32:04.531559+00:00;12965;stage2_characterization_01;2;stage2_live_cooling_air_exchange;stage2_characterization;28;30;26.3;60.3;26.2;53.6;25.75;3104;0.099998;6.700001;0;0;0;200;200;normal;;-35;"firmware=bsf_fw_stage2_live_v1, test=live_media_characterization, duration_plan=5h, target_reference=28-30C, phase=stage2_live_cooling_air_exchange, safety=normal, heater_demand_pct=0.0, intake_pwm=200, exhaust_pwm=200, relay=OFF, note=210-270 min cooling/air exchange; heater OFF; intake HIGH; exhaust HIGH"
2026-07-08T22:32:34.142974+00:00;12995;stage2_characterization_01;2;stage2_live_cooling_air_exchange;stage2_characterization;28;30;26.3;59.8;26.1;53.4;25.69;3091;0.199999;6.399998;0;0;0;200;200;normal;;-35;"firmware=bsf_fw_stage2_live_v1, test=live_media_characterization, duration_plan=5h, target_reference=28-30C, phase=stage2_live_cooling_air_exchange, safety=normal, heater_demand_pct=0.0, intake_pwm=200, exhaust_pwm=200, relay=OFF, note=210-270 min cooling/air exchange; heater OFF; intake HIGH; exhaust HIGH"
2026-07-08T22:33:03.91824+00:00;13025;stage2_characterization_01;2;stage2_live_cooling_air_exchange;stage2_characterization;28;30;26.3;59.7;26;53.5;25.63;3116;0.299999;6.200001;0;0;0;200;200;normal;;-35;"firmware=bsf_fw_stage2_live_v1, test=live_media_characterization, duration_plan=5h, target_reference=28-30C, phase=stage2_live_cooling_air_exchange, safety=normal, heater_demand_pct=0.0, intake_pwm=200, exhaust_pwm=200, relay=OFF, note=210-270 min cooling/air exchange; heater OFF; intake HIGH; exhaust HIGH"
2026-07-08T22:33:34.146002+00:00;13055;stage2_characterization_01;2;stage2_live_cooling_air_exchange;stage2_characterization;28;30;26.3;59.8;26;53.6;25.63;3120;0.299999;6.200001;0;0;0;200;200;normal;;-34;"firmware=bsf_fw_stage2_live_v1, test=live_media_characterization, duration_plan=5h, target_reference=28-30C, phase=stage2_live_cooling_air_exchange, safety=normal, heater_demand_pct=0.0, intake_pwm=200, exhaust_pwm=200, relay=OFF, note=210-270 min cooling/air exchange; heater OFF; intake HIGH; exhaust HIGH"
2026-07-08T22:34:04.902407+00:00;13085;stage2_characterization_01;2;stage2_live_cooling_air_exchange;stage2_characterization;28;30;26.3;59.9;26;54;25.63;3137;0.299999;5.900002;0;0;0;200;200;normal;;-34;"firmware=bsf_fw_stage2_live_v1, test=live_media_characterization, duration_plan=5h, target_reference=28-30C, phase=stage2_live_cooling_air_exchange, safety=normal, heater_demand_pct=0.0, intake_pwm=200, exhaust_pwm=200, relay=OFF, note=210-270 min cooling/air exchange; heater OFF; intake HIGH; exhaust HIGH"
2026-07-08T22:34:34.053903+00:00;13115;stage2_characterization_01;2;stage2_live_cooling_air_exchange;stage2_characterization;28;30;26.3;59.8;26;53.7;25.56;3109;0.299999;6.099998;0;0;0;200;200;normal;;-35;"firmware=bsf_fw_stage2_live_v1, test=live_media_characterization, duration_plan=5h, target_reference=28-30C, phase=stage2_live_cooling_air_exchange, safety=normal, heater_demand_pct=0.0, intake_pwm=200, exhaust_pwm=200, relay=OFF, note=210-270 min cooling/air exchange; heater OFF; intake HIGH; exhaust HIGH"
2026-07-08T22:35:04.159723+00:00;13145;stage2_characterization_01;2;stage2_live_cooling_air_exchange;stage2_characterization;28;30;26.2;59.9;25.9;54.3;25.63;3101;0.300001;5.600002;-0.300018;0;0;200;200;normal;;-34;"firmware=bsf_fw_stage2_live_v1, test=live_media_characterization, duration_plan=5h, target_reference=28-30C, phase=stage2_live_cooling_air_exchange, safety=normal, heater_demand_pct=0.0, intake_pwm=200, exhaust_pwm=200, relay=OFF, note=210-270 min cooling/air exchange; heater OFF; intake HIGH; exhaust HIGH"
2026-07-08T22:35:34.184265+00:00;13175;stage2_characterization_01;2;stage2_live_cooling_air_exchange;stage2_characterization;28;30;26.2;60.5;26;54.9;25.63;3081;0.200001;5.599998;-0.202217;0;0;200;200;normal;;-34;"firmware=bsf_fw_stage2_live_v1, test=live_media_characterization, duration_plan=5h, target_reference=28-30C, phase=stage2_live_cooling_air_exchange, safety=normal, heater_demand_pct=0.0, intake_pwm=200, exhaust_pwm=200, relay=OFF, note=210-270 min cooling/air exchange; heater OFF; intake HIGH; exhaust HIGH"
2026-07-08T22:36:04.182396+00:00;13205;stage2_characterization_01;2;stage2_live_cooling_air_exchange;stage2_characterization;28;30;26.3;60;26;54.3;25.63;3071;0.299999;5.700001;0.077385;0;0;200;200;normal;;-35;"firmware=bsf_fw_stage2_live_v1, test=live_media_characterization, duration_plan=5h, target_reference=28-30C, phase=stage2_live_cooling_air_exchange, safety=normal, heater_demand_pct=0.0, intake_pwm=200, exhaust_pwm=200, relay=OFF, note=210-270 min cooling/air exchange; heater OFF; intake HIGH; exhaust HIGH"
2026-07-08T22:36:34.930327+00:00;13235;stage2_characterization_01;2;stage2_live_cooling_air_exchange;stage2_characterization;28;30;26.3;60.1;26;54.3;25.63;3107;0.299999;5.799999;0.037491;0;0;200;200;normal;;-36;"firmware=bsf_fw_stage2_live_v1, test=live_media_characterization, duration_plan=5h, target_reference=28-30C, phase=stage2_live_cooling_air_exchange, safety=normal, heater_demand_pct=0.0, intake_pwm=200, exhaust_pwm=200, relay=OFF, note=210-270 min cooling/air exchange; heater OFF; intake HIGH; exhaust HIGH"
2026-07-08T22:37:03.657829+00:00;13265;stage2_characterization_01;2;stage2_live_cooling_air_exchange;stage2_characterization;28;30;26.3;60.7;26.1;54.7;25.69;3133;0.199999;6;0.030396;0;0;200;200;normal;;-34;"firmware=bsf_fw_stage2_live_v1, test=live_media_characterization, duration_plan=5h, target_reference=28-30C, phase=stage2_live_cooling_air_exchange, safety=normal, heater_demand_pct=0.0, intake_pwm=200, exhaust_pwm=200, relay=OFF, note=210-270 min cooling/air exchange; heater OFF; intake HIGH; exhaust HIGH"
2026-07-08T22:37:34.090724+00:00;13295;stage2_characterization_01;2;stage2_live_cooling_air_exchange;stage2_characterization;28;30;26.3;60.4;26.1;54.1;25.63;3106;0.199999;6.300003;0.005402;0;0;200;200;normal;;-35;"firmware=bsf_fw_stage2_live_v1, test=live_media_characterization, duration_plan=5h, target_reference=28-30C, phase=stage2_live_cooling_air_exchange, safety=normal, heater_demand_pct=0.0, intake_pwm=200, exhaust_pwm=200, relay=OFF, note=210-270 min cooling/air exchange; heater OFF; intake HIGH; exhaust HIGH"
2026-07-08T22:38:04.120521+00:00;13325;stage2_characterization_01;2;stage2_live_cooling_air_exchange;stage2_characterization;28;30;26.3;60.6;26.1;53.5;25.63;3107;0.199999;7.099998;0.000961;0;0;200;200;normal;;-34;"firmware=bsf_fw_stage2_live_v1, test=live_media_characterization, duration_plan=5h, target_reference=28-30C, phase=stage2_live_cooling_air_exchange, safety=normal, heater_demand_pct=0.0, intake_pwm=200, exhaust_pwm=200, relay=OFF, note=210-270 min cooling/air exchange; heater OFF; intake HIGH; exhaust HIGH"
2026-07-08T22:38:34.12245+00:00;13355;stage2_characterization_01;2;stage2_live_cooling_air_exchange;stage2_characterization;28;30;26.3;60.3;26.1;54;25.63;3089;0.199999;6.299999;0.00016;0;0;200;200;normal;;-35;"firmware=bsf_fw_stage2_live_v1, test=live_media_characterization, duration_plan=5h, target_reference=28-30C, phase=stage2_live_cooling_air_exchange, safety=normal, heater_demand_pct=0.0, intake_pwm=200, exhaust_pwm=200, relay=OFF, note=210-270 min cooling/air exchange; heater OFF; intake HIGH; exhaust HIGH"
2026-07-08T22:39:04.508283+00:00;13385;stage2_characterization_01;2;stage2_live_cooling_air_exchange;stage2_characterization;28;30;26.3;60.5;26.2;53.9;25.69;3117;0.099998;6.599998;0.000023;0;0;200;200;normal;;-34;"firmware=bsf_fw_stage2_live_v1, test=live_media_characterization, duration_plan=5h, target_reference=28-30C, phase=stage2_live_cooling_air_exchange, safety=normal, heater_demand_pct=0.0, intake_pwm=200, exhaust_pwm=200, relay=OFF, note=210-270 min cooling/air exchange; heater OFF; intake HIGH; exhaust HIGH"
2026-07-08T22:39:34.190519+00:00;13415;stage2_characterization_01;2;stage2_live_cooling_air_exchange;stage2_characterization;28;30;26.3;60.5;26.2;53.4;25.69;3182;0.099998;7.099998;0;0;0;200;200;normal;;-34;"firmware=bsf_fw_stage2_live_v1, test=live_media_characterization, duration_plan=5h, target_reference=28-30C, phase=stage2_live_cooling_air_exchange, safety=normal, heater_demand_pct=0.0, intake_pwm=200, exhaust_pwm=200, relay=OFF, note=210-270 min cooling/air exchange; heater OFF; intake HIGH; exhaust HIGH"
2026-07-08T22:40:04.547409+00:00;13445;stage2_characterization_01;2;stage2_live_cooling_air_exchange;stage2_characterization;28;30;26.3;60.1;26.2;53;25.63;3118;0.099998;7.099998;0;0;0;200;200;normal;;-33;"firmware=bsf_fw_stage2_live_v1, test=live_media_characterization, duration_plan=5h, target_reference=28-30C, phase=stage2_live_cooling_air_exchange, safety=normal, heater_demand_pct=0.0, intake_pwm=200, exhaust_pwm=200, relay=OFF, note=210-270 min cooling/air exchange; heater OFF; intake HIGH; exhaust HIGH"
2026-07-08T22:40:34.129075+00:00;13475;stage2_characterization_01;2;stage2_live_cooling_air_exchange;stage2_characterization;28;30;26.3;60.1;26.2;53.7;25.69;3127;0.099998;6.399998;0;0;0;200;200;normal;;-34;"firmware=bsf_fw_stage2_live_v1, test=live_media_characterization, duration_plan=5h, target_reference=28-30C, phase=stage2_live_cooling_air_exchange, safety=normal, heater_demand_pct=0.0, intake_pwm=200, exhaust_pwm=200, relay=OFF, note=210-270 min cooling/air exchange; heater OFF; intake HIGH; exhaust HIGH"
2026-07-08T22:41:05.104407+00:00;13505;stage2_characterization_01;2;stage2_live_cooling_air_exchange;stage2_characterization;28;30;26.3;60.6;26.3;53.8;25.69;3120;0;6.799999;0;0;0;200;200;normal;;-33;"firmware=bsf_fw_stage2_live_v1, test=live_media_characterization, duration_plan=5h, target_reference=28-30C, phase=stage2_live_cooling_air_exchange, safety=normal, heater_demand_pct=0.0, intake_pwm=200, exhaust_pwm=200, relay=OFF, note=210-270 min cooling/air exchange; heater OFF; intake HIGH; exhaust HIGH"
2026-07-08T22:41:34.219353+00:00;13535;stage2_characterization_01;2;stage2_live_cooling_air_exchange;stage2_characterization;28;30;26.4;60.4;26.4;54.2;25.69;3108;0;6.200001;0.225014;0;0;200;200;normal;;-35;"firmware=bsf_fw_stage2_live_v1, test=live_media_characterization, duration_plan=5h, target_reference=28-30C, phase=stage2_live_cooling_air_exchange, safety=normal, heater_demand_pct=0.0, intake_pwm=200, exhaust_pwm=200, relay=OFF, note=210-270 min cooling/air exchange; heater OFF; intake HIGH; exhaust HIGH"
2026-07-08T22:42:04.238813+00:00;13565;stage2_characterization_01;2;stage2_live_cooling_air_exchange;stage2_characterization;28;30;26.4;60.8;26.4;53.9;25.69;3117;0;6.899998;0.040031;0;0;200;200;normal;;-34;"firmware=bsf_fw_stage2_live_v1, test=live_media_characterization, duration_plan=5h, target_reference=28-30C, phase=stage2_live_cooling_air_exchange, safety=normal, heater_demand_pct=0.0, intake_pwm=200, exhaust_pwm=200, relay=OFF, note=210-270 min cooling/air exchange; heater OFF; intake HIGH; exhaust HIGH"
2026-07-08T22:42:34.153006+00:00;13595;stage2_characterization_01;2;stage2_live_cooling_air_exchange;stage2_characterization;28;30;26.4;59.9;26.4;53;25.69;3103;0;6.900002;0.007118;0;0;200;200;normal;;-35;"firmware=bsf_fw_stage2_live_v1, test=live_media_characterization, duration_plan=5h, target_reference=28-30C, phase=stage2_live_cooling_air_exchange, safety=normal, heater_demand_pct=0.0, intake_pwm=200, exhaust_pwm=200, relay=OFF, note=210-270 min cooling/air exchange; heater OFF; intake HIGH; exhaust HIGH"
2026-07-08T22:43:04.057083+00:00;13625;stage2_characterization_01;2;stage2_live_cooling_air_exchange;stage2_characterization;28;30;26.4;60.2;26.3;53.4;25.69;3115;0.1;6.799999;0.001259;0;0;200;200;normal;;-34;"firmware=bsf_fw_stage2_live_v1, test=live_media_characterization, duration_plan=5h, target_reference=28-30C, phase=stage2_live_cooling_air_exchange, safety=normal, heater_demand_pct=0.0, intake_pwm=200, exhaust_pwm=200, relay=OFF, note=210-270 min cooling/air exchange; heater OFF; intake HIGH; exhaust HIGH"
2026-07-08T22:43:34.118593+00:00;13655;stage2_characterization_01;2;stage2_live_cooling_air_exchange;stage2_characterization;28;30;26.4;60.4;26.3;53.4;25.63;3133;0.1;7;0.000229;0;0;200;200;normal;;-34;"firmware=bsf_fw_stage2_live_v1, test=live_media_characterization, duration_plan=5h, target_reference=28-30C, phase=stage2_live_cooling_air_exchange, safety=normal, heater_demand_pct=0.0, intake_pwm=200, exhaust_pwm=200, relay=OFF, note=210-270 min cooling/air exchange; heater OFF; intake HIGH; exhaust HIGH"
2026-07-08T22:44:04.193574+00:00;13685;stage2_characterization_01;2;stage2_live_cooling_air_exchange;stage2_characterization;28;30;26.4;59.6;26.3;52.6;25.63;3121;0.1;7;0.000046;0;0;200;200;normal;;-36;"firmware=bsf_fw_stage2_live_v1, test=live_media_characterization, duration_plan=5h, target_reference=28-30C, phase=stage2_live_cooling_air_exchange, safety=normal, heater_demand_pct=0.0, intake_pwm=200, exhaust_pwm=200, relay=OFF, note=210-270 min cooling/air exchange; heater OFF; intake HIGH; exhaust HIGH"
2026-07-08T22:44:34.473863+00:00;13715;stage2_characterization_01;2;stage2_live_cooling_air_exchange;stage2_characterization;28;30;26.4;59.6;26.2;52.9;25.63;3135;0.199999;6.699997;0;0;0;200;200;normal;;-37;"firmware=bsf_fw_stage2_live_v1, test=live_media_characterization, duration_plan=5h, target_reference=28-30C, phase=stage2_live_cooling_air_exchange, safety=normal, heater_demand_pct=0.0, intake_pwm=200, exhaust_pwm=200, relay=OFF, note=210-270 min cooling/air exchange; heater OFF; intake HIGH; exhaust HIGH"
2026-07-08T22:45:04.221837+00:00;13745;stage2_characterization_01;2;stage2_live_cooling_air_exchange;stage2_characterization;28;30;26.4;59.3;26.2;53.2;25.69;3120;0.199999;6.099998;0;0;0;200;200;normal;;-35;"firmware=bsf_fw_stage2_live_v1, test=live_media_characterization, duration_plan=5h, target_reference=28-30C, phase=stage2_live_cooling_air_exchange, safety=normal, heater_demand_pct=0.0, intake_pwm=200, exhaust_pwm=200, relay=OFF, note=210-270 min cooling/air exchange; heater OFF; intake HIGH; exhaust HIGH"
2026-07-08T22:45:34.963835+00:00;13775;stage2_characterization_01;2;stage2_live_cooling_air_exchange;stage2_characterization;28;30;26.4;59.5;26.1;53.2;25.75;3149;0.299999;6.299999;0;0;0;200;200;normal;;-34;"firmware=bsf_fw_stage2_live_v1, test=live_media_characterization, duration_plan=5h, target_reference=28-30C, phase=stage2_live_cooling_air_exchange, safety=normal, heater_demand_pct=0.0, intake_pwm=200, exhaust_pwm=200, relay=OFF, note=210-270 min cooling/air exchange; heater OFF; intake HIGH; exhaust HIGH"
2026-07-08T22:46:04.582356+00:00;13805;stage2_characterization_01;2;stage2_live_cooling_air_exchange;stage2_characterization;28;30;26.4;59.6;26.1;53;25.75;3122;0.299999;6.599998;0;0;0;200;200;normal;;-35;"firmware=bsf_fw_stage2_live_v1, test=live_media_characterization, duration_plan=5h, target_reference=28-30C, phase=stage2_live_cooling_air_exchange, safety=normal, heater_demand_pct=0.0, intake_pwm=200, exhaust_pwm=200, relay=OFF, note=210-270 min cooling/air exchange; heater OFF; intake HIGH; exhaust HIGH"
2026-07-08T22:46:34.748884+00:00;13835;stage2_characterization_01;2;stage2_live_cooling_air_exchange;stage2_characterization;28;30;26.4;59.2;26;53;25.81;3126;0.4;6.200001;0;0;0;200;200;normal;;-35;"firmware=bsf_fw_stage2_live_v1, test=live_media_characterization, duration_plan=5h, target_reference=28-30C, phase=stage2_live_cooling_air_exchange, safety=normal, heater_demand_pct=0.0, intake_pwm=200, exhaust_pwm=200, relay=OFF, note=210-270 min cooling/air exchange; heater OFF; intake HIGH; exhaust HIGH"
2026-07-08T22:47:04.125272+00:00;13865;stage2_characterization_01;2;stage2_live_cooling_air_exchange;stage2_characterization;28;30;26.4;59.1;25.9;53.3;25.81;3088;0.5;5.799999;0;0;0;200;200;normal;;-35;"firmware=bsf_fw_stage2_live_v1, test=live_media_characterization, duration_plan=5h, target_reference=28-30C, phase=stage2_live_cooling_air_exchange, safety=normal, heater_demand_pct=0.0, intake_pwm=200, exhaust_pwm=200, relay=OFF, note=210-270 min cooling/air exchange; heater OFF; intake HIGH; exhaust HIGH"
2026-07-08T22:47:33.837184+00:00;13895;stage2_characterization_01;2;stage2_live_cooling_air_exchange;stage2_characterization;28;30;26.3;59.2;25.9;53.2;25.75;3100;0.4;6;-0.1371;0;0;200;200;normal;;-34;"firmware=bsf_fw_stage2_live_v1, test=live_media_characterization, duration_plan=5h, target_reference=28-30C, phase=stage2_live_cooling_air_exchange, safety=normal, heater_demand_pct=0.0, intake_pwm=200, exhaust_pwm=200, relay=OFF, note=210-270 min cooling/air exchange; heater OFF; intake HIGH; exhaust HIGH"
2026-07-08T22:48:04.944572+00:00;13925;stage2_characterization_01;2;stage2_live_cooling_air_exchange;stage2_characterization;28;30;26.3;59;25.7;53.5;25.69;3115;0.599998;5.5;-0.024399;0;0;200;200;normal;;-33;"firmware=bsf_fw_stage2_live_v1, test=live_media_characterization, duration_plan=5h, target_reference=28-30C, phase=stage2_live_cooling_air_exchange, safety=normal, heater_demand_pct=0.0, intake_pwm=200, exhaust_pwm=200, relay=OFF, note=210-270 min cooling/air exchange; heater OFF; intake HIGH; exhaust HIGH"
2026-07-08T22:48:34.128939+00:00;13955;stage2_characterization_01;2;stage2_live_cooling_air_exchange;stage2_characterization;28;30;26.3;59;25.7;53.8;25.69;3103;0.599998;5.200001;-0.004349;0;0;200;200;normal;;-35;"firmware=bsf_fw_stage2_live_v1, test=live_media_characterization, duration_plan=5h, target_reference=28-30C, phase=stage2_live_cooling_air_exchange, safety=normal, heater_demand_pct=0.0, intake_pwm=200, exhaust_pwm=200, relay=OFF, note=210-270 min cooling/air exchange; heater OFF; intake HIGH; exhaust HIGH"
2026-07-08T22:49:04.275612+00:00;13985;stage2_characterization_01;2;stage2_live_cooling_air_exchange;stage2_characterization;28;30;26.3;59;25.7;54.2;25.63;3120;0.599998;4.799999;-0.000778;0;0;200;200;normal;;-35;"firmware=bsf_fw_stage2_live_v1, test=live_media_characterization, duration_plan=5h, target_reference=28-30C, phase=stage2_live_cooling_air_exchange, safety=normal, heater_demand_pct=0.0, intake_pwm=200, exhaust_pwm=200, relay=OFF, note=210-270 min cooling/air exchange; heater OFF; intake HIGH; exhaust HIGH"
2026-07-08T22:49:34.5357+00:00;14015;stage2_characterization_01;2;stage2_live_cooling_air_exchange;stage2_characterization;28;30;26.2;59;25.6;54;25.56;3098;0.6;5;-0.177979;0;0;200;200;normal;;-34;"firmware=bsf_fw_stage2_live_v1, test=live_media_characterization, duration_plan=5h, target_reference=28-30C, phase=stage2_live_cooling_air_exchange, safety=normal, heater_demand_pct=0.0, intake_pwm=200, exhaust_pwm=200, relay=OFF, note=210-270 min cooling/air exchange; heater OFF; intake HIGH; exhaust HIGH"
2026-07-08T22:50:04.103958+00:00;14045;stage2_characterization_01;2;stage2_live_cooling_air_exchange;stage2_characterization;28;30;26.2;59.3;25.6;54.1;25.56;3094;0.6;5.200001;-0.031677;0;0;200;200;normal;;-34;"firmware=bsf_fw_stage2_live_v1, test=live_media_characterization, duration_plan=5h, target_reference=28-30C, phase=stage2_live_cooling_air_exchange, safety=normal, heater_demand_pct=0.0, intake_pwm=200, exhaust_pwm=200, relay=OFF, note=210-270 min cooling/air exchange; heater OFF; intake HIGH; exhaust HIGH"
2026-07-08T22:50:34.111675+00:00;14075;stage2_characterization_01;2;stage2_live_cooling_air_exchange;stage2_characterization;28;30;26.2;59.4;25.6;54.2;25.56;3116;0.6;5.200001;-0.00563;0;0;200;200;normal;;-34;"firmware=bsf_fw_stage2_live_v1, test=live_media_characterization, duration_plan=5h, target_reference=28-30C, phase=stage2_live_cooling_air_exchange, safety=normal, heater_demand_pct=0.0, intake_pwm=200, exhaust_pwm=200, relay=OFF, note=210-270 min cooling/air exchange; heater OFF; intake HIGH; exhaust HIGH"
2026-07-08T22:51:04.11069+00:00;14105;stage2_characterization_01;2;stage2_live_cooling_air_exchange;stage2_characterization;28;30;26.2;59.5;25.6;54.5;25.56;3109;0.6;5;-0.001007;0;0;200;200;normal;;-35;"firmware=bsf_fw_stage2_live_v1, test=live_media_characterization, duration_plan=5h, target_reference=28-30C, phase=stage2_live_cooling_air_exchange, safety=normal, heater_demand_pct=0.0, intake_pwm=200, exhaust_pwm=200, relay=OFF, note=210-270 min cooling/air exchange; heater OFF; intake HIGH; exhaust HIGH"
2026-07-08T22:51:34.589561+00:00;14135;stage2_characterization_01;2;stage2_live_cooling_air_exchange;stage2_characterization;28;30;26.2;59.6;25.7;54;25.63;3162;0.5;5.599998;-0.000183;0;0;200;200;normal;;-34;"firmware=bsf_fw_stage2_live_v1, test=live_media_characterization, duration_plan=5h, target_reference=28-30C, phase=stage2_live_cooling_air_exchange, safety=normal, heater_demand_pct=0.0, intake_pwm=200, exhaust_pwm=200, relay=OFF, note=210-270 min cooling/air exchange; heater OFF; intake HIGH; exhaust HIGH"
2026-07-08T22:52:04.167795+00:00;14165;stage2_characterization_01;2;stage2_live_cooling_air_exchange;stage2_characterization;28;30;26.1;59.6;25.6;54.2;25.63;3055;0.5;5.399998;-0.268387;0;0;200;200;normal;;-34;"firmware=bsf_fw_stage2_live_v1, test=live_media_characterization, duration_plan=5h, target_reference=28-30C, phase=stage2_live_cooling_air_exchange, safety=normal, heater_demand_pct=0.0, intake_pwm=200, exhaust_pwm=200, relay=OFF, note=210-270 min cooling/air exchange; heater OFF; intake HIGH; exhaust HIGH"
2026-07-08T22:52:34.193405+00:00;14195;stage2_characterization_01;2;stage2_live_cooling_air_exchange;stage2_characterization;28;30;26.1;59.5;25.6;54.2;25.69;3086;0.5;5.299999;-0.047768;0;0;200;200;normal;;-34;"firmware=bsf_fw_stage2_live_v1, test=live_media_characterization, duration_plan=5h, target_reference=28-30C, phase=stage2_live_cooling_air_exchange, safety=normal, heater_demand_pct=0.0, intake_pwm=200, exhaust_pwm=200, relay=OFF, note=210-270 min cooling/air exchange; heater OFF; intake HIGH; exhaust HIGH"
2026-07-08T22:53:04.648505+00:00;14225;stage2_characterization_01;2;stage2_live_cooling_air_exchange;stage2_characterization;28;30;26.1;59.8;25.6;54.2;25.63;3135;0.5;5.599998;-0.008492;0;0;200;200;normal;;-34;"firmware=bsf_fw_stage2_live_v1, test=live_media_characterization, duration_plan=5h, target_reference=28-30C, phase=stage2_live_cooling_air_exchange, safety=normal, heater_demand_pct=0.0, intake_pwm=200, exhaust_pwm=200, relay=OFF, note=210-270 min cooling/air exchange; heater OFF; intake HIGH; exhaust HIGH"
2026-07-08T22:53:33.757857+00:00;14255;stage2_characterization_01;2;stage2_live_cooling_air_exchange;stage2_characterization;28;30;26.1;59.4;25.6;54.2;25.63;3103;0.5;5.200001;-0.001511;0;0;200;200;normal;;-36;"firmware=bsf_fw_stage2_live_v1, test=live_media_characterization, duration_plan=5h, target_reference=28-30C, phase=stage2_live_cooling_air_exchange, safety=normal, heater_demand_pct=0.0, intake_pwm=200, exhaust_pwm=200, relay=OFF, note=210-270 min cooling/air exchange; heater OFF; intake HIGH; exhaust HIGH"
2026-07-08T22:54:04.174791+00:00;14285;stage2_characterization_01;2;stage2_live_cooling_air_exchange;stage2_characterization;28;30;26.1;59.6;25.5;54.1;25.56;3090;0.6;5.5;-0.000275;0;0;200;200;normal;;-35;"firmware=bsf_fw_stage2_live_v1, test=live_media_characterization, duration_plan=5h, target_reference=28-30C, phase=stage2_live_cooling_air_exchange, safety=normal, heater_demand_pct=0.0, intake_pwm=200, exhaust_pwm=200, relay=OFF, note=210-270 min cooling/air exchange; heater OFF; intake HIGH; exhaust HIGH"
2026-07-08T22:54:34.105881+00:00;14315;stage2_characterization_01;2;stage2_live_cooling_air_exchange;stage2_characterization;28;30;26.1;59.3;25.5;54.2;25.5;3117;0.6;5.099998;-0.000046;0;0;200;200;normal;;-34;"firmware=bsf_fw_stage2_live_v1, test=live_media_characterization, duration_plan=5h, target_reference=28-30C, phase=stage2_live_cooling_air_exchange, safety=normal, heater_demand_pct=0.0, intake_pwm=200, exhaust_pwm=200, relay=OFF, note=210-270 min cooling/air exchange; heater OFF; intake HIGH; exhaust HIGH"
2026-07-08T22:55:04.559759+00:00;14345;stage2_characterization_01;2;stage2_live_cooling_air_exchange;stage2_characterization;28;30;26;59.6;25.5;54.4;25.5;3118;0.5;5.199997;-0.300018;0;0;200;200;normal;;-34;"firmware=bsf_fw_stage2_live_v1, test=live_media_characterization, duration_plan=5h, target_reference=28-30C, phase=stage2_live_cooling_air_exchange, safety=normal, heater_demand_pct=0.0, intake_pwm=200, exhaust_pwm=200, relay=OFF, note=210-270 min cooling/air exchange; heater OFF; intake HIGH; exhaust HIGH"
2026-07-08T22:55:33.793488+00:00;14375;stage2_characterization_01;2;stage2_live_cooling_air_exchange;stage2_characterization;28;30;26;59.7;25.4;54.8;25.5;3092;0.6;4.900002;-0.053398;0;0;200;200;normal;;-33;"firmware=bsf_fw_stage2_live_v1, test=live_media_characterization, duration_plan=5h, target_reference=28-30C, phase=stage2_live_cooling_air_exchange, safety=normal, heater_demand_pct=0.0, intake_pwm=200, exhaust_pwm=200, relay=OFF, note=210-270 min cooling/air exchange; heater OFF; intake HIGH; exhaust HIGH"
2026-07-08T22:56:04.579437+00:00;14405;stage2_characterization_01;2;stage2_live_cooling_air_exchange;stage2_characterization;28;30;26;60.1;25.5;54.3;25.5;3108;0.5;5.799999;-0.0095;0;0;200;200;normal;;-35;"firmware=bsf_fw_stage2_live_v1, test=live_media_characterization, duration_plan=5h, target_reference=28-30C, phase=stage2_live_cooling_air_exchange, safety=normal, heater_demand_pct=0.0, intake_pwm=200, exhaust_pwm=200, relay=OFF, note=210-270 min cooling/air exchange; heater OFF; intake HIGH; exhaust HIGH"
2026-07-08T22:56:34.095896+00:00;14435;stage2_characterization_01;2;stage2_live_cooling_air_exchange;stage2_characterization;28;30;26;59.7;25.6;55.1;25.44;3111;0.4;4.600002;-0.001694;0;0;200;200;normal;;-35;"firmware=bsf_fw_stage2_live_v1, test=live_media_characterization, duration_plan=5h, target_reference=28-30C, phase=stage2_live_cooling_air_exchange, safety=normal, heater_demand_pct=0.0, intake_pwm=200, exhaust_pwm=200, relay=OFF, note=210-270 min cooling/air exchange; heater OFF; intake HIGH; exhaust HIGH"
2026-07-08T22:57:04.256323+00:00;14465;stage2_characterization_01;2;stage2_live_cooling_air_exchange;stage2_characterization;28;30;26;60.1;25.6;54.1;25.44;3103;0.4;6;-0.000298;0;0;200;200;normal;;-36;"firmware=bsf_fw_stage2_live_v1, test=live_media_characterization, duration_plan=5h, target_reference=28-30C, phase=stage2_live_cooling_air_exchange, safety=normal, heater_demand_pct=0.0, intake_pwm=200, exhaust_pwm=200, relay=OFF, note=210-270 min cooling/air exchange; heater OFF; intake HIGH; exhaust HIGH"
2026-07-08T22:57:34.518682+00:00;14495;stage2_characterization_01;2;stage2_live_cooling_air_exchange;stage2_characterization;28;30;26;59.9;25.6;53.8;25.44;3109;0.4;6.100002;-0.000046;0;0;200;200;normal;;-35;"firmware=bsf_fw_stage2_live_v1, test=live_media_characterization, duration_plan=5h, target_reference=28-30C, phase=stage2_live_cooling_air_exchange, safety=normal, heater_demand_pct=0.0, intake_pwm=200, exhaust_pwm=200, relay=OFF, note=210-270 min cooling/air exchange; heater OFF; intake HIGH; exhaust HIGH"
2026-07-08T22:58:04.131647+00:00;14525;stage2_characterization_01;2;stage2_live_cooling_air_exchange;stage2_characterization;28;30;26;59.9;25.6;54.6;25.38;3115;0.4;5.300003;0;0;0;200;200;normal;;-35;"firmware=bsf_fw_stage2_live_v1, test=live_media_characterization, duration_plan=5h, target_reference=28-30C, phase=stage2_live_cooling_air_exchange, safety=normal, heater_demand_pct=0.0, intake_pwm=200, exhaust_pwm=200, relay=OFF, note=210-270 min cooling/air exchange; heater OFF; intake HIGH; exhaust HIGH"
2026-07-08T22:58:34.111387+00:00;14555;stage2_characterization_01;2;stage2_live_cooling_air_exchange;stage2_characterization;28;30;26;59.7;25.5;53.9;25.31;3110;0.5;5.799999;0;0;0;200;200;normal;;-34;"firmware=bsf_fw_stage2_live_v1, test=live_media_characterization, duration_plan=5h, target_reference=28-30C, phase=stage2_live_cooling_air_exchange, safety=normal, heater_demand_pct=0.0, intake_pwm=200, exhaust_pwm=200, relay=OFF, note=210-270 min cooling/air exchange; heater OFF; intake HIGH; exhaust HIGH"
2026-07-08T22:59:03.792058+00:00;14585;stage2_characterization_01;2;stage2_live_cooling_air_exchange;stage2_characterization;28;30;26;59.6;25.5;54.2;25.25;3120;0.5;5.399998;0;0;0;200;200;normal;;-34;"firmware=bsf_fw_stage2_live_v1, test=live_media_characterization, duration_plan=5h, target_reference=28-30C, phase=stage2_live_cooling_air_exchange, safety=normal, heater_demand_pct=0.0, intake_pwm=200, exhaust_pwm=200, relay=OFF, note=210-270 min cooling/air exchange; heater OFF; intake HIGH; exhaust HIGH"
2026-07-08T22:59:34.111191+00:00;14615;stage2_characterization_01;2;stage2_live_cooling_air_exchange;stage2_characterization;28;30;26;59.9;25.5;54.8;25.25;3120;0.5;5.100002;0;0;0;200;200;normal;;-35;"firmware=bsf_fw_stage2_live_v1, test=live_media_characterization, duration_plan=5h, target_reference=28-30C, phase=stage2_live_cooling_air_exchange, safety=normal, heater_demand_pct=0.0, intake_pwm=200, exhaust_pwm=200, relay=OFF, note=210-270 min cooling/air exchange; heater OFF; intake HIGH; exhaust HIGH"
2026-07-08T23:00:03.751548+00:00;14645;stage2_characterization_01;2;stage2_live_cooling_air_exchange;stage2_characterization;28;30;26;60.4;25.6;55.3;25.25;3109;0.4;5.100002;0;0;0;200;200;normal;;-33;"firmware=bsf_fw_stage2_live_v1, test=live_media_characterization, duration_plan=5h, target_reference=28-30C, phase=stage2_live_cooling_air_exchange, safety=normal, heater_demand_pct=0.0, intake_pwm=200, exhaust_pwm=200, relay=OFF, note=210-270 min cooling/air exchange; heater OFF; intake HIGH; exhaust HIGH"
2026-07-08T23:00:34.537093+00:00;14675;stage2_characterization_01;2;stage2_live_cooling_air_exchange;stage2_characterization;28;30;26;60.7;25.7;54;25.25;3093;0.299999;6.700001;0;0;0;200;200;normal;;-36;"firmware=bsf_fw_stage2_live_v1, test=live_media_characterization, duration_plan=5h, target_reference=28-30C, phase=stage2_live_cooling_air_exchange, safety=normal, heater_demand_pct=0.0, intake_pwm=200, exhaust_pwm=200, relay=OFF, note=210-270 min cooling/air exchange; heater OFF; intake HIGH; exhaust HIGH"
2026-07-08T23:01:04.124073+00:00;14705;stage2_characterization_01;2;stage2_live_cooling_air_exchange;stage2_characterization;28;30;26;60;25.7;53.7;25.25;3121;0.299999;6.299999;0;0;0;200;200;normal;;-35;"firmware=bsf_fw_stage2_live_v1, test=live_media_characterization, duration_plan=5h, target_reference=28-30C, phase=stage2_live_cooling_air_exchange, safety=normal, heater_demand_pct=0.0, intake_pwm=200, exhaust_pwm=200, relay=OFF, note=210-270 min cooling/air exchange; heater OFF; intake HIGH; exhaust HIGH"
2026-07-08T23:01:33.727212+00:00;14735;stage2_characterization_01;2;stage2_live_cooling_air_exchange;stage2_characterization;28;30;26;59.8;25.7;54.4;25.25;3130;0.299999;5.399998;0;0;0;200;200;normal;;-35;"firmware=bsf_fw_stage2_live_v1, test=live_media_characterization, duration_plan=5h, target_reference=28-30C, phase=stage2_live_cooling_air_exchange, safety=normal, heater_demand_pct=0.0, intake_pwm=200, exhaust_pwm=200, relay=OFF, note=210-270 min cooling/air exchange; heater OFF; intake HIGH; exhaust HIGH"
2026-07-08T23:02:04.196847+00:00;14765;stage2_characterization_01;2;stage2_live_cooling_air_exchange;stage2_characterization;28;30;26;59.9;25.7;54.5;25.25;3117;0.299999;5.400002;0;0;0;200;200;normal;;-35;"firmware=bsf_fw_stage2_live_v1, test=live_media_characterization, duration_plan=5h, target_reference=28-30C, phase=stage2_live_cooling_air_exchange, safety=normal, heater_demand_pct=0.0, intake_pwm=200, exhaust_pwm=200, relay=OFF, note=210-270 min cooling/air exchange; heater OFF; intake HIGH; exhaust HIGH"
2026-07-08T23:02:34.166998+00:00;14795;stage2_characterization_01;2;stage2_live_cooling_air_exchange;stage2_characterization;28;30;26;59.9;25.9;54;25.25;3154;0.1;5.900002;0;0;0;200;200;normal;;-34;"firmware=bsf_fw_stage2_live_v1, test=live_media_characterization, duration_plan=5h, target_reference=28-30C, phase=stage2_live_cooling_air_exchange, safety=normal, heater_demand_pct=0.0, intake_pwm=200, exhaust_pwm=200, relay=OFF, note=210-270 min cooling/air exchange; heater OFF; intake HIGH; exhaust HIGH"
2026-07-08T23:03:04.606226+00:00;14825;stage2_characterization_01;2;stage2_live_cooling_air_exchange;stage2_characterization;28;30;26;59.5;25.9;53.8;25.25;3098;0.1;5.700001;0;0;0;200;200;normal;;-35;"firmware=bsf_fw_stage2_live_v1, test=live_media_characterization, duration_plan=5h, target_reference=28-30C, phase=stage2_live_cooling_air_exchange, safety=normal, heater_demand_pct=0.0, intake_pwm=200, exhaust_pwm=200, relay=OFF, note=210-270 min cooling/air exchange; heater OFF; intake HIGH; exhaust HIGH"
2026-07-08T23:03:34.477587+00:00;14855;stage2_characterization_01;2;stage2_live_cooling_air_exchange;stage2_characterization;28;30;26;60.1;25.8;54.2;25.25;3099;0.200001;5.899998;0;0;0;200;200;normal;;-34;"firmware=bsf_fw_stage2_live_v1, test=live_media_characterization, duration_plan=5h, target_reference=28-30C, phase=stage2_live_cooling_air_exchange, safety=normal, heater_demand_pct=0.0, intake_pwm=200, exhaust_pwm=200, relay=OFF, note=210-270 min cooling/air exchange; heater OFF; intake HIGH; exhaust HIGH"
2026-07-08T23:04:03.721001+00:00;14885;stage2_characterization_01;2;stage2_live_cooling_air_exchange;stage2_characterization;28;30;26;60.5;25.8;55;25.31;3122;0.200001;5.5;0;0;0;200;200;normal;;-33;"firmware=bsf_fw_stage2_live_v1, test=live_media_characterization, duration_plan=5h, target_reference=28-30C, phase=stage2_live_cooling_air_exchange, safety=normal, heater_demand_pct=0.0, intake_pwm=200, exhaust_pwm=200, relay=OFF, note=210-270 min cooling/air exchange; heater OFF; intake HIGH; exhaust HIGH"
2026-07-08T23:04:34.131578+00:00;14915;stage2_characterization_01;2;stage2_live_cooling_air_exchange;stage2_characterization;28;30;26;62.2;26;58.3;25.31;3147;0;3.900002;0;0;0;200;200;normal;;-34;"firmware=bsf_fw_stage2_live_v1, test=live_media_characterization, duration_plan=5h, target_reference=28-30C, phase=stage2_live_cooling_air_exchange, safety=normal, heater_demand_pct=0.0, intake_pwm=200, exhaust_pwm=200, relay=OFF, note=210-270 min cooling/air exchange; heater OFF; intake HIGH; exhaust HIGH"
2026-07-08T23:05:04.079757+00:00;14945;stage2_characterization_01;2;stage2_live_cooling_air_exchange;stage2_characterization;28;30;26.1;63.6;26;56.2;25.31;3136;0.1;7.399998;0.102837;0;0;200;200;normal;;-35;"firmware=bsf_fw_stage2_live_v1, test=live_media_characterization, duration_plan=5h, target_reference=28-30C, phase=stage2_live_cooling_air_exchange, safety=normal, heater_demand_pct=0.0, intake_pwm=200, exhaust_pwm=200, relay=OFF, note=210-270 min cooling/air exchange; heater OFF; intake HIGH; exhaust HIGH"
2026-07-08T23:05:34.719679+00:00;14975;stage2_characterization_01;2;stage2_live_cooling_air_exchange;stage2_characterization;28;30;26.1;63.8;26.1;58.7;25.31;3150;0;5.099998;0.018311;0;0;200;200;normal;;-35;"firmware=bsf_fw_stage2_live_v1, test=live_media_characterization, duration_plan=5h, target_reference=28-30C, phase=stage2_live_cooling_air_exchange, safety=normal, heater_demand_pct=0.0, intake_pwm=200, exhaust_pwm=200, relay=OFF, note=210-270 min cooling/air exchange; heater OFF; intake HIGH; exhaust HIGH"
2026-07-08T23:06:04.937515+00:00;15005;stage2_characterization_01;2;stage2_live_cooling_air_exchange;stage2_characterization;28;30;26.1;65.2;26.1;58.1;25.31;3115;0;7.099998;0.00325;0;0;200;200;normal;;-34;"firmware=bsf_fw_stage2_live_v1, test=live_media_characterization, duration_plan=5h, target_reference=28-30C, phase=stage2_live_cooling_air_exchange, safety=normal, heater_demand_pct=0.0, intake_pwm=200, exhaust_pwm=200, relay=OFF, note=210-270 min cooling/air exchange; heater OFF; intake HIGH; exhaust HIGH"
2026-07-08T23:06:34.975708+00:00;15035;stage2_characterization_01;2;stage2_live_cooling_air_exchange;stage2_characterization;28;30;26.2;62.7;26.2;54.6;25.38;3115;0;8.100002;0.095509;0;0;200;200;normal;;-34;"firmware=bsf_fw_stage2_live_v1, test=live_media_characterization, duration_plan=5h, target_reference=28-30C, phase=stage2_live_cooling_air_exchange, safety=normal, heater_demand_pct=0.0, intake_pwm=200, exhaust_pwm=200, relay=OFF, note=210-270 min cooling/air exchange; heater OFF; intake HIGH; exhaust HIGH"
2026-07-08T23:07:04.500959+00:00;15065;stage2_characterization_01;2;stage2_live_cooling_air_exchange;stage2_characterization;28;30;26.2;61.4;26.1;53.9;25.44;3115;0.1;7.5;0.017006;0;0;200;200;normal;;-35;"firmware=bsf_fw_stage2_live_v1, test=live_media_characterization, duration_plan=5h, target_reference=28-30C, phase=stage2_live_cooling_air_exchange, safety=normal, heater_demand_pct=0.0, intake_pwm=200, exhaust_pwm=200, relay=OFF, note=210-270 min cooling/air exchange; heater OFF; intake HIGH; exhaust HIGH"
2026-07-08T23:07:34.135608+00:00;15095;stage2_characterization_01;2;stage2_live_cooling_air_exchange;stage2_characterization;28;30;26.2;60.8;26;54.1;25.44;3097;0.200001;6.700001;0.003021;0;0;200;200;normal;;-34;"firmware=bsf_fw_stage2_live_v1, test=live_media_characterization, duration_plan=5h, target_reference=28-30C, phase=stage2_live_cooling_air_exchange, safety=normal, heater_demand_pct=0.0, intake_pwm=200, exhaust_pwm=200, relay=OFF, note=210-270 min cooling/air exchange; heater OFF; intake HIGH; exhaust HIGH"
2026-07-08T23:08:04.153114+00:00;15125;stage2_characterization_01;2;stage2_live_cooling_air_exchange;stage2_characterization;28;30;26.2;61.2;26.1;55.1;25.44;3067;0.1;6.100002;0.000549;0;0;200;200;normal;;-35;"firmware=bsf_fw_stage2_live_v1, test=live_media_characterization, duration_plan=5h, target_reference=28-30C, phase=stage2_live_cooling_air_exchange, safety=normal, heater_demand_pct=0.0, intake_pwm=200, exhaust_pwm=200, relay=OFF, note=210-270 min cooling/air exchange; heater OFF; intake HIGH; exhaust HIGH"
2026-07-08T23:08:34.220343+00:00;15155;stage2_characterization_01;2;stage2_live_cooling_air_exchange;stage2_characterization;28;30;26.2;60.6;26.1;53.9;25.44;3110;0.1;6.699997;0.000092;0;0;200;200;normal;;-34;"firmware=bsf_fw_stage2_live_v1, test=live_media_characterization, duration_plan=5h, target_reference=28-30C, phase=stage2_live_cooling_air_exchange, safety=normal, heater_demand_pct=0.0, intake_pwm=200, exhaust_pwm=200, relay=OFF, note=210-270 min cooling/air exchange; heater OFF; intake HIGH; exhaust HIGH"
2026-07-08T23:09:03.707695+00:00;15185;stage2_characterization_01;2;stage2_live_cooling_air_exchange;stage2_characterization;28;30;26.2;60.4;26.1;54;25.5;3091;0.1;6.400002;0.000023;0;0;200;200;normal;;-35;"firmware=bsf_fw_stage2_live_v1, test=live_media_characterization, duration_plan=5h, target_reference=28-30C, phase=stage2_live_cooling_air_exchange, safety=normal, heater_demand_pct=0.0, intake_pwm=200, exhaust_pwm=200, relay=OFF, note=210-270 min cooling/air exchange; heater OFF; intake HIGH; exhaust HIGH"
2026-07-08T23:09:33.763168+00:00;15215;stage2_characterization_01;2;stage2_live_cooling_air_exchange;stage2_characterization;28;30;26.2;60.7;26.1;54.1;25.5;3091;0.1;6.600002;0;0;0;200;200;normal;;-34;"firmware=bsf_fw_stage2_live_v1, test=live_media_characterization, duration_plan=5h, target_reference=28-30C, phase=stage2_live_cooling_air_exchange, safety=normal, heater_demand_pct=0.0, intake_pwm=200, exhaust_pwm=200, relay=OFF, note=210-270 min cooling/air exchange; heater OFF; intake HIGH; exhaust HIGH"
2026-07-08T23:10:04.157788+00:00;15245;stage2_characterization_01;2;stage2_live_cooling_air_exchange;stage2_characterization;28;30;26.3;60.5;26.2;54.7;25.5;3119;0.099998;5.799999;0.300018;0;0;200;200;normal;;-33;"firmware=bsf_fw_stage2_live_v1, test=live_media_characterization, duration_plan=5h, target_reference=28-30C, phase=stage2_live_cooling_air_exchange, safety=normal, heater_demand_pct=0.0, intake_pwm=200, exhaust_pwm=200, relay=OFF, note=210-270 min cooling/air exchange; heater OFF; intake HIGH; exhaust HIGH"
2026-07-08T23:10:34.12114+00:00;15275;stage2_characterization_01;2;stage2_live_cooling_air_exchange;stage2_characterization;28;30;26.3;60.3;26.2;53.3;25.44;3099;0.099998;7;0.165057;0;0;200;200;normal;;-36;"firmware=bsf_fw_stage2_live_v1, test=live_media_characterization, duration_plan=5h, target_reference=28-30C, phase=stage2_live_cooling_air_exchange, safety=normal, heater_demand_pct=0.0, intake_pwm=200, exhaust_pwm=200, relay=OFF, note=210-270 min cooling/air exchange; heater OFF; intake HIGH; exhaust HIGH"
2026-07-08T23:11:04.858284+00:00;15305;stage2_characterization_01;2;stage2_live_cooling_air_exchange;stage2_characterization;28;30;26.3;60.1;26.2;53.2;25.44;3089;0.099998;6.899998;0.029366;0;0;200;200;normal;;-35;"firmware=bsf_fw_stage2_live_v1, test=live_media_characterization, duration_plan=5h, target_reference=28-30C, phase=stage2_live_cooling_air_exchange, safety=normal, heater_demand_pct=0.0, intake_pwm=200, exhaust_pwm=200, relay=OFF, note=210-270 min cooling/air exchange; heater OFF; intake HIGH; exhaust HIGH"
2026-07-08T23:11:34.11235+00:00;15335;stage2_characterization_01;2;stage2_live_cooling_air_exchange;stage2_characterization;28;30;26.3;60.2;26.2;53.7;25.5;3109;0.099998;6.5;0.005219;0;0;200;200;normal;;-35;"firmware=bsf_fw_stage2_live_v1, test=live_media_characterization, duration_plan=5h, target_reference=28-30C, phase=stage2_live_cooling_air_exchange, safety=normal, heater_demand_pct=0.0, intake_pwm=200, exhaust_pwm=200, relay=OFF, note=210-270 min cooling/air exchange; heater OFF; intake HIGH; exhaust HIGH"
2026-07-08T23:12:04.586097+00:00;15365;stage2_characterization_01;2;stage2_live_cooling_air_exchange;stage2_characterization;28;30;26.3;60;26.2;53.8;25.5;3101;0.099998;6.200001;0.000938;0;0;200;200;normal;;-34;"firmware=bsf_fw_stage2_live_v1, test=live_media_characterization, duration_plan=5h, target_reference=28-30C, phase=stage2_live_cooling_air_exchange, safety=normal, heater_demand_pct=0.0, intake_pwm=200, exhaust_pwm=200, relay=OFF, note=210-270 min cooling/air exchange; heater OFF; intake HIGH; exhaust HIGH"
2026-07-08T23:12:34.556318+00:00;15395;stage2_characterization_01;2;stage2_live_cooling_air_exchange;stage2_characterization;28;30;26.3;60.1;26.2;53.5;25.5;3092;0.099998;6.599998;0.00016;0;0;200;200;normal;;-35;"firmware=bsf_fw_stage2_live_v1, test=live_media_characterization, duration_plan=5h, target_reference=28-30C, phase=stage2_live_cooling_air_exchange, safety=normal, heater_demand_pct=0.0, intake_pwm=200, exhaust_pwm=200, relay=OFF, note=210-270 min cooling/air exchange; heater OFF; intake HIGH; exhaust HIGH"
2026-07-08T23:13:03.791939+00:00;15425;stage2_characterization_01;2;stage2_live_cooling_air_exchange;stage2_characterization;28;30;26.3;60;26.2;53.5;25.5;3114;0.099998;6.5;0.000023;0;0;200;200;normal;;-34;"firmware=bsf_fw_stage2_live_v1, test=live_media_characterization, duration_plan=5h, target_reference=28-30C, phase=stage2_live_cooling_air_exchange, safety=normal, heater_demand_pct=0.0, intake_pwm=200, exhaust_pwm=200, relay=OFF, note=210-270 min cooling/air exchange; heater OFF; intake HIGH; exhaust HIGH"
2026-07-08T23:13:34.260164+00:00;15455;stage2_characterization_01;2;stage2_live_cooling_air_exchange;stage2_characterization;28;30;26.3;59.9;26.3;53.6;25.5;3113;0;6.300003;0;0;0;200;200;normal;;-35;"firmware=bsf_fw_stage2_live_v1, test=live_media_characterization, duration_plan=5h, target_reference=28-30C, phase=stage2_live_cooling_air_exchange, safety=normal, heater_demand_pct=0.0, intake_pwm=200, exhaust_pwm=200, relay=OFF, note=210-270 min cooling/air exchange; heater OFF; intake HIGH; exhaust HIGH"
2026-07-08T23:14:04.586425+00:00;15485;stage2_characterization_01;2;stage2_live_cooling_air_exchange;stage2_characterization;28;30;26.3;60;26.2;53.5;25.44;3095;0.099998;6.5;0;0;0;200;200;normal;;-33;"firmware=bsf_fw_stage2_live_v1, test=live_media_characterization, duration_plan=5h, target_reference=28-30C, phase=stage2_live_cooling_air_exchange, safety=normal, heater_demand_pct=0.0, intake_pwm=200, exhaust_pwm=200, relay=OFF, note=210-270 min cooling/air exchange; heater OFF; intake HIGH; exhaust HIGH"
2026-07-08T23:14:34.550661+00:00;15515;stage2_characterization_01;2;stage2_live_cooling_air_exchange;stage2_characterization;28;30;26.3;59.6;26.2;53.3;25.44;3121;0.099998;6.299999;0;0;0;200;200;normal;;-34;"firmware=bsf_fw_stage2_live_v1, test=live_media_characterization, duration_plan=5h, target_reference=28-30C, phase=stage2_live_cooling_air_exchange, safety=normal, heater_demand_pct=0.0, intake_pwm=200, exhaust_pwm=200, relay=OFF, note=210-270 min cooling/air exchange; heater OFF; intake HIGH; exhaust HIGH"
2026-07-08T23:15:04.628829+00:00;15545;stage2_characterization_01;2;stage2_live_cooling_air_exchange;stage2_characterization;28;30;26.3;60.1;26.2;54.1;25.44;3115;0.099998;6;-0.042183;0;0;200;200;normal;;-34;"firmware=bsf_fw_stage2_live_v1, test=live_media_characterization, duration_plan=5h, target_reference=28-30C, phase=stage2_live_cooling_air_exchange, safety=normal, heater_demand_pct=0.0, intake_pwm=200, exhaust_pwm=200, relay=OFF, note=210-270 min cooling/air exchange; heater OFF; intake HIGH; exhaust HIGH"
2026-07-08T23:15:34.204616+00:00;15575;stage2_characterization_01;2;stage2_live_cooling_air_exchange;stage2_characterization;28;30;26.3;60.2;26.2;54.5;25.44;3135;0.099998;5.700001;-0.007507;0;0;200;200;normal;;-33;"firmware=bsf_fw_stage2_live_v1, test=live_media_characterization, duration_plan=5h, target_reference=28-30C, phase=stage2_live_cooling_air_exchange, safety=normal, heater_demand_pct=0.0, intake_pwm=200, exhaust_pwm=200, relay=OFF, note=210-270 min cooling/air exchange; heater OFF; intake HIGH; exhaust HIGH"
2026-07-08T23:16:04.124056+00:00;15605;stage2_characterization_01;2;stage2_live_cooling_air_exchange;stage2_characterization;28;30;26.3;59.9;26.2;53.9;25.38;3121;0.099998;6;-0.056717;0;0;200;200;normal;;-33;"firmware=bsf_fw_stage2_live_v1, test=live_media_characterization, duration_plan=5h, target_reference=28-30C, phase=stage2_live_cooling_air_exchange, safety=normal, heater_demand_pct=0.0, intake_pwm=200, exhaust_pwm=200, relay=OFF, note=210-270 min cooling/air exchange; heater OFF; intake HIGH; exhaust HIGH"
2026-07-08T23:16:34.116591+00:00;15635;stage2_characterization_01;2;stage2_live_cooling_air_exchange;stage2_characterization;28;30;26.3;59.6;26.1;53.5;25.38;3127;0.199999;6.099998;-0.041725;0;0;200;200;normal;;-33;"firmware=bsf_fw_stage2_live_v1, test=live_media_characterization, duration_plan=5h, target_reference=28-30C, phase=stage2_live_cooling_air_exchange, safety=normal, heater_demand_pct=0.0, intake_pwm=200, exhaust_pwm=200, relay=OFF, note=210-270 min cooling/air exchange; heater OFF; intake HIGH; exhaust HIGH"
2026-07-08T23:17:03.794895+00:00;15665;stage2_characterization_01;2;stage2_live_cooling_air_exchange;stage2_characterization;28;30;26.3;59.7;26.1;53.6;25.38;3149;0.199999;6.100002;-0.03907;0;0;200;200;normal;;-34;"firmware=bsf_fw_stage2_live_v1, test=live_media_characterization, duration_plan=5h, target_reference=28-30C, phase=stage2_live_cooling_air_exchange, safety=normal, heater_demand_pct=0.0, intake_pwm=200, exhaust_pwm=200, relay=OFF, note=210-270 min cooling/air exchange; heater OFF; intake HIGH; exhaust HIGH"
2026-07-08T23:17:34.946272+00:00;15695;stage2_characterization_01;2;stage2_live_cooling_air_exchange;stage2_characterization;28;30;26.3;59.6;26.1;53.6;25.38;3134;0.199999;6;-0.006958;0;0;200;200;normal;;-34;"firmware=bsf_fw_stage2_live_v1, test=live_media_characterization, duration_plan=5h, target_reference=28-30C, phase=stage2_live_cooling_air_exchange, safety=normal, heater_demand_pct=0.0, intake_pwm=200, exhaust_pwm=200, relay=OFF, note=210-270 min cooling/air exchange; heater OFF; intake HIGH; exhaust HIGH"
2026-07-08T23:18:04.138315+00:00;15725;stage2_characterization_01;2;stage2_live_cooling_air_exchange;stage2_characterization;28;30;26.3;59.2;26;53.3;25.38;3136;0.299999;5.900002;-0.001236;0;0;200;200;normal;;-33;"firmware=bsf_fw_stage2_live_v1, test=live_media_characterization, duration_plan=5h, target_reference=28-30C, phase=stage2_live_cooling_air_exchange, safety=normal, heater_demand_pct=0.0, intake_pwm=200, exhaust_pwm=200, relay=OFF, note=210-270 min cooling/air exchange; heater OFF; intake HIGH; exhaust HIGH"
2026-07-08T23:18:34.122971+00:00;15755;stage2_characterization_01;2;stage2_live_cooling_air_exchange;stage2_characterization;28;30;26.3;59.4;25.9;53.8;25.38;3115;0.4;5.600002;-0.000229;0;0;200;200;normal;;-32;"firmware=bsf_fw_stage2_live_v1, test=live_media_characterization, duration_plan=5h, target_reference=28-30C, phase=stage2_live_cooling_air_exchange, safety=normal, heater_demand_pct=0.0, intake_pwm=200, exhaust_pwm=200, relay=OFF, note=210-270 min cooling/air exchange; heater OFF; intake HIGH; exhaust HIGH"
2026-07-08T23:19:03.724354+00:00;15785;stage2_characterization_01;2;stage2_live_cooling_air_exchange;stage2_characterization;28;30;26.3;59.6;25.9;54.1;25.38;3102;0.4;5.5;-0.000046;0;0;200;200;normal;;-34;"firmware=bsf_fw_stage2_live_v1, test=live_media_characterization, duration_plan=5h, target_reference=28-30C, phase=stage2_live_cooling_air_exchange, safety=normal, heater_demand_pct=0.0, intake_pwm=200, exhaust_pwm=200, relay=OFF, note=210-270 min cooling/air exchange; heater OFF; intake HIGH; exhaust HIGH"
2026-07-08T23:19:34.174853+00:00;15815;stage2_characterization_01;2;stage2_live_cooling_air_exchange;stage2_characterization;28;30;26.3;59.6;25.9;54;25.38;3134;0.4;5.599998;0;0;0;200;200;normal;;-33;"firmware=bsf_fw_stage2_live_v1, test=live_media_characterization, duration_plan=5h, target_reference=28-30C, phase=stage2_live_cooling_air_exchange, safety=normal, heater_demand_pct=0.0, intake_pwm=200, exhaust_pwm=200, relay=OFF, note=210-270 min cooling/air exchange; heater OFF; intake HIGH; exhaust HIGH"
2026-07-08T23:20:05.008697+00:00;15845;stage2_characterization_01;2;stage2_live_cooling_air_exchange;stage2_characterization;28;30;26.3;59.8;26;54.7;25.38;3118;0.299999;5.099998;0;0;0;200;200;normal;;-33;"firmware=bsf_fw_stage2_live_v1, test=live_media_characterization, duration_plan=5h, target_reference=28-30C, phase=stage2_live_cooling_air_exchange, safety=normal, heater_demand_pct=0.0, intake_pwm=200, exhaust_pwm=200, relay=OFF, note=210-270 min cooling/air exchange; heater OFF; intake HIGH; exhaust HIGH"
2026-07-08T23:20:34.167796+00:00;15875;stage2_characterization_01;2;stage2_live_cooling_air_exchange;stage2_characterization;28;30;26.3;60;26;54.6;25.38;3109;0.299999;5.400002;0;0;0;200;200;normal;;-34;"firmware=bsf_fw_stage2_live_v1, test=live_media_characterization, duration_plan=5h, target_reference=28-30C, phase=stage2_live_cooling_air_exchange, safety=normal, heater_demand_pct=0.0, intake_pwm=200, exhaust_pwm=200, relay=OFF, note=210-270 min cooling/air exchange; heater OFF; intake HIGH; exhaust HIGH"
2026-07-08T23:21:04.192552+00:00;15905;stage2_characterization_01;2;stage2_live_cooling_air_exchange;stage2_characterization;28;30;26.3;60;26.1;53.7;25.44;3122;0.199999;6.299999;0;0;0;200;200;normal;;-34;"firmware=bsf_fw_stage2_live_v1, test=live_media_characterization, duration_plan=5h, target_reference=28-30C, phase=stage2_live_cooling_air_exchange, safety=normal, heater_demand_pct=0.0, intake_pwm=200, exhaust_pwm=200, relay=OFF, note=210-270 min cooling/air exchange; heater OFF; intake HIGH; exhaust HIGH"
2026-07-08T23:21:33.75457+00:00;15935;stage2_characterization_01;2;stage2_live_cooling_air_exchange;stage2_characterization;28;30;26.2;59.7;26;53.8;25.38;3103;0.200001;5.900002;-0.224991;0;0;200;200;normal;;-34;"firmware=bsf_fw_stage2_live_v1, test=live_media_characterization, duration_plan=5h, target_reference=28-30C, phase=stage2_live_cooling_air_exchange, safety=normal, heater_demand_pct=0.0, intake_pwm=200, exhaust_pwm=200, relay=OFF, note=210-270 min cooling/air exchange; heater OFF; intake HIGH; exhaust HIGH"
2026-07-08T23:22:06.743682+00:00;15965;stage2_characterization_01;2;stage2_live_cooling_air_exchange;stage2_characterization;28;30;26.3;60;26;54.2;25.44;3120;0.299999;5.799999;0.031151;0;0;200;200;normal;;-42;"firmware=bsf_fw_stage2_live_v1, test=live_media_characterization, duration_plan=5h, target_reference=28-30C, phase=stage2_live_cooling_air_exchange, safety=normal, heater_demand_pct=0.0, intake_pwm=200, exhaust_pwm=200, relay=OFF, note=210-270 min cooling/air exchange; heater OFF; intake HIGH; exhaust HIGH"
2026-07-08T23:22:34.718745+00:00;15995;stage2_characterization_01;2;stage2_live_cooling_air_exchange;stage2_characterization;28;30;26.3;60.2;26;54.5;25.44;3125;0.299999;5.700001;0.007393;0;0;200;200;normal;;-34;"firmware=bsf_fw_stage2_live_v1, test=live_media_characterization, duration_plan=5h, target_reference=28-30C, phase=stage2_live_cooling_air_exchange, safety=normal, heater_demand_pct=0.0, intake_pwm=200, exhaust_pwm=200, relay=OFF, note=210-270 min cooling/air exchange; heater OFF; intake HIGH; exhaust HIGH"
2026-07-08T23:23:04.270342+00:00;16025;stage2_characterization_01;2;stage2_live_cooling_air_exchange;stage2_characterization;28;30;26.3;60.5;26.1;54.3;25.44;3097;0.199999;6.200001;0.155136;0;0;200;200;normal;;-35;"firmware=bsf_fw_stage2_live_v1, test=live_media_characterization, duration_plan=5h, target_reference=28-30C, phase=stage2_live_cooling_air_exchange, safety=normal, heater_demand_pct=0.0, intake_pwm=200, exhaust_pwm=200, relay=OFF, note=210-270 min cooling/air exchange; heater OFF; intake HIGH; exhaust HIGH"
2026-07-08T23:23:34.220147+00:00;16055;stage2_characterization_01;2;stage2_live_cooling_air_exchange;stage2_characterization;28;30;26.2;60.1;26.1;54;25.44;3121;0.1;6.099998;-0.216133;0;0;200;200;normal;;-33;"firmware=bsf_fw_stage2_live_v1, test=live_media_characterization, duration_plan=5h, target_reference=28-30C, phase=stage2_live_cooling_air_exchange, safety=normal, heater_demand_pct=0.0, intake_pwm=200, exhaust_pwm=200, relay=OFF, note=210-270 min cooling/air exchange; heater OFF; intake HIGH; exhaust HIGH"
2026-07-08T23:24:04.148837+00:00;16085;stage2_characterization_01;2;stage2_live_cooling_air_exchange;stage2_characterization;28;30;26.3;60.2;26.1;54.6;25.5;3093;0.199999;5.600002;0.144333;0;0;200;200;normal;;-33;"firmware=bsf_fw_stage2_live_v1, test=live_media_characterization, duration_plan=5h, target_reference=28-30C, phase=stage2_live_cooling_air_exchange, safety=normal, heater_demand_pct=0.0, intake_pwm=200, exhaust_pwm=200, relay=OFF, note=210-270 min cooling/air exchange; heater OFF; intake HIGH; exhaust HIGH"
2026-07-08T23:24:33.763947+00:00;16115;stage2_characterization_01;2;stage2_live_cooling_air_exchange;stage2_characterization;28;30;26.3;60.1;26.1;54.6;25.44;3105;0.199999;5.5;0.180679;0;0;200;200;normal;;-34;"firmware=bsf_fw_stage2_live_v1, test=live_media_characterization, duration_plan=5h, target_reference=28-30C, phase=stage2_live_cooling_air_exchange, safety=normal, heater_demand_pct=0.0, intake_pwm=200, exhaust_pwm=200, relay=OFF, note=210-270 min cooling/air exchange; heater OFF; intake HIGH; exhaust HIGH"
2026-07-08T23:25:04.205799+00:00;16145;stage2_characterization_01;2;stage2_live_cooling_air_exchange;stage2_characterization;28;30;26.3;60.3;26.2;54.2;25.44;3131;0.099998;6.099998;0.032158;0;0;200;200;normal;;-33;"firmware=bsf_fw_stage2_live_v1, test=live_media_characterization, duration_plan=5h, target_reference=28-30C, phase=stage2_live_cooling_air_exchange, safety=normal, heater_demand_pct=0.0, intake_pwm=200, exhaust_pwm=200, relay=OFF, note=210-270 min cooling/air exchange; heater OFF; intake HIGH; exhaust HIGH"
2026-07-08T23:25:34.166475+00:00;16175;stage2_characterization_01;2;stage2_live_cooling_air_exchange;stage2_characterization;28;30;26.3;60.2;26.2;53.7;25.44;3102;0.099998;6.5;0.005722;0;0;200;200;normal;;-35;"firmware=bsf_fw_stage2_live_v1, test=live_media_characterization, duration_plan=5h, target_reference=28-30C, phase=stage2_live_cooling_air_exchange, safety=normal, heater_demand_pct=0.0, intake_pwm=200, exhaust_pwm=200, relay=OFF, note=210-270 min cooling/air exchange; heater OFF; intake HIGH; exhaust HIGH"
2026-07-08T23:26:04.144037+00:00;16205;stage2_characterization_01;2;stage2_live_recovery;stage2_characterization;28;30;26.3;60.3;26.2;54.7;25.44;3110;0.099998;5.599998;0.001007;0;0;80;80;normal;;-35;"firmware=bsf_fw_stage2_live_v1, test=live_media_characterization, duration_plan=5h, target_reference=28-30C, phase=stage2_live_recovery, safety=normal, heater_demand_pct=0.0, intake_pwm=80, exhaust_pwm=80, relay=OFF, note=270-300+ min recovery; heater OFF; fans LOW; safe observation after characterization"
2026-07-08T23:26:34.597846+00:00;16235;stage2_characterization_01;2;stage2_live_recovery;stage2_characterization;28;30;26.3;60.2;26.2;53.4;25.44;3123;0.099998;6.799999;0.000183;0;0;80;80;normal;;-35;"firmware=bsf_fw_stage2_live_v1, test=live_media_characterization, duration_plan=5h, target_reference=28-30C, phase=stage2_live_recovery, safety=normal, heater_demand_pct=0.0, intake_pwm=80, exhaust_pwm=80, relay=OFF, note=270-300+ min recovery; heater OFF; fans LOW; safe observation after characterization"
2026-07-08T23:27:04.554234+00:00;16265;stage2_characterization_01;2;stage2_live_recovery;stage2_characterization;28;30;26.3;59.6;26.2;53.2;25.44;3139;0.099998;6.399998;0.000046;0;0;80;80;normal;;-34;"firmware=bsf_fw_stage2_live_v1, test=live_media_characterization, duration_plan=5h, target_reference=28-30C, phase=stage2_live_recovery, safety=normal, heater_demand_pct=0.0, intake_pwm=80, exhaust_pwm=80, relay=OFF, note=270-300+ min recovery; heater OFF; fans LOW; safe observation after characterization"
2026-07-08T23:27:34.986513+00:00;16295;stage2_characterization_01;2;stage2_live_recovery;stage2_characterization;28;30;26.3;60.5;26.2;54;25.44;3123;0.099998;6.5;0;0;0;80;80;normal;;-35;"firmware=bsf_fw_stage2_live_v1, test=live_media_characterization, duration_plan=5h, target_reference=28-30C, phase=stage2_live_recovery, safety=normal, heater_demand_pct=0.0, intake_pwm=80, exhaust_pwm=80, relay=OFF, note=270-300+ min recovery; heater OFF; fans LOW; safe observation after characterization"
2026-07-08T23:28:04.609844+00:00;16325;stage2_characterization_01;2;stage2_live_recovery;stage2_characterization;28;30;26.3;60.1;26.3;53.8;25.44;3131;0;6.299999;0;0;0;80;80;normal;;-36;"firmware=bsf_fw_stage2_live_v1, test=live_media_characterization, duration_plan=5h, target_reference=28-30C, phase=stage2_live_recovery, safety=normal, heater_demand_pct=0.0, intake_pwm=80, exhaust_pwm=80, relay=OFF, note=270-300+ min recovery; heater OFF; fans LOW; safe observation after characterization"
2026-07-08T23:28:34.172239+00:00;16355;stage2_characterization_01;2;stage2_live_recovery;stage2_characterization;28;30;26.3;60.3;26.3;53.5;25.38;3131;0;6.799999;0;0;0;80;80;normal;;-34;"firmware=bsf_fw_stage2_live_v1, test=live_media_characterization, duration_plan=5h, target_reference=28-30C, phase=stage2_live_recovery, safety=normal, heater_demand_pct=0.0, intake_pwm=80, exhaust_pwm=80, relay=OFF, note=270-300+ min recovery; heater OFF; fans LOW; safe observation after characterization"
2026-07-08T23:29:04.544519+00:00;16385;stage2_characterization_01;2;stage2_live_recovery;stage2_characterization;28;30;26.4;60.3;26.4;53.6;25.38;3138;0;6.700001;0.071205;0;0;80;80;normal;;-34;"firmware=bsf_fw_stage2_live_v1, test=live_media_characterization, duration_plan=5h, target_reference=28-30C, phase=stage2_live_recovery, safety=normal, heater_demand_pct=0.0, intake_pwm=80, exhaust_pwm=80, relay=OFF, note=270-300+ min recovery; heater OFF; fans LOW; safe observation after characterization"
2026-07-08T23:29:33.751605+00:00;16415;stage2_characterization_01;2;stage2_live_recovery;stage2_characterization;28;30;26.4;60.2;26.4;53.8;25.44;3158;0;6.400002;0.01268;0;0;80;80;normal;;-34;"firmware=bsf_fw_stage2_live_v1, test=live_media_characterization, duration_plan=5h, target_reference=28-30C, phase=stage2_live_recovery, safety=normal, heater_demand_pct=0.0, intake_pwm=80, exhaust_pwm=80, relay=OFF, note=270-300+ min recovery; heater OFF; fans LOW; safe observation after characterization"
2026-07-08T23:30:03.841525+00:00;16445;stage2_characterization_01;2;stage2_live_recovery;stage2_characterization;28;30;26.4;60.9;26.4;53.9;25.44;3142;0;7;0.002266;0;0;80;80;normal;;-34;"firmware=bsf_fw_stage2_live_v1, test=live_media_characterization, duration_plan=5h, target_reference=28-30C, phase=stage2_live_recovery, safety=normal, heater_demand_pct=0.0, intake_pwm=80, exhaust_pwm=80, relay=OFF, note=270-300+ min recovery; heater OFF; fans LOW; safe observation after characterization"
2026-07-08T23:30:33.77516+00:00;16475;stage2_characterization_01;2;stage2_live_recovery;stage2_characterization;28;30;26.4;60.4;26.4;53.9;25.5;3141;0;6.5;0.000412;0;0;80;80;normal;;-35;"firmware=bsf_fw_stage2_live_v1, test=live_media_characterization, duration_plan=5h, target_reference=28-30C, phase=stage2_live_recovery, safety=normal, heater_demand_pct=0.0, intake_pwm=80, exhaust_pwm=80, relay=OFF, note=270-300+ min recovery; heater OFF; fans LOW; safe observation after characterization"
2026-07-08T23:31:04.634683+00:00;16505;stage2_characterization_01;2;stage2_live_recovery;stage2_characterization;28;30;26.4;60.6;26.3;53.8;25.56;3129;0.1;6.799999;0.000069;0;0;80;80;normal;;-35;"firmware=bsf_fw_stage2_live_v1, test=live_media_characterization, duration_plan=5h, target_reference=28-30C, phase=stage2_live_recovery, safety=normal, heater_demand_pct=0.0, intake_pwm=80, exhaust_pwm=80, relay=OFF, note=270-300+ min recovery; heater OFF; fans LOW; safe observation after characterization"
2026-07-08T23:31:34.944915+00:00;16535;stage2_characterization_01;2;stage2_live_recovery;stage2_characterization;28;30;26.4;60.2;26.3;53.6;25.56;3118;0.1;6.600002;-0.056236;0;0;80;80;normal;;-35;"firmware=bsf_fw_stage2_live_v1, test=live_media_characterization, duration_plan=5h, target_reference=28-30C, phase=stage2_live_recovery, safety=normal, heater_demand_pct=0.0, intake_pwm=80, exhaust_pwm=80, relay=OFF, note=270-300+ min recovery; heater OFF; fans LOW; safe observation after characterization"
2026-07-08T23:32:04.331689+00:00;16565;stage2_characterization_01;2;stage2_live_recovery;stage2_characterization;28;30;26.5;60.8;26.3;54.1;25.63;3125;0.200001;6.700001;0.214989;0;0;80;80;normal;;-35;"firmware=bsf_fw_stage2_live_v1, test=live_media_characterization, duration_plan=5h, target_reference=28-30C, phase=stage2_live_recovery, safety=normal, heater_demand_pct=0.0, intake_pwm=80, exhaust_pwm=80, relay=OFF, note=270-300+ min recovery; heater OFF; fans LOW; safe observation after characterization"
2026-07-08T23:32:34.576467+00:00;16595;stage2_characterization_01;2;stage2_live_recovery;stage2_characterization;28;30;26.5;61.1;26.3;54.2;25.56;3163;0.200001;6.899998;0.11824;0;0;80;80;normal;;-35;"firmware=bsf_fw_stage2_live_v1, test=live_media_characterization, duration_plan=5h, target_reference=28-30C, phase=stage2_live_recovery, safety=normal, heater_demand_pct=0.0, intake_pwm=80, exhaust_pwm=80, relay=OFF, note=270-300+ min recovery; heater OFF; fans LOW; safe observation after characterization"
2026-07-08T23:33:04.585484+00:00;16625;stage2_characterization_01;2;stage2_live_recovery;stage2_characterization;28;30;26.5;61.2;26.3;53.3;25.63;3129;0.200001;7.900002;0.044769;0;0;80;80;normal;;-35;"firmware=bsf_fw_stage2_live_v1, test=live_media_characterization, duration_plan=5h, target_reference=28-30C, phase=stage2_live_recovery, safety=normal, heater_demand_pct=0.0, intake_pwm=80, exhaust_pwm=80, relay=OFF, note=270-300+ min recovery; heater OFF; fans LOW; safe observation after characterization"
2026-07-08T23:33:35.331206+00:00;16655;stage2_characterization_01;2;stage2_live_recovery;stage2_characterization;28;30;26.5;61.1;26.4;53.6;25.63;3149;0.1;7.5;0.007965;0;0;80;80;normal;;-35;"firmware=bsf_fw_stage2_live_v1, test=live_media_characterization, duration_plan=5h, target_reference=28-30C, phase=stage2_live_recovery, safety=normal, heater_demand_pct=0.0, intake_pwm=80, exhaust_pwm=80, relay=OFF, note=270-300+ min recovery; heater OFF; fans LOW; safe observation after characterization"
2026-07-08T23:34:04.583706+00:00;16685;stage2_characterization_01;2;stage2_live_recovery;stage2_characterization;28;30;26.5;61;26.4;54;25.63;3136;0.1;7;0.001419;0;0;80;80;normal;;-33;"firmware=bsf_fw_stage2_live_v1, test=live_media_characterization, duration_plan=5h, target_reference=28-30C, phase=stage2_live_recovery, safety=normal, heater_demand_pct=0.0, intake_pwm=80, exhaust_pwm=80, relay=OFF, note=270-300+ min recovery; heater OFF; fans LOW; safe observation after characterization"
2026-07-08T23:34:34.169498+00:00;16715;stage2_characterization_01;2;stage2_live_recovery;stage2_characterization;28;30;26.5;61.3;26.5;54.3;25.63;3136;0;7;0.000252;0;0;80;80;normal;;-33;"firmware=bsf_fw_stage2_live_v1, test=live_media_characterization, duration_plan=5h, target_reference=28-30C, phase=stage2_live_recovery, safety=normal, heater_demand_pct=0.0, intake_pwm=80, exhaust_pwm=80, relay=OFF, note=270-300+ min recovery; heater OFF; fans LOW; safe observation after characterization"
2026-07-08T23:35:04.348851+00:00;16745;stage2_characterization_01;2;stage2_live_recovery;stage2_characterization;28;30;26.5;61.6;26.5;53.3;25.63;3122;0;8.299999;0.000046;0;0;80;80;normal;;-35;"firmware=bsf_fw_stage2_live_v1, test=live_media_characterization, duration_plan=5h, target_reference=28-30C, phase=stage2_live_recovery, safety=normal, heater_demand_pct=0.0, intake_pwm=80, exhaust_pwm=80, relay=OFF, note=270-300+ min recovery; heater OFF; fans LOW; safe observation after characterization"
2026-07-08T23:35:34.152774+00:00;16775;stage2_characterization_01;2;stage2_live_recovery;stage2_characterization;28;30;26.5;61.2;26.5;53.4;25.69;3127;0;7.799999;-0.064281;0;0;80;80;normal;;-35;"firmware=bsf_fw_stage2_live_v1, test=live_media_characterization, duration_plan=5h, target_reference=28-30C, phase=stage2_live_recovery, safety=normal, heater_demand_pct=0.0, intake_pwm=80, exhaust_pwm=80, relay=OFF, note=270-300+ min recovery; heater OFF; fans LOW; safe observation after characterization"
2026-07-08T23:36:04.62927+00:00;16805;stage2_characterization_01;2;stage2_live_recovery;stage2_characterization;28;30;26.5;60.9;26.4;53.8;25.69;3120;0.1;7.100002;-0.127213;0;0;80;80;normal;;-34;"firmware=bsf_fw_stage2_live_v1, test=live_media_characterization, duration_plan=5h, target_reference=28-30C, phase=stage2_live_recovery, safety=normal, heater_demand_pct=0.0, intake_pwm=80, exhaust_pwm=80, relay=OFF, note=270-300+ min recovery; heater OFF; fans LOW; safe observation after characterization"
2026-07-08T23:36:34.986475+00:00;16835;stage2_characterization_01;2;stage2_live_recovery;stage2_characterization;28;30;26.6;61;26.4;53.4;25.69;3108;0.200001;7.599998;0.072281;0;0;80;80;normal;;-34;"firmware=bsf_fw_stage2_live_v1, test=live_media_characterization, duration_plan=5h, target_reference=28-30C, phase=stage2_live_recovery, safety=normal, heater_demand_pct=0.0, intake_pwm=80, exhaust_pwm=80, relay=OFF, note=270-300+ min recovery; heater OFF; fans LOW; safe observation after characterization"
2026-07-08T23:37:04.315697+00:00;16865;stage2_characterization_01;2;stage2_live_recovery;stage2_characterization;28;30;26.6;61.1;26.4;53.4;25.69;3095;0.200001;7.699997;0.012863;0;0;80;80;normal;;-34;"firmware=bsf_fw_stage2_live_v1, test=live_media_characterization, duration_plan=5h, target_reference=28-30C, phase=stage2_live_recovery, safety=normal, heater_demand_pct=0.0, intake_pwm=80, exhaust_pwm=80, relay=OFF, note=270-300+ min recovery; heater OFF; fans LOW; safe observation after characterization"
2026-07-08T23:37:34.322364+00:00;16895;stage2_characterization_01;2;stage2_live_recovery;stage2_characterization;28;30;26.6;61;26.4;53;25.69;3059;0.200001;8;0.002289;0;0;80;80;normal;;-35;"firmware=bsf_fw_stage2_live_v1, test=live_media_characterization, duration_plan=5h, target_reference=28-30C, phase=stage2_live_recovery, safety=normal, heater_demand_pct=0.0, intake_pwm=80, exhaust_pwm=80, relay=OFF, note=270-300+ min recovery; heater OFF; fans LOW; safe observation after characterization"
2026-07-08T23:38:04.18355+00:00;16925;stage2_characterization_01;2;stage2_live_recovery;stage2_characterization;28;30;26.6;60.6;26.4;53.1;25.69;3089;0.200001;7.5;0.000412;0;0;80;80;normal;;-35;"firmware=bsf_fw_stage2_live_v1, test=live_media_characterization, duration_plan=5h, target_reference=28-30C, phase=stage2_live_recovery, safety=normal, heater_demand_pct=0.0, intake_pwm=80, exhaust_pwm=80, relay=OFF, note=270-300+ min recovery; heater OFF; fans LOW; safe observation after characterization"
2026-07-08T23:38:34.564566+00:00;16955;stage2_characterization_01;2;stage2_live_recovery;stage2_characterization;28;30;26.6;61;26.4;53;25.69;3104;0.200001;8;0.000069;0;0;80;80;normal;;-35;"firmware=bsf_fw_stage2_live_v1, test=live_media_characterization, duration_plan=5h, target_reference=28-30C, phase=stage2_live_recovery, safety=normal, heater_demand_pct=0.0, intake_pwm=80, exhaust_pwm=80, relay=OFF, note=270-300+ min recovery; heater OFF; fans LOW; safe observation after characterization"
2026-07-08T23:39:03.784175+00:00;16985;stage2_characterization_01;2;stage2_live_recovery;stage2_characterization;28;30;26.6;61.1;26.4;53.5;25.75;3240;0.200001;7.599998;0.000023;0;0;80;80;normal;;-33;"firmware=bsf_fw_stage2_live_v1, test=live_media_characterization, duration_plan=5h, target_reference=28-30C, phase=stage2_live_recovery, safety=normal, heater_demand_pct=0.0, intake_pwm=80, exhaust_pwm=80, relay=OFF, note=270-300+ min recovery; heater OFF; fans LOW; safe observation after characterization"
2026-07-08T23:39:33.762653+00:00;17015;stage2_characterization_01;2;stage2_live_recovery;stage2_characterization;28;30;26.6;60.9;26.5;54;25.75;3079;0.1;6.900002;0;0;0;80;80;normal;;-34;"firmware=bsf_fw_stage2_live_v1, test=live_media_characterization, duration_plan=5h, target_reference=28-30C, phase=stage2_live_recovery, safety=normal, heater_demand_pct=0.0, intake_pwm=80, exhaust_pwm=80, relay=OFF, note=270-300+ min recovery; heater OFF; fans LOW; safe observation after characterization"
2026-07-08T23:40:04.548866+00:00;17045;stage2_characterization_01;2;stage2_live_recovery;stage2_characterization;28;30;26.6;61.7;26.6;53.7;25.75;3070;0;8;0;0;0;80;80;normal;;-35;"firmware=bsf_fw_stage2_live_v1, test=live_media_characterization, duration_plan=5h, target_reference=28-30C, phase=stage2_live_recovery, safety=normal, heater_demand_pct=0.0, intake_pwm=80, exhaust_pwm=80, relay=OFF, note=270-300+ min recovery; heater OFF; fans LOW; safe observation after characterization"
2026-07-08T23:40:34.179608+00:00;17075;stage2_characterization_01;2;stage2_live_recovery;stage2_characterization;28;30;26.6;60.6;26.7;53.9;25.75;3102;-0.1;6.699997;0;0;0;80;80;normal;;-35;"firmware=bsf_fw_stage2_live_v1, test=live_media_characterization, duration_plan=5h, target_reference=28-30C, phase=stage2_live_recovery, safety=normal, heater_demand_pct=0.0, intake_pwm=80, exhaust_pwm=80, relay=OFF, note=270-300+ min recovery; heater OFF; fans LOW; safe observation after characterization"
2026-07-08T23:41:04.224245+00:00;17105;stage2_characterization_01;2;stage2_live_recovery;stage2_characterization;28;30;26.6;60.4;26.6;53.1;25.75;3119;0;7.300003;-0.075005;0;0;80;80;normal;;-35;"firmware=bsf_fw_stage2_live_v1, test=live_media_characterization, duration_plan=5h, target_reference=28-30C, phase=stage2_live_recovery, safety=normal, heater_demand_pct=0.0, intake_pwm=80, exhaust_pwm=80, relay=OFF, note=270-300+ min recovery; heater OFF; fans LOW; safe observation after characterization"
2026-07-08T23:41:34.228559+00:00;17135;stage2_characterization_01;2;stage2_live_recovery;stage2_characterization;28;30;26.7;60.1;26.5;53.6;25.75;3101;0.200001;6.5;0.057838;0;0;80;80;normal;;-35;"firmware=bsf_fw_stage2_live_v1, test=live_media_characterization, duration_plan=5h, target_reference=28-30C, phase=stage2_live_recovery, safety=normal, heater_demand_pct=0.0, intake_pwm=80, exhaust_pwm=80, relay=OFF, note=270-300+ min recovery; heater OFF; fans LOW; safe observation after characterization"
2026-07-08T23:42:04.883529+00:00;17165;stage2_characterization_01;2;stage2_live_recovery;stage2_characterization;28;30;26.7;60;26.5;54;25.75;3149;0.200001;6;0.0103;0;0;80;80;normal;;-35;"firmware=bsf_fw_stage2_live_v1, test=live_media_characterization, duration_plan=5h, target_reference=28-30C, phase=stage2_live_recovery, safety=normal, heater_demand_pct=0.0, intake_pwm=80, exhaust_pwm=80, relay=OFF, note=270-300+ min recovery; heater OFF; fans LOW; safe observation after characterization"
2026-07-08T23:42:33.789563+00:00;17195;stage2_characterization_01;2;stage2_live_recovery;stage2_characterization;28;30;26.7;60;26.5;54.1;25.75;3115;0.200001;5.900002;0.001831;0;0;80;80;normal;;-35;"firmware=bsf_fw_stage2_live_v1, test=live_media_characterization, duration_plan=5h, target_reference=28-30C, phase=stage2_live_recovery, safety=normal, heater_demand_pct=0.0, intake_pwm=80, exhaust_pwm=80, relay=OFF, note=270-300+ min recovery; heater OFF; fans LOW; safe observation after characterization"
2026-07-08T23:43:04.608004+00:00;17225;stage2_characterization_01;2;stage2_live_recovery;stage2_characterization;28;30;26.7;61.4;26.4;53.4;25.75;3129;0.300001;8;0.00032;0;0;80;80;normal;;-35;"firmware=bsf_fw_stage2_live_v1, test=live_media_characterization, duration_plan=5h, target_reference=28-30C, phase=stage2_live_recovery, safety=normal, heater_demand_pct=0.0, intake_pwm=80, exhaust_pwm=80, relay=OFF, note=270-300+ min recovery; heater OFF; fans LOW; safe observation after characterization"
2026-07-08T23:43:33.827449+00:00;17255;stage2_characterization_01;2;stage2_live_recovery;stage2_characterization;28;30;26.7;60.5;26.4;54;25.81;3131;0.300001;6.5;0.000046;0;0;80;80;normal;;-35;"firmware=bsf_fw_stage2_live_v1, test=live_media_characterization, duration_plan=5h, target_reference=28-30C, phase=stage2_live_recovery, safety=normal, heater_demand_pct=0.0, intake_pwm=80, exhaust_pwm=80, relay=OFF, note=270-300+ min recovery; heater OFF; fans LOW; safe observation after characterization"
2026-07-08T23:44:04.599761+00:00;17285;stage2_characterization_01;2;stage2_live_recovery;stage2_characterization;28;30;26.7;61;26.4;53.9;25.81;3125;0.300001;7.099998;0;0;0;80;80;normal;;-35;"firmware=bsf_fw_stage2_live_v1, test=live_media_characterization, duration_plan=5h, target_reference=28-30C, phase=stage2_live_recovery, safety=normal, heater_demand_pct=0.0, intake_pwm=80, exhaust_pwm=80, relay=OFF, note=270-300+ min recovery; heater OFF; fans LOW; safe observation after characterization"
2026-07-08T23:44:34.189478+00:00;17315;stage2_characterization_01;2;stage2_live_recovery;stage2_characterization;28;30;26.6;61.1;26.4;54.2;25.81;3139;0.200001;6.899998;-0.299995;0;0;80;80;normal;;-34;"firmware=bsf_fw_stage2_live_v1, test=live_media_characterization, duration_plan=5h, target_reference=28-30C, phase=stage2_live_recovery, safety=normal, heater_demand_pct=0.0, intake_pwm=80, exhaust_pwm=80, relay=OFF, note=270-300+ min recovery; heater OFF; fans LOW; safe observation after characterization"
2026-07-08T23:45:03.750532+00:00;17345;stage2_characterization_01;2;stage2_live_recovery;stage2_characterization;28;30;26.6;59.6;26.4;54;25.81;3134;0.200001;5.599998;-0.165001;0;0;80;80;normal;;-35;"firmware=bsf_fw_stage2_live_v1, test=live_media_characterization, duration_plan=5h, target_reference=28-30C, phase=stage2_live_recovery, safety=normal, heater_demand_pct=0.0, intake_pwm=80, exhaust_pwm=80, relay=OFF, note=270-300+ min recovery; heater OFF; fans LOW; safe observation after characterization"
2026-07-08T23:45:33.747766+00:00;17375;stage2_characterization_01;2;stage2_live_recovery;stage2_characterization;28;30;26.6;59.9;26.4;54.2;25.81;3144;0.200001;5.700001;-0.029366;0;0;80;80;normal;;-33;"firmware=bsf_fw_stage2_live_v1, test=live_media_characterization, duration_plan=5h, target_reference=28-30C, phase=stage2_live_recovery, safety=normal, heater_demand_pct=0.0, intake_pwm=80, exhaust_pwm=80, relay=OFF, note=270-300+ min recovery; heater OFF; fans LOW; safe observation after characterization"
2026-07-08T23:46:04.664399+00:00;17405;stage2_characterization_01;2;stage2_live_recovery;stage2_characterization;28;30;26.6;61.2;26.4;53.3;25.81;3130;0.200001;7.900002;-0.005219;0;0;80;80;normal;;-35;"firmware=bsf_fw_stage2_live_v1, test=live_media_characterization, duration_plan=5h, target_reference=28-30C, phase=stage2_live_recovery, safety=normal, heater_demand_pct=0.0, intake_pwm=80, exhaust_pwm=80, relay=OFF, note=270-300+ min recovery; heater OFF; fans LOW; safe observation after characterization"
2026-07-08T23:46:34.173803+00:00;17435;stage2_characterization_01;2;stage2_live_recovery;stage2_characterization;28;30;26.6;61.3;26.4;53.5;25.81;3120;0.200001;7.799999;-0.000938;0;0;80;80;normal;;-35;"firmware=bsf_fw_stage2_live_v1, test=live_media_characterization, duration_plan=5h, target_reference=28-30C, phase=stage2_live_recovery, safety=normal, heater_demand_pct=0.0, intake_pwm=80, exhaust_pwm=80, relay=OFF, note=270-300+ min recovery; heater OFF; fans LOW; safe observation after characterization"
2026-07-08T23:47:04.816963+00:00;17465;stage2_characterization_01;2;stage2_live_recovery;stage2_characterization;28;30;26.6;60.8;26.3;54.1;25.81;3138;0.300001;6.700001;-0.00016;0;0;80;80;normal;;-34;"firmware=bsf_fw_stage2_live_v1, test=live_media_characterization, duration_plan=5h, target_reference=28-30C, phase=stage2_live_recovery, safety=normal, heater_demand_pct=0.0, intake_pwm=80, exhaust_pwm=80, relay=OFF, note=270-300+ min recovery; heater OFF; fans LOW; safe observation after characterization"
2026-07-08T23:47:34.166072+00:00;17495;stage2_characterization_01;2;stage2_live_recovery;stage2_characterization;28;30;26.6;60.4;26.4;54.1;25.81;3129;0.200001;6.300003;-0.000023;0;0;80;80;normal;;-34;"firmware=bsf_fw_stage2_live_v1, test=live_media_characterization, duration_plan=5h, target_reference=28-30C, phase=stage2_live_recovery, safety=normal, heater_demand_pct=0.0, intake_pwm=80, exhaust_pwm=80, relay=OFF, note=270-300+ min recovery; heater OFF; fans LOW; safe observation after characterization"
2026-07-08T23:48:04.593359+00:00;17525;stage2_characterization_01;2;stage2_live_recovery;stage2_characterization;28;30;26.6;60.4;26.4;54.4;25.75;3135;0.200001;6;0;0;0;80;80;normal;;-36;"firmware=bsf_fw_stage2_live_v1, test=live_media_characterization, duration_plan=5h, target_reference=28-30C, phase=stage2_live_recovery, safety=normal, heater_demand_pct=0.0, intake_pwm=80, exhaust_pwm=80, relay=OFF, note=270-300+ min recovery; heater OFF; fans LOW; safe observation after characterization"
2026-07-08T23:48:33.768611+00:00;17555;stage2_characterization_01;2;stage2_live_recovery;stage2_characterization;28;30;26.6;61.2;26.4;55.3;25.75;3122;0.200001;5.900002;0;0;0;80;80;normal;;-34;"firmware=bsf_fw_stage2_live_v1, test=live_media_characterization, duration_plan=5h, target_reference=28-30C, phase=stage2_live_recovery, safety=normal, heater_demand_pct=0.0, intake_pwm=80, exhaust_pwm=80, relay=OFF, note=270-300+ min recovery; heater OFF; fans LOW; safe observation after characterization"
2026-07-08T23:49:03.759589+00:00;17585;stage2_characterization_01;2;stage2_live_recovery;stage2_characterization;28;30;26.6;61.3;26.4;55.2;25.81;3134;0.200001;6.099998;0;0;0;80;80;normal;;-36;"firmware=bsf_fw_stage2_live_v1, test=live_media_characterization, duration_plan=5h, target_reference=28-30C, phase=stage2_live_recovery, safety=normal, heater_demand_pct=0.0, intake_pwm=80, exhaust_pwm=80, relay=OFF, note=270-300+ min recovery; heater OFF; fans LOW; safe observation after characterization"
2026-07-08T23:49:33.768156+00:00;17615;stage2_characterization_01;2;stage2_live_recovery;stage2_characterization;28;30;26.6;62;26.4;55;25.75;3133;0.200001;7;0;0;0;80;80;normal;;-36;"firmware=bsf_fw_stage2_live_v1, test=live_media_characterization, duration_plan=5h, target_reference=28-30C, phase=stage2_live_recovery, safety=normal, heater_demand_pct=0.0, intake_pwm=80, exhaust_pwm=80, relay=OFF, note=270-300+ min recovery; heater OFF; fans LOW; safe observation after characterization"
2026-07-08T23:50:03.798917+00:00;17645;stage2_characterization_01;2;stage2_live_recovery;stage2_characterization;28;30;26.6;62.2;26.4;55.1;25.81;3113;0.200001;7.100002;0;0;0;80;80;normal;;-35;"firmware=bsf_fw_stage2_live_v1, test=live_media_characterization, duration_plan=5h, target_reference=28-30C, phase=stage2_live_recovery, safety=normal, heater_demand_pct=0.0, intake_pwm=80, exhaust_pwm=80, relay=OFF, note=270-300+ min recovery; heater OFF; fans LOW; safe observation after characterization"
2026-07-08T23:50:34.193017+00:00;17675;stage2_characterization_01;2;stage2_live_recovery;stage2_characterization;28;30;26.6;61.9;26.4;54.7;25.81;3102;0.200001;7.200001;0;0;0;80;80;normal;;-35;"firmware=bsf_fw_stage2_live_v1, test=live_media_characterization, duration_plan=5h, target_reference=28-30C, phase=stage2_live_recovery, safety=normal, heater_demand_pct=0.0, intake_pwm=80, exhaust_pwm=80, relay=OFF, note=270-300+ min recovery; heater OFF; fans LOW; safe observation after characterization"
2026-07-08T23:51:04.580825+00:00;17705;stage2_characterization_01;2;stage2_live_recovery;stage2_characterization;28;30;26.6;61.3;26.4;54.6;25.88;3139;0.200001;6.700001;0;0;0;80;80;normal;;-37;"firmware=bsf_fw_stage2_live_v1, test=live_media_characterization, duration_plan=5h, target_reference=28-30C, phase=stage2_live_recovery, safety=normal, heater_demand_pct=0.0, intake_pwm=80, exhaust_pwm=80, relay=OFF, note=270-300+ min recovery; heater OFF; fans LOW; safe observation after characterization"
2026-07-08T23:51:34.294085+00:00;17735;stage2_characterization_01;2;stage2_live_recovery;stage2_characterization;28;30;26.6;61.1;26.4;54.5;25.88;3157;0.200001;6.599998;0;0;0;80;80;normal;;-35;"firmware=bsf_fw_stage2_live_v1, test=live_media_characterization, duration_plan=5h, target_reference=28-30C, phase=stage2_live_recovery, safety=normal, heater_demand_pct=0.0, intake_pwm=80, exhaust_pwm=80, relay=OFF, note=270-300+ min recovery; heater OFF; fans LOW; safe observation after characterization"
2026-07-08T23:52:04.135924+00:00;17765;stage2_characterization_01;2;stage2_live_recovery;stage2_characterization;28;30;26.6;61.1;26.4;54.5;25.88;3105;0.200001;6.599998;0;0;0;80;80;normal;;-33;"firmware=bsf_fw_stage2_live_v1, test=live_media_characterization, duration_plan=5h, target_reference=28-30C, phase=stage2_live_recovery, safety=normal, heater_demand_pct=0.0, intake_pwm=80, exhaust_pwm=80, relay=OFF, note=270-300+ min recovery; heater OFF; fans LOW; safe observation after characterization"
2026-07-08T23:52:34.260491+00:00;17795;stage2_characterization_01;2;stage2_live_recovery;stage2_characterization;28;30;26.6;60.9;26.4;54.7;25.88;3114;0.200001;6.200001;0;0;0;80;80;normal;;-35;"firmware=bsf_fw_stage2_live_v1, test=live_media_characterization, duration_plan=5h, target_reference=28-30C, phase=stage2_live_recovery, safety=normal, heater_demand_pct=0.0, intake_pwm=80, exhaust_pwm=80, relay=OFF, note=270-300+ min recovery; heater OFF; fans LOW; safe observation after characterization"
2026-07-08T23:53:03.85869+00:00;17825;stage2_characterization_01;2;stage2_live_recovery;stage2_characterization;28;30;26.6;61.4;26.4;55.3;25.94;3109;0.200001;6.100002;0;0;0;80;80;normal;;-36;"firmware=bsf_fw_stage2_live_v1, test=live_media_characterization, duration_plan=5h, target_reference=28-30C, phase=stage2_live_recovery, safety=normal, heater_demand_pct=0.0, intake_pwm=80, exhaust_pwm=80, relay=OFF, note=270-300+ min recovery; heater OFF; fans LOW; safe observation after characterization"
2026-07-08T23:53:34.20442+00:00;17855;stage2_characterization_01;2;stage2_live_recovery;stage2_characterization;28;30;26.6;61.9;26.4;55.5;25.88;3121;0.200001;6.400002;0;0;0;80;80;normal;;-35;"firmware=bsf_fw_stage2_live_v1, test=live_media_characterization, duration_plan=5h, target_reference=28-30C, phase=stage2_live_recovery, safety=normal, heater_demand_pct=0.0, intake_pwm=80, exhaust_pwm=80, relay=OFF, note=270-300+ min recovery; heater OFF; fans LOW; safe observation after characterization"
2026-07-08T23:54:04.203371+00:00;17885;stage2_characterization_01;2;stage2_live_recovery;stage2_characterization;28;30;26.6;60.7;26.4;54;25.88;3120;0.200001;6.700001;0;0;0;80;80;normal;;-33;"firmware=bsf_fw_stage2_live_v1, test=live_media_characterization, duration_plan=5h, target_reference=28-30C, phase=stage2_live_recovery, safety=normal, heater_demand_pct=0.0, intake_pwm=80, exhaust_pwm=80, relay=OFF, note=270-300+ min recovery; heater OFF; fans LOW; safe observation after characterization"
2026-07-08T23:54:33.774586+00:00;17915;stage2_characterization_01;2;stage2_live_recovery;stage2_characterization;28;30;26.6;60.2;26.4;54.2;25.88;3135;0.200001;6;0;0;0;80;80;normal;;-35;"firmware=bsf_fw_stage2_live_v1, test=live_media_characterization, duration_plan=5h, target_reference=28-30C, phase=stage2_live_recovery, safety=normal, heater_demand_pct=0.0, intake_pwm=80, exhaust_pwm=80, relay=OFF, note=270-300+ min recovery; heater OFF; fans LOW; safe observation after characterization"
2026-07-08T23:55:04.694511+00:00;17945;stage2_characterization_01;2;stage2_live_recovery;stage2_characterization;28;30;26.6;61;26.4;54.6;25.94;3119;0.200001;6.400002;0;0;0;80;80;normal;;-34;"firmware=bsf_fw_stage2_live_v1, test=live_media_characterization, duration_plan=5h, target_reference=28-30C, phase=stage2_live_recovery, safety=normal, heater_demand_pct=0.0, intake_pwm=80, exhaust_pwm=80, relay=OFF, note=270-300+ min recovery; heater OFF; fans LOW; safe observation after characterization"
2026-07-08T23:55:34.857709+00:00;17975;stage2_characterization_01;2;stage2_live_recovery;stage2_characterization;28;30;26.6;60.2;26.3;54.5;25.94;3119;0.300001;5.700001;0;0;0;80;80;normal;;-34;"firmware=bsf_fw_stage2_live_v1, test=live_media_characterization, duration_plan=5h, target_reference=28-30C, phase=stage2_live_recovery, safety=normal, heater_demand_pct=0.0, intake_pwm=80, exhaust_pwm=80, relay=OFF, note=270-300+ min recovery; heater OFF; fans LOW; safe observation after characterization"
2026-07-08T23:56:04.184457+00:00;18005;stage2_characterization_01;2;stage2_live_recovery;stage2_characterization;28;30;26.6;60.7;26.4;54.4;25.94;3106;0.200001;6.299999;0;0;0;80;80;normal;;-33;"firmware=bsf_fw_stage2_live_v1, test=live_media_characterization, duration_plan=5h, target_reference=28-30C, phase=stage2_live_recovery, safety=normal, heater_demand_pct=0.0, intake_pwm=80, exhaust_pwm=80, relay=OFF, note=270-300+ min recovery; heater OFF; fans LOW; safe observation after characterization"
2026-07-08T23:56:33.850924+00:00;18035;stage2_characterization_01;2;stage2_live_recovery;stage2_characterization;28;30;26.6;60.6;26.4;54.1;25.94;3088;0.200001;6.5;0;0;0;80;80;normal;;-34;"firmware=bsf_fw_stage2_live_v1, test=live_media_characterization, duration_plan=5h, target_reference=28-30C, phase=stage2_live_recovery, safety=normal, heater_demand_pct=0.0, intake_pwm=80, exhaust_pwm=80, relay=OFF, note=270-300+ min recovery; heater OFF; fans LOW; safe observation after characterization"
2026-07-08T23:57:03.802093+00:00;18065;stage2_characterization_01;2;stage2_live_recovery;stage2_characterization;28;30;26.6;61.4;26.4;54.4;25.94;3139;0.200001;7;0;0;0;80;80;normal;;-33;"firmware=bsf_fw_stage2_live_v1, test=live_media_characterization, duration_plan=5h, target_reference=28-30C, phase=stage2_live_recovery, safety=normal, heater_demand_pct=0.0, intake_pwm=80, exhaust_pwm=80, relay=OFF, note=270-300+ min recovery; heater OFF; fans LOW; safe observation after characterization"
2026-07-08T23:57:33.801712+00:00;18095;stage2_characterization_01;2;stage2_live_recovery;stage2_characterization;28;30;26.6;61.1;26.4;54.6;25.88;3143;0.200001;6.5;0;0;0;80;80;normal;;-34;"firmware=bsf_fw_stage2_live_v1, test=live_media_characterization, duration_plan=5h, target_reference=28-30C, phase=stage2_live_recovery, safety=normal, heater_demand_pct=0.0, intake_pwm=80, exhaust_pwm=80, relay=OFF, note=270-300+ min recovery; heater OFF; fans LOW; safe observation after characterization"
2026-07-08T23:58:04.188528+00:00;18125;stage2_characterization_01;2;stage2_live_recovery;stage2_characterization;28;30;26.6;61.8;26.4;54.4;25.88;3101;0.200001;7.399998;0;0;0;80;80;normal;;-35;"firmware=bsf_fw_stage2_live_v1, test=live_media_characterization, duration_plan=5h, target_reference=28-30C, phase=stage2_live_recovery, safety=normal, heater_demand_pct=0.0, intake_pwm=80, exhaust_pwm=80, relay=OFF, note=270-300+ min recovery; heater OFF; fans LOW; safe observation after characterization"
2026-07-08T23:58:33.882156+00:00;18155;stage2_characterization_01;2;stage2_live_recovery;stage2_characterization;28;30;26.6;62.1;26.4;54.4;25.94;3134;0.200001;7.699997;0;0;0;80;80;normal;;-34;"firmware=bsf_fw_stage2_live_v1, test=live_media_characterization, duration_plan=5h, target_reference=28-30C, phase=stage2_live_recovery, safety=normal, heater_demand_pct=0.0, intake_pwm=80, exhaust_pwm=80, relay=OFF, note=270-300+ min recovery; heater OFF; fans LOW; safe observation after characterization"
2026-07-08T23:59:04.189037+00:00;18185;stage2_characterization_01;2;stage2_live_recovery;stage2_characterization;28;30;26.6;62;26.3;54.4;25.88;3143;0.300001;7.599998;0;0;0;80;80;normal;;-35;"firmware=bsf_fw_stage2_live_v1, test=live_media_characterization, duration_plan=5h, target_reference=28-30C, phase=stage2_live_recovery, safety=normal, heater_demand_pct=0.0, intake_pwm=80, exhaust_pwm=80, relay=OFF, note=270-300+ min recovery; heater OFF; fans LOW; safe observation after characterization"
2026-07-08T23:59:34.586847+00:00;18215;stage2_characterization_01;2;stage2_live_recovery;stage2_characterization;28;30;26.6;62;26.3;55.1;25.88;3111;0.300001;6.900002;0;0;0;80;80;normal;;-35;"firmware=bsf_fw_stage2_live_v1, test=live_media_characterization, duration_plan=5h, target_reference=28-30C, phase=stage2_live_recovery, safety=normal, heater_demand_pct=0.0, intake_pwm=80, exhaust_pwm=80, relay=OFF, note=270-300+ min recovery; heater OFF; fans LOW; safe observation after characterization"
2026-07-09T00:00:04.198741+00:00;18245;stage2_characterization_01;2;stage2_live_recovery;stage2_characterization;28;30;26.6;62.6;26.4;55.4;25.88;3127;0.200001;7.199997;0;0;0;80;80;normal;;-34;"firmware=bsf_fw_stage2_live_v1, test=live_media_characterization, duration_plan=5h, target_reference=28-30C, phase=stage2_live_recovery, safety=normal, heater_demand_pct=0.0, intake_pwm=80, exhaust_pwm=80, relay=OFF, note=270-300+ min recovery; heater OFF; fans LOW; safe observation after characterization"
2026-07-09T00:00:34.231706+00:00;18275;stage2_characterization_01;2;stage2_live_recovery;stage2_characterization;28;30;26.6;61.3;26.5;55;25.88;3134;0.1;6.299999;0;0;0;80;80;normal;;-36;"firmware=bsf_fw_stage2_live_v1, test=live_media_characterization, duration_plan=5h, target_reference=28-30C, phase=stage2_live_recovery, safety=normal, heater_demand_pct=0.0, intake_pwm=80, exhaust_pwm=80, relay=OFF, note=270-300+ min recovery; heater OFF; fans LOW; safe observation after characterization"
2026-07-09T00:01:05.132904+00:00;18305;stage2_characterization_01;2;stage2_live_recovery;stage2_characterization;28;30;26.6;62.5;26.6;54.8;25.88;3113;0;7.700001;0;0;0;80;80;normal;;-35;"firmware=bsf_fw_stage2_live_v1, test=live_media_characterization, duration_plan=5h, target_reference=28-30C, phase=stage2_live_recovery, safety=normal, heater_demand_pct=0.0, intake_pwm=80, exhaust_pwm=80, relay=OFF, note=270-300+ min recovery; heater OFF; fans LOW; safe observation after characterization"
2026-07-09T00:01:34.638313+00:00;18335;stage2_characterization_01;2;stage2_live_recovery;stage2_characterization;28;30;26.7;62.4;26.6;54.2;25.88;3122;0.1;8.200001;0.137128;0;0;80;80;normal;;-34;"firmware=bsf_fw_stage2_live_v1, test=live_media_characterization, duration_plan=5h, target_reference=28-30C, phase=stage2_live_recovery, safety=normal, heater_demand_pct=0.0, intake_pwm=80, exhaust_pwm=80, relay=OFF, note=270-300+ min recovery; heater OFF; fans LOW; safe observation after characterization"
2026-07-09T00:02:04.161984+00:00;18365;stage2_characterization_01;2;stage2_live_recovery;stage2_characterization;28;30;26.7;62.3;26.7;54.4;25.88;3105;0;7.899998;0.024394;0;0;80;80;normal;;-35;"firmware=bsf_fw_stage2_live_v1, test=live_media_characterization, duration_plan=5h, target_reference=28-30C, phase=stage2_live_recovery, safety=normal, heater_demand_pct=0.0, intake_pwm=80, exhaust_pwm=80, relay=OFF, note=270-300+ min recovery; heater OFF; fans LOW; safe observation after characterization"
2026-07-09T00:02:34.624685+00:00;18395;stage2_characterization_01;2;stage2_live_recovery;stage2_characterization;28;30;26.7;62;26.7;54.6;25.88;3088;0;7.400002;0.004349;0;0;80;80;normal;;-33;"firmware=bsf_fw_stage2_live_v1, test=live_media_characterization, duration_plan=5h, target_reference=28-30C, phase=stage2_live_recovery, safety=normal, heater_demand_pct=0.0, intake_pwm=80, exhaust_pwm=80, relay=OFF, note=270-300+ min recovery; heater OFF; fans LOW; safe observation after characterization"
2026-07-09T00:03:05.064872+00:00;18425;stage2_characterization_01;2;stage2_live_recovery;stage2_characterization;28;30;26.7;62.2;26.8;54.4;25.88;3071;-0.099998;7.799999;0.000778;0;0;80;80;normal;;-34;"firmware=bsf_fw_stage2_live_v1, test=live_media_characterization, duration_plan=5h, target_reference=28-30C, phase=stage2_live_recovery, safety=normal, heater_demand_pct=0.0, intake_pwm=80, exhaust_pwm=80, relay=OFF, note=270-300+ min recovery; heater OFF; fans LOW; safe observation after characterization"
2026-07-09T00:03:34.22937+00:00;18455;stage2_characterization_01;2;stage2_live_recovery;stage2_characterization;28;30;26.8;62.5;26.8;54.3;25.94;3083;0;8.200001;0.300193;0;0;80;80;normal;;-34;"firmware=bsf_fw_stage2_live_v1, test=live_media_characterization, duration_plan=5h, target_reference=28-30C, phase=stage2_live_recovery, safety=normal, heater_demand_pct=0.0, intake_pwm=80, exhaust_pwm=80, relay=OFF, note=270-300+ min recovery; heater OFF; fans LOW; safe observation after characterization"
2026-07-09T00:04:03.808223+00:00;18485;stage2_characterization_01;2;stage2_live_recovery;stage2_characterization;28;30;26.8;61.3;26.8;53.9;25.94;3108;0;7.399998;0.077303;0;0;80;80;normal;;-35;"firmware=bsf_fw_stage2_live_v1, test=live_media_characterization, duration_plan=5h, target_reference=28-30C, phase=stage2_live_recovery, safety=normal, heater_demand_pct=0.0, intake_pwm=80, exhaust_pwm=80, relay=OFF, note=270-300+ min recovery; heater OFF; fans LOW; safe observation after characterization"
2026-07-09T00:04:34.22265+00:00;18515;stage2_characterization_01;2;stage2_live_recovery;stage2_characterization;28;30;26.8;60.5;26.8;53.6;25.94;3106;0;6.900002;0.013733;0;0;80;80;normal;;-34;"firmware=bsf_fw_stage2_live_v1, test=live_media_characterization, duration_plan=5h, target_reference=28-30C, phase=stage2_live_recovery, safety=normal, heater_demand_pct=0.0, intake_pwm=80, exhaust_pwm=80, relay=OFF, note=270-300+ min recovery; heater OFF; fans LOW; safe observation after characterization"
2026-07-09T00:05:04.617227+00:00;18545;stage2_characterization_01;2;stage2_live_recovery;stage2_characterization;28;30;26.8;60.3;26.9;53.2;26;3095;-0.1;7.099998;0.002449;0;0;80;80;normal;;-35;"firmware=bsf_fw_stage2_live_v1, test=live_media_characterization, duration_plan=5h, target_reference=28-30C, phase=stage2_live_recovery, safety=normal, heater_demand_pct=0.0, intake_pwm=80, exhaust_pwm=80, relay=OFF, note=270-300+ min recovery; heater OFF; fans LOW; safe observation after characterization"
2026-07-09T00:05:34.604021+00:00;18575;stage2_characterization_01;2;stage2_live_recovery;stage2_characterization;28;30;26.8;60.9;26.9;53.5;26;3186;-0.1;7.400002;0.000435;0;0;80;80;normal;;-35;"firmware=bsf_fw_stage2_live_v1, test=live_media_characterization, duration_plan=5h, target_reference=28-30C, phase=stage2_live_recovery, safety=normal, heater_demand_pct=0.0, intake_pwm=80, exhaust_pwm=80, relay=OFF, note=270-300+ min recovery; heater OFF; fans LOW; safe observation after characterization"
2026-07-09T00:06:04.938891+00:00;18605;stage2_characterization_01;2;stage2_live_recovery;stage2_characterization;28;30;26.9;61.9;26.9;54;26;3102;0;7.900002;0.168789;0;0;80;80;normal;;-36;"firmware=bsf_fw_stage2_live_v1, test=live_media_characterization, duration_plan=5h, target_reference=28-30C, phase=stage2_live_recovery, safety=normal, heater_demand_pct=0.0, intake_pwm=80, exhaust_pwm=80, relay=OFF, note=270-300+ min recovery; heater OFF; fans LOW; safe observation after characterization"
2026-07-09T00:06:34.642323+00:00;18635;stage2_characterization_01;2;stage2_live_recovery;stage2_characterization;28;30;26.9;62.1;26.8;54.3;26;3139;0.1;7.799999;0.030052;0;0;80;80;normal;;-33;"firmware=bsf_fw_stage2_live_v1, test=live_media_characterization, duration_plan=5h, target_reference=28-30C, phase=stage2_live_recovery, safety=normal, heater_demand_pct=0.0, intake_pwm=80, exhaust_pwm=80, relay=OFF, note=270-300+ min recovery; heater OFF; fans LOW; safe observation after characterization"
2026-07-09T00:07:04.658507+00:00;18665;stage2_characterization_01;2;stage2_live_recovery;stage2_characterization;28;30;26.9;62;26.8;53.7;26;3109;0.1;8.299999;0.005356;0;0;80;80;normal;;-34;"firmware=bsf_fw_stage2_live_v1, test=live_media_characterization, duration_plan=5h, target_reference=28-30C, phase=stage2_live_recovery, safety=normal, heater_demand_pct=0.0, intake_pwm=80, exhaust_pwm=80, relay=OFF, note=270-300+ min recovery; heater OFF; fans LOW; safe observation after characterization"
2026-07-09T00:07:34.211378+00:00;18695;stage2_characterization_01;2;stage2_live_recovery;stage2_characterization;28;30;26.9;61;26.7;54.6;26;3103;0.199999;6.400002;0.000961;0;0;80;80;normal;;-34;"firmware=bsf_fw_stage2_live_v1, test=live_media_characterization, duration_plan=5h, target_reference=28-30C, phase=stage2_live_recovery, safety=normal, heater_demand_pct=0.0, intake_pwm=80, exhaust_pwm=80, relay=OFF, note=270-300+ min recovery; heater OFF; fans LOW; safe observation after characterization"
2026-07-09T00:08:03.783224+00:00;18725;stage2_characterization_01;2;stage2_live_recovery;stage2_characterization;28;30;26.9;61.7;26.7;53.9;26.06;3141;0.199999;7.799999;0.000161;0;0;80;80;normal;;-34;"firmware=bsf_fw_stage2_live_v1, test=live_media_characterization, duration_plan=5h, target_reference=28-30C, phase=stage2_live_recovery, safety=normal, heater_demand_pct=0.0, intake_pwm=80, exhaust_pwm=80, relay=OFF, note=270-300+ min recovery; heater OFF; fans LOW; safe observation after characterization"
2026-07-09T00:08:33.785349+00:00;18755;stage2_characterization_01;2;stage2_live_recovery;stage2_characterization;28;30;26.9;60.3;26.7;54.5;26;3118;0.199999;5.799999;0.000023;0;0;80;80;normal;;-35;"firmware=bsf_fw_stage2_live_v1, test=live_media_characterization, duration_plan=5h, target_reference=28-30C, phase=stage2_live_recovery, safety=normal, heater_demand_pct=0.0, intake_pwm=80, exhaust_pwm=80, relay=OFF, note=270-300+ min recovery; heater OFF; fans LOW; safe observation after characterization"
2026-07-09T00:09:04.809135+00:00;18785;stage2_characterization_01;2;stage2_live_recovery;stage2_characterization;28;30;26.9;61.5;26.7;53.9;26.06;3136;0.199999;7.599998;0;0;0;80;80;normal;;-35;"firmware=bsf_fw_stage2_live_v1, test=live_media_characterization, duration_plan=5h, target_reference=28-30C, phase=stage2_live_recovery, safety=normal, heater_demand_pct=0.0, intake_pwm=80, exhaust_pwm=80, relay=OFF, note=270-300+ min recovery; heater OFF; fans LOW; safe observation after characterization"
2026-07-09T00:09:34.188692+00:00;18815;stage2_characterization_01;2;stage2_live_recovery;stage2_characterization;28;30;26.9;60.7;26.7;53.8;26.06;3124;0.199999;6.900002;0;0;0;80;80;normal;;-34;"firmware=bsf_fw_stage2_live_v1, test=live_media_characterization, duration_plan=5h, target_reference=28-30C, phase=stage2_live_recovery, safety=normal, heater_demand_pct=0.0, intake_pwm=80, exhaust_pwm=80, relay=OFF, note=270-300+ min recovery; heater OFF; fans LOW; safe observation after characterization"
2026-07-09T00:10:04.195146+00:00;18845;stage2_characterization_01;2;stage2_live_recovery;stage2_characterization;28;30;26.9;60.7;26.7;54;26.06;3121;0.199999;6.700001;0.031648;0;0;80;80;normal;;-35;"firmware=bsf_fw_stage2_live_v1, test=live_media_characterization, duration_plan=5h, target_reference=28-30C, phase=stage2_live_recovery, safety=normal, heater_demand_pct=0.0, intake_pwm=80, exhaust_pwm=80, relay=OFF, note=270-300+ min recovery; heater OFF; fans LOW; safe observation after characterization"
2026-07-09T00:10:33.753817+00:00;18875;stage2_characterization_01;2;stage2_live_recovery;stage2_characterization;28;30;26.9;61.1;26.7;54.2;26.06;3114;0.199999;6.899998;0.00563;0;0;80;80;normal;;-33;"firmware=bsf_fw_stage2_live_v1, test=live_media_characterization, duration_plan=5h, target_reference=28-30C, phase=stage2_live_recovery, safety=normal, heater_demand_pct=0.0, intake_pwm=80, exhaust_pwm=80, relay=OFF, note=270-300+ min recovery; heater OFF; fans LOW; safe observation after characterization"
2026-07-09T00:11:04.617813+00:00;18905;stage2_characterization_01;2;stage2_live_recovery;stage2_characterization;28;30;26.9;60.9;26.7;54.4;26.06;3135;0.199999;6.5;0.001007;0;0;80;80;normal;;-34;"firmware=bsf_fw_stage2_live_v1, test=live_media_characterization, duration_plan=5h, target_reference=28-30C, phase=stage2_live_recovery, safety=normal, heater_demand_pct=0.0, intake_pwm=80, exhaust_pwm=80, relay=OFF, note=270-300+ min recovery; heater OFF; fans LOW; safe observation after characterization"
2026-07-09T00:11:34.183558+00:00;18935;stage2_characterization_01;2;stage2_live_recovery;stage2_characterization;28;30;26.9;62;26.7;54.8;26.06;3114;0.199999;7.200001;0.000183;0;0;80;80;normal;;-34;"firmware=bsf_fw_stage2_live_v1, test=live_media_characterization, duration_plan=5h, target_reference=28-30C, phase=stage2_live_recovery, safety=normal, heater_demand_pct=0.0, intake_pwm=80, exhaust_pwm=80, relay=OFF, note=270-300+ min recovery; heater OFF; fans LOW; safe observation after characterization"
2026-07-09T00:12:04.937977+00:00;18965;stage2_characterization_01;2;stage2_live_recovery;stage2_characterization;28;30;26.8;62;26.6;54.4;26.06;3106;0.199999;7.599998;-0.300754;0;0;80;80;normal;;-34;"firmware=bsf_fw_stage2_live_v1, test=live_media_characterization, duration_plan=5h, target_reference=28-30C, phase=stage2_live_recovery, safety=normal, heater_demand_pct=0.0, intake_pwm=80, exhaust_pwm=80, relay=OFF, note=270-300+ min recovery; heater OFF; fans LOW; safe observation after characterization"
2026-07-09T00:12:34.632253+00:00;18995;stage2_characterization_01;2;stage2_live_recovery;stage2_characterization;28;30;26.9;62.4;26.5;54.7;26.06;3115;0.4;7.700001;0.24667;0;0;80;80;normal;;-34;"firmware=bsf_fw_stage2_live_v1, test=live_media_characterization, duration_plan=5h, target_reference=28-30C, phase=stage2_live_recovery, safety=normal, heater_demand_pct=0.0, intake_pwm=80, exhaust_pwm=80, relay=OFF, note=270-300+ min recovery; heater OFF; fans LOW; safe observation after characterization"
2026-07-09T00:13:04.699029+00:00;19025;stage2_characterization_01;2;stage2_live_recovery;stage2_characterization;28;30;26.8;62.2;26.5;54.7;26.06;3136;0.299999;7.5;-0.027306;0;0;80;80;normal;;-34;"firmware=bsf_fw_stage2_live_v1, test=live_media_characterization, duration_plan=5h, target_reference=28-30C, phase=stage2_live_recovery, safety=normal, heater_demand_pct=0.0, intake_pwm=80, exhaust_pwm=80, relay=OFF, note=270-300+ min recovery; heater OFF; fans LOW; safe observation after characterization"
2026-07-09T00:13:34.659487+00:00;19055;stage2_characterization_01;2;stage2_live_recovery;stage2_characterization;28;30;26.8;61.6;26.5;55.5;26.06;3123;0.299999;6.099998;-0.004852;0;0;80;80;normal;;-35;"firmware=bsf_fw_stage2_live_v1, test=live_media_characterization, duration_plan=5h, target_reference=28-30C, phase=stage2_live_recovery, safety=normal, heater_demand_pct=0.0, intake_pwm=80, exhaust_pwm=80, relay=OFF, note=270-300+ min recovery; heater OFF; fans LOW; safe observation after characterization"
2026-07-09T00:14:04.7241+00:00;19085;stage2_characterization_01;2;stage2_live_recovery;stage2_characterization;28;30;26.8;62.2;26.5;55.8;26.06;3129;0.299999;6.400002;-0.00087;0;0;80;80;normal;;-35;"firmware=bsf_fw_stage2_live_v1, test=live_media_characterization, duration_plan=5h, target_reference=28-30C, phase=stage2_live_recovery, safety=normal, heater_demand_pct=0.0, intake_pwm=80, exhaust_pwm=80, relay=OFF, note=270-300+ min recovery; heater OFF; fans LOW; safe observation after characterization"
2026-07-09T00:14:34.242283+00:00;19115;stage2_characterization_01;2;stage2_live_recovery;stage2_characterization;28;30;26.8;62.6;26.5;55.3;26.06;3114;0.299999;7.299999;-0.00016;0;0;80;80;normal;;-33;"firmware=bsf_fw_stage2_live_v1, test=live_media_characterization, duration_plan=5h, target_reference=28-30C, phase=stage2_live_recovery, safety=normal, heater_demand_pct=0.0, intake_pwm=80, exhaust_pwm=80, relay=OFF, note=270-300+ min recovery; heater OFF; fans LOW; safe observation after characterization"
2026-07-09T00:15:04.7144+00:00;19145;stage2_characterization_01;2;stage2_live_recovery;stage2_characterization;28;30;26.8;62.2;26.5;54.7;26.06;3123;0.299999;7.5;-0.000023;0;0;80;80;normal;;-34;"firmware=bsf_fw_stage2_live_v1, test=live_media_characterization, duration_plan=5h, target_reference=28-30C, phase=stage2_live_recovery, safety=normal, heater_demand_pct=0.0, intake_pwm=80, exhaust_pwm=80, relay=OFF, note=270-300+ min recovery; heater OFF; fans LOW; safe observation after characterization"
2026-07-09T00:15:34.62137+00:00;19175;stage2_characterization_01;2;stage2_live_recovery;stage2_characterization;28;30;26.8;61.7;26.6;54.4;26.06;3175;0.199999;7.299999;0;0;0;80;80;normal;;-35;"firmware=bsf_fw_stage2_live_v1, test=live_media_characterization, duration_plan=5h, target_reference=28-30C, phase=stage2_live_recovery, safety=normal, heater_demand_pct=0.0, intake_pwm=80, exhaust_pwm=80, relay=OFF, note=270-300+ min recovery; heater OFF; fans LOW; safe observation after characterization"
2026-07-09T00:16:04.268953+00:00;19205;stage2_characterization_01;2;stage2_live_recovery;stage2_characterization;28;30;26.8;61.4;26.6;54.7;26.13;3133;0.199999;6.700001;0;0;0;80;80;normal;;-34;"firmware=bsf_fw_stage2_live_v1, test=live_media_characterization, duration_plan=5h, target_reference=28-30C, phase=stage2_live_recovery, safety=normal, heater_demand_pct=0.0, intake_pwm=80, exhaust_pwm=80, relay=OFF, note=270-300+ min recovery; heater OFF; fans LOW; safe observation after characterization"
2026-07-09T00:16:34.989786+00:00;19235;stage2_characterization_01;2;stage2_live_recovery;stage2_characterization;28;30;26.8;61.7;26.6;52.7;26.13;3104;0.199999;9;0;0;0;80;80;normal;;-35;"firmware=bsf_fw_stage2_live_v1, test=live_media_characterization, duration_plan=5h, target_reference=28-30C, phase=stage2_live_recovery, safety=normal, heater_demand_pct=0.0, intake_pwm=80, exhaust_pwm=80, relay=OFF, note=270-300+ min recovery; heater OFF; fans LOW; safe observation after characterization"
2026-07-09T00:17:04.224787+00:00;19265;stage2_characterization_01;2;stage2_live_recovery;stage2_characterization;28;30;26.8;61.2;26.6;53.1;26.13;3113;0.199999;8.100002;0;0;0;80;80;normal;;-35;"firmware=bsf_fw_stage2_live_v1, test=live_media_characterization, duration_plan=5h, target_reference=28-30C, phase=stage2_live_recovery, safety=normal, heater_demand_pct=0.0, intake_pwm=80, exhaust_pwm=80, relay=OFF, note=270-300+ min recovery; heater OFF; fans LOW; safe observation after characterization"
2026-07-09T00:17:34.952568+00:00;19295;stage2_characterization_01;2;stage2_live_recovery;stage2_characterization;28;30;26.8;60.1;26.7;53.1;26.13;3120;0.099998;7;0;0;0;80;80;normal;;-35;"firmware=bsf_fw_stage2_live_v1, test=live_media_characterization, duration_plan=5h, target_reference=28-30C, phase=stage2_live_recovery, safety=normal, heater_demand_pct=0.0, intake_pwm=80, exhaust_pwm=80, relay=OFF, note=270-300+ min recovery; heater OFF; fans LOW; safe observation after characterization"
2026-07-09T00:18:04.231473+00:00;19325;stage2_characterization_01;2;stage2_live_recovery;stage2_characterization;28;30;26.8;60.3;26.7;53.7;26.13;3120;0.099998;6.599998;0;0;0;80;80;normal;;-35;"firmware=bsf_fw_stage2_live_v1, test=live_media_characterization, duration_plan=5h, target_reference=28-30C, phase=stage2_live_recovery, safety=normal, heater_demand_pct=0.0, intake_pwm=80, exhaust_pwm=80, relay=OFF, note=270-300+ min recovery; heater OFF; fans LOW; safe observation after characterization"
2026-07-09T00:18:34.148802+00:00;19355;stage2_characterization_01;2;stage2_live_recovery;stage2_characterization;28;30;26.8;61;26.7;54.2;26.13;3120;0.099998;6.799999;0;0;0;80;80;normal;;-35;"firmware=bsf_fw_stage2_live_v1, test=live_media_characterization, duration_plan=5h, target_reference=28-30C, phase=stage2_live_recovery, safety=normal, heater_demand_pct=0.0, intake_pwm=80, exhaust_pwm=80, relay=OFF, note=270-300+ min recovery; heater OFF; fans LOW; safe observation after characterization"
2026-07-09T00:19:05.059249+00:00;19385;stage2_characterization_01;2;stage2_live_recovery;stage2_characterization;28;30;26.8;61.6;26.7;54.4;26.13;3120;0.099998;7.199997;0;0;0;80;80;normal;;-34;"firmware=bsf_fw_stage2_live_v1, test=live_media_characterization, duration_plan=5h, target_reference=28-30C, phase=stage2_live_recovery, safety=normal, heater_demand_pct=0.0, intake_pwm=80, exhaust_pwm=80, relay=OFF, note=270-300+ min recovery; heater OFF; fans LOW; safe observation after characterization"
2026-07-09T00:19:34.547066+00:00;19415;stage2_characterization_01;2;stage2_live_recovery;stage2_characterization;28;30;26.8;61.4;26.7;55;26.19;3122;0.099998;6.400002;0;0;0;80;80;normal;;-35;"firmware=bsf_fw_stage2_live_v1, test=live_media_characterization, duration_plan=5h, target_reference=28-30C, phase=stage2_live_recovery, safety=normal, heater_demand_pct=0.0, intake_pwm=80, exhaust_pwm=80, relay=OFF, note=270-300+ min recovery; heater OFF; fans LOW; safe observation after characterization"
2026-07-09T00:20:03.851322+00:00;19445;stage2_characterization_01;2;stage2_live_recovery;stage2_characterization;28;30;26.8;62.3;26.7;54.4;26.13;3136;0.099998;7.899998;0;0;0;80;80;normal;;-34;"firmware=bsf_fw_stage2_live_v1, test=live_media_characterization, duration_plan=5h, target_reference=28-30C, phase=stage2_live_recovery, safety=normal, heater_demand_pct=0.0, intake_pwm=80, exhaust_pwm=80, relay=OFF, note=270-300+ min recovery; heater OFF; fans LOW; safe observation after characterization"
2026-07-09T00:20:34.577933+00:00;19475;stage2_characterization_01;2;stage2_live_recovery;stage2_characterization;28;30;26.8;61.3;26.7;54.2;26.19;3133;0.099998;7.099998;-0.023673;0;0;80;80;normal;;-34;"firmware=bsf_fw_stage2_live_v1, test=live_media_characterization, duration_plan=5h, target_reference=28-30C, phase=stage2_live_recovery, safety=normal, heater_demand_pct=0.0, intake_pwm=80, exhaust_pwm=80, relay=OFF, note=270-300+ min recovery; heater OFF; fans LOW; safe observation after characterization"
2026-07-09T00:21:04.199139+00:00;19505;stage2_characterization_01;2;stage2_live_recovery;stage2_characterization;28;30;26.9;61.5;26.7;54.2;26.13;3134;0.199999;7.299999;0.239525;0;0;80;80;normal;;-35;"firmware=bsf_fw_stage2_live_v1, test=live_media_characterization, duration_plan=5h, target_reference=28-30C, phase=stage2_live_recovery, safety=normal, heater_demand_pct=0.0, intake_pwm=80, exhaust_pwm=80, relay=OFF, note=270-300+ min recovery; heater OFF; fans LOW; safe observation after characterization"
2026-07-09T00:21:33.79329+00:00;19535;stage2_characterization_01;2;stage2_live_recovery;stage2_characterization;28;30;26.8;61.6;26.6;53.1;26.19;3108;0.199999;8.5;-0.028564;0;0;80;80;normal;;-34;"firmware=bsf_fw_stage2_live_v1, test=live_media_characterization, duration_plan=5h, target_reference=28-30C, phase=stage2_live_recovery, safety=normal, heater_demand_pct=0.0, intake_pwm=80, exhaust_pwm=80, relay=OFF, note=270-300+ min recovery; heater OFF; fans LOW; safe observation after characterization"
2026-07-09T00:22:04.202359+00:00;19565;stage2_characterization_01;2;stage2_live_recovery;stage2_characterization;28;30;26.8;61;26.7;54.2;26.19;3127;0.099998;6.799999;-0.028816;0;0;80;80;normal;;-33;"firmware=bsf_fw_stage2_live_v1, test=live_media_characterization, duration_plan=5h, target_reference=28-30C, phase=stage2_live_recovery, safety=normal, heater_demand_pct=0.0, intake_pwm=80, exhaust_pwm=80, relay=OFF, note=270-300+ min recovery; heater OFF; fans LOW; safe observation after characterization"
2026-07-09T00:22:34.64068+00:00;19595;stage2_characterization_01;2;stage2_live_recovery;stage2_characterization;28;30;26.8;61.1;26.7;54.3;26.19;3141;0.099998;6.799999;-0.005127;0;0;80;80;normal;;-34;"firmware=bsf_fw_stage2_live_v1, test=live_media_characterization, duration_plan=5h, target_reference=28-30C, phase=stage2_live_recovery, safety=normal, heater_demand_pct=0.0, intake_pwm=80, exhaust_pwm=80, relay=OFF, note=270-300+ min recovery; heater OFF; fans LOW; safe observation after characterization"
2026-07-09T00:23:04.217718+00:00;19625;stage2_characterization_01;2;stage2_live_recovery;stage2_characterization;28;30;26.9;61.6;26.7;54.5;26.19;3121;0.199999;7.099998;0.181892;0;0;80;80;normal;;-35;"firmware=bsf_fw_stage2_live_v1, test=live_media_characterization, duration_plan=5h, target_reference=28-30C, phase=stage2_live_recovery, safety=normal, heater_demand_pct=0.0, intake_pwm=80, exhaust_pwm=80, relay=OFF, note=270-300+ min recovery; heater OFF; fans LOW; safe observation after characterization"
2026-07-09T00:23:34.442212+00:00;19655;stage2_characterization_01;2;stage2_live_recovery;stage2_characterization;28;30;26.9;61.4;26.7;54.1;26.19;3104;0.199999;7.300003;0.154541;0;0;80;80;normal;;-34;"firmware=bsf_fw_stage2_live_v1, test=live_media_characterization, duration_plan=5h, target_reference=28-30C, phase=stage2_live_recovery, safety=normal, heater_demand_pct=0.0, intake_pwm=80, exhaust_pwm=80, relay=OFF, note=270-300+ min recovery; heater OFF; fans LOW; safe observation after characterization"
2026-07-09T00:24:04.65076+00:00;19685;stage2_characterization_01;2;stage2_live_recovery;stage2_characterization;28;30;26.9;60.9;26.7;53.7;26.19;3067;0.199999;7.200001;0.027512;0;0;80;80;normal;;-35;"firmware=bsf_fw_stage2_live_v1, test=live_media_characterization, duration_plan=5h, target_reference=28-30C, phase=stage2_live_recovery, safety=normal, heater_demand_pct=0.0, intake_pwm=80, exhaust_pwm=80, relay=OFF, note=270-300+ min recovery; heater OFF; fans LOW; safe observation after characterization"
2026-07-09T00:24:34.607983+00:00;19715;stage2_characterization_01;2;stage2_live_recovery;stage2_characterization;28;30;26.9;61.3;26.7;54;26.19;3089;0.199999;7.299999;0.036442;0;0;80;80;normal;;-39;"firmware=bsf_fw_stage2_live_v1, test=live_media_characterization, duration_plan=5h, target_reference=28-30C, phase=stage2_live_recovery, safety=normal, heater_demand_pct=0.0, intake_pwm=80, exhaust_pwm=80, relay=OFF, note=270-300+ min recovery; heater OFF; fans LOW; safe observation after characterization"
2026-07-09T00:25:03.889783+00:00;19745;stage2_characterization_01;2;stage2_live_recovery;stage2_characterization;28;30;26.9;61.9;26.7;54.7;26.25;3095;0.199999;7.200001;0.006499;0;0;80;80;normal;;-34;"firmware=bsf_fw_stage2_live_v1, test=live_media_characterization, duration_plan=5h, target_reference=28-30C, phase=stage2_live_recovery, safety=normal, heater_demand_pct=0.0, intake_pwm=80, exhaust_pwm=80, relay=OFF, note=270-300+ min recovery; heater OFF; fans LOW; safe observation after characterization"
2026-07-09T00:25:33.967926+00:00;19775;stage2_characterization_01;2;stage2_live_recovery;stage2_characterization;28;30;26.9;62.2;26.7;54.9;26.25;3133;0.199999;7.299999;0.001167;0;0;80;80;normal;;-35;"firmware=bsf_fw_stage2_live_v1, test=live_media_characterization, duration_plan=5h, target_reference=28-30C, phase=stage2_live_recovery, safety=normal, heater_demand_pct=0.0, intake_pwm=80, exhaust_pwm=80, relay=OFF, note=270-300+ min recovery; heater OFF; fans LOW; safe observation after characterization"
2026-07-09T00:26:03.789642+00:00;19805;stage2_characterization_01;2;stage2_live_recovery;stage2_characterization;28;30;26.9;61.7;26.7;54.8;26.25;3121;0.199999;6.900002;0.000206;0;0;80;80;normal;;-35;"firmware=bsf_fw_stage2_live_v1, test=live_media_characterization, duration_plan=5h, target_reference=28-30C, phase=stage2_live_recovery, safety=normal, heater_demand_pct=0.0, intake_pwm=80, exhaust_pwm=80, relay=OFF, note=270-300+ min recovery; heater OFF; fans LOW; safe observation after characterization"
2026-07-09T00:26:33.911742+00:00;19835;stage2_characterization_01;2;stage2_live_recovery;stage2_characterization;28;30;26.9;62.2;26.7;54.8;26.25;3122;0.199999;7.400002;0.000023;0;0;80;80;normal;;-34;"firmware=bsf_fw_stage2_live_v1, test=live_media_characterization, duration_plan=5h, target_reference=28-30C, phase=stage2_live_recovery, safety=normal, heater_demand_pct=0.0, intake_pwm=80, exhaust_pwm=80, relay=OFF, note=270-300+ min recovery; heater OFF; fans LOW; safe observation after characterization"
2026-07-09T00:27:03.842307+00:00;19865;stage2_characterization_01;2;stage2_live_recovery;stage2_characterization;28;30;26.9;62.3;26.7;53.9;26.19;3137;0.199999;8.399998;0;0;0;80;80;normal;;-33;"firmware=bsf_fw_stage2_live_v1, test=live_media_characterization, duration_plan=5h, target_reference=28-30C, phase=stage2_live_recovery, safety=normal, heater_demand_pct=0.0, intake_pwm=80, exhaust_pwm=80, relay=OFF, note=270-300+ min recovery; heater OFF; fans LOW; safe observation after characterization"
2026-07-09T00:27:34.22086+00:00;19895;stage2_characterization_01;2;stage2_live_recovery;stage2_characterization;28;30;26.9;61.8;26.7;55.5;26.25;3114;0.199999;6.299999;0;0;0;80;80;normal;;-34;"firmware=bsf_fw_stage2_live_v1, test=live_media_characterization, duration_plan=5h, target_reference=28-30C, phase=stage2_live_recovery, safety=normal, heater_demand_pct=0.0, intake_pwm=80, exhaust_pwm=80, relay=OFF, note=270-300+ min recovery; heater OFF; fans LOW; safe observation after characterization"
2026-07-09T00:28:04.210087+00:00;19925;stage2_characterization_01;2;stage2_live_recovery;stage2_characterization;28;30;26.9;62.2;26.7;54.8;26.25;3130;0.199999;7.400002;0;0;0;80;80;normal;;-36;"firmware=bsf_fw_stage2_live_v1, test=live_media_characterization, duration_plan=5h, target_reference=28-30C, phase=stage2_live_recovery, safety=normal, heater_demand_pct=0.0, intake_pwm=80, exhaust_pwm=80, relay=OFF, note=270-300+ min recovery; heater OFF; fans LOW; safe observation after characterization"
2026-07-09T00:28:35.00406+00:00;19955;stage2_characterization_01;2;stage2_live_recovery;stage2_characterization;28;30;26.9;61.8;26.8;54.6;26.25;3105;0.1;7.200001;0;0;0;80;80;normal;;-34;"firmware=bsf_fw_stage2_live_v1, test=live_media_characterization, duration_plan=5h, target_reference=28-30C, phase=stage2_live_recovery, safety=normal, heater_demand_pct=0.0, intake_pwm=80, exhaust_pwm=80, relay=OFF, note=270-300+ min recovery; heater OFF; fans LOW; safe observation after characterization"
2026-07-09T00:29:03.817622+00:00;19985;stage2_characterization_01;2;stage2_live_recovery;stage2_characterization;28;30;26.9;62.1;26.8;54.8;26.25;3152;0.1;7.299999;0;0;0;80;80;normal;;-34;"firmware=bsf_fw_stage2_live_v1, test=live_media_characterization, duration_plan=5h, target_reference=28-30C, phase=stage2_live_recovery, safety=normal, heater_demand_pct=0.0, intake_pwm=80, exhaust_pwm=80, relay=OFF, note=270-300+ min recovery; heater OFF; fans LOW; safe observation after characterization"
2026-07-09T00:29:34.177306+00:00;20015;stage2_characterization_01;2;stage2_live_recovery;stage2_characterization;28;30;26.9;61.7;26.8;54.1;26.19;3132;0.1;7.600002;0;0;0;80;80;normal;;-37;"firmware=bsf_fw_stage2_live_v1, test=live_media_characterization, duration_plan=5h, target_reference=28-30C, phase=stage2_live_recovery, safety=normal, heater_demand_pct=0.0, intake_pwm=80, exhaust_pwm=80, relay=OFF, note=270-300+ min recovery; heater OFF; fans LOW; safe observation after characterization"
2026-07-09T00:30:04.643352+00:00;20045;stage2_characterization_01;2;stage2_live_recovery;stage2_characterization;28;30;26.9;61.6;26.8;53.3;26.19;3116;0.1;8.299999;0;0;0;80;80;normal;;-36;"firmware=bsf_fw_stage2_live_v1, test=live_media_characterization, duration_plan=5h, target_reference=28-30C, phase=stage2_live_recovery, safety=normal, heater_demand_pct=0.0, intake_pwm=80, exhaust_pwm=80, relay=OFF, note=270-300+ min recovery; heater OFF; fans LOW; safe observation after characterization"
2026-07-09T00:30:34.442063+00:00;20075;stage2_characterization_01;2;stage2_live_recovery;stage2_characterization;28;30;26.9;61.6;26.8;53.8;26.19;3119;0.1;7.799999;0;0;0;80;80;normal;;-35;"firmware=bsf_fw_stage2_live_v1, test=live_media_characterization, duration_plan=5h, target_reference=28-30C, phase=stage2_live_recovery, safety=normal, heater_demand_pct=0.0, intake_pwm=80, exhaust_pwm=80, relay=OFF, note=270-300+ min recovery; heater OFF; fans LOW; safe observation after characterization"
2026-07-09T00:31:05.453612+00:00;20105;stage2_characterization_01;2;stage2_live_recovery;stage2_characterization;28;30;26.9;61.9;26.8;54;26.19;3135;0.1;7.900002;0;0;0;80;80;normal;;-35;"firmware=bsf_fw_stage2_live_v1, test=live_media_characterization, duration_plan=5h, target_reference=28-30C, phase=stage2_live_recovery, safety=normal, heater_demand_pct=0.0, intake_pwm=80, exhaust_pwm=80, relay=OFF, note=270-300+ min recovery; heater OFF; fans LOW; safe observation after characterization"
2026-07-09T00:31:34.592626+00:00;20135;stage2_characterization_01;2;stage2_live_recovery;stage2_characterization;28;30;26.9;61.7;26.8;53.8;26.13;3126;0.1;7.900002;0;0;0;80;80;normal;;-36;"firmware=bsf_fw_stage2_live_v1, test=live_media_characterization, duration_plan=5h, target_reference=28-30C, phase=stage2_live_recovery, safety=normal, heater_demand_pct=0.0, intake_pwm=80, exhaust_pwm=80, relay=OFF, note=270-300+ min recovery; heater OFF; fans LOW; safe observation after characterization"
2026-07-09T00:32:03.879759+00:00;20165;stage2_characterization_01;2;stage2_live_recovery;stage2_characterization;28;30;26.9;61.6;26.8;53.6;26.13;3114;0.1;8;0;0;0;80;80;normal;;-34;"firmware=bsf_fw_stage2_live_v1, test=live_media_characterization, duration_plan=5h, target_reference=28-30C, phase=stage2_live_recovery, safety=normal, heater_demand_pct=0.0, intake_pwm=80, exhaust_pwm=80, relay=OFF, note=270-300+ min recovery; heater OFF; fans LOW; safe observation after characterization"
2026-07-09T00:32:33.882145+00:00;20195;stage2_characterization_01;2;stage2_live_recovery;stage2_characterization;28;30;26.9;61.6;26.9;53.6;26.13;3119;0;8;0;0;0;80;80;normal;;-35;"firmware=bsf_fw_stage2_live_v1, test=live_media_characterization, duration_plan=5h, target_reference=28-30C, phase=stage2_live_recovery, safety=normal, heater_demand_pct=0.0, intake_pwm=80, exhaust_pwm=80, relay=OFF, note=270-300+ min recovery; heater OFF; fans LOW; safe observation after characterization"
2026-07-09T00:33:03.797803+00:00;20225;stage2_characterization_01;2;stage2_live_recovery;stage2_characterization;28;30;26.9;61.7;26.9;53.9;26.13;3119;0;7.799999;0;0;0;80;80;normal;;-36;"firmware=bsf_fw_stage2_live_v1, test=live_media_characterization, duration_plan=5h, target_reference=28-30C, phase=stage2_live_recovery, safety=normal, heater_demand_pct=0.0, intake_pwm=80, exhaust_pwm=80, relay=OFF, note=270-300+ min recovery; heater OFF; fans LOW; safe observation after characterization"
2026-07-09T00:33:34.590535+00:00;20255;stage2_characterization_01;2;stage2_live_recovery;stage2_characterization;28;30;27;61.8;26.9;52.7;26.19;3107;0.1;9.099998;0.300078;0;0;80;80;normal;;-34;"firmware=bsf_fw_stage2_live_v1, test=live_media_characterization, duration_plan=5h, target_reference=28-30C, phase=stage2_live_recovery, safety=normal, heater_demand_pct=0.0, intake_pwm=80, exhaust_pwm=80, relay=OFF, note=270-300+ min recovery; heater OFF; fans LOW; safe observation after characterization"
2026-07-09T00:34:04.262345+00:00;20285;stage2_characterization_01;2;stage2_live_recovery;stage2_characterization;28;30;27;60.9;26.9;52.8;26.19;3125;0.1;8.100002;0.207207;0;0;80;80;normal;;-33;"firmware=bsf_fw_stage2_live_v1, test=live_media_characterization, duration_plan=5h, target_reference=28-30C, phase=stage2_live_recovery, safety=normal, heater_demand_pct=0.0, intake_pwm=80, exhaust_pwm=80, relay=OFF, note=270-300+ min recovery; heater OFF; fans LOW; safe observation after characterization"
2026-07-09T00:34:33.813449+00:00;20315;stage2_characterization_01;2;stage2_live_recovery;stage2_characterization;28;30;26.9;60.5;26.9;52.9;26.19;3127;0;7.599998;-0.034385;0;0;80;80;normal;;-33;"firmware=bsf_fw_stage2_live_v1, test=live_media_characterization, duration_plan=5h, target_reference=28-30C, phase=stage2_live_recovery, safety=normal, heater_demand_pct=0.0, intake_pwm=80, exhaust_pwm=80, relay=OFF, note=270-300+ min recovery; heater OFF; fans LOW; safe observation after characterization"
2026-07-09T00:35:04.650962+00:00;20345;stage2_characterization_01;2;stage2_live_recovery;stage2_characterization;28;30;26.9;61;26.9;52.6;26.19;3127;0;8.400002;-0.117737;0;0;80;80;normal;;-34;"firmware=bsf_fw_stage2_live_v1, test=live_media_characterization, duration_plan=5h, target_reference=28-30C, phase=stage2_live_recovery, safety=normal, heater_demand_pct=0.0, intake_pwm=80, exhaust_pwm=80, relay=OFF, note=270-300+ min recovery; heater OFF; fans LOW; safe observation after characterization"
2026-07-09T00:35:34.288062+00:00;20375;stage2_characterization_01;2;stage2_live_recovery;stage2_characterization;28;30;27;60.5;26.9;53;26.19;3121;0.1;7.5;0.05025;0;0;80;80;normal;;-33;"firmware=bsf_fw_stage2_live_v1, test=live_media_characterization, duration_plan=5h, target_reference=28-30C, phase=stage2_live_recovery, safety=normal, heater_demand_pct=0.0, intake_pwm=80, exhaust_pwm=80, relay=OFF, note=270-300+ min recovery; heater OFF; fans LOW; safe observation after characterization"
2026-07-09T00:36:04.219216+00:00;20405;stage2_characterization_01;2;stage2_live_recovery;stage2_characterization;28;30;27;60.9;26.9;53;26.19;3115;0.1;7.900002;0.008949;0;0;80;80;normal;;-33;"firmware=bsf_fw_stage2_live_v1, test=live_media_characterization, duration_plan=5h, target_reference=28-30C, phase=stage2_live_recovery, safety=normal, heater_demand_pct=0.0, intake_pwm=80, exhaust_pwm=80, relay=OFF, note=270-300+ min recovery; heater OFF; fans LOW; safe observation after characterization"
2026-07-09T00:36:33.864684+00:00;20435;stage2_characterization_01;2;stage2_live_recovery;stage2_characterization;28;30;27;61.1;26.9;53;26.19;3105;0.1;8.099998;0.001602;0;0;80;80;normal;;-35;"firmware=bsf_fw_stage2_live_v1, test=live_media_characterization, duration_plan=5h, target_reference=28-30C, phase=stage2_live_recovery, safety=normal, heater_demand_pct=0.0, intake_pwm=80, exhaust_pwm=80, relay=OFF, note=270-300+ min recovery; heater OFF; fans LOW; safe observation after characterization"
2026-07-09T00:37:03.90285+00:00;20465;stage2_characterization_01;2;stage2_live_recovery;stage2_characterization;28;30;27;60.4;26.9;52.2;26.19;3127;0.1;8.200001;0.000275;0;0;80;80;normal;;-33;"firmware=bsf_fw_stage2_live_v1, test=live_media_characterization, duration_plan=5h, target_reference=28-30C, phase=stage2_live_recovery, safety=normal, heater_demand_pct=0.0, intake_pwm=80, exhaust_pwm=80, relay=OFF, note=270-300+ min recovery; heater OFF; fans LOW; safe observation after characterization"
2026-07-09T00:37:34.616886+00:00;20495;stage2_characterization_01;2;stage2_live_recovery;stage2_characterization;28;30;27;60.7;26.9;53.2;26.25;3118;0.1;7.5;0.000046;0;0;80;80;normal;;-34;"firmware=bsf_fw_stage2_live_v1, test=live_media_characterization, duration_plan=5h, target_reference=28-30C, phase=stage2_live_recovery, safety=normal, heater_demand_pct=0.0, intake_pwm=80, exhaust_pwm=80, relay=OFF, note=270-300+ min recovery; heater OFF; fans LOW; safe observation after characterization"
2026-07-09T00:38:03.806231+00:00;20525;stage2_characterization_01;2;stage2_live_recovery;stage2_characterization;28;30;27;60.3;26.9;52.8;26.19;3125;0.1;7.5;0;0;0;80;80;normal;;-35;"firmware=bsf_fw_stage2_live_v1, test=live_media_characterization, duration_plan=5h, target_reference=28-30C, phase=stage2_live_recovery, safety=normal, heater_demand_pct=0.0, intake_pwm=80, exhaust_pwm=80, relay=OFF, note=270-300+ min recovery; heater OFF; fans LOW; safe observation after characterization"
2026-07-09T00:38:33.85231+00:00;20555;stage2_characterization_01;2;stage2_live_recovery;stage2_characterization;28;30;27;60.7;26.9;52.8;26.25;3106;0.1;7.900002;0;0;0;80;80;normal;;-34;"firmware=bsf_fw_stage2_live_v1, test=live_media_characterization, duration_plan=5h, target_reference=28-30C, phase=stage2_live_recovery, safety=normal, heater_demand_pct=0.0, intake_pwm=80, exhaust_pwm=80, relay=OFF, note=270-300+ min recovery; heater OFF; fans LOW; safe observation after characterization"
2026-07-09T00:39:04.675205+00:00;20585;stage2_characterization_01;2;stage2_live_recovery;stage2_characterization;28;30;27;60.5;26.9;54.8;26.25;3129;0.1;5.700001;0;0;0;80;80;normal;;-33;"firmware=bsf_fw_stage2_live_v1, test=live_media_characterization, duration_plan=5h, target_reference=28-30C, phase=stage2_live_recovery, safety=normal, heater_demand_pct=0.0, intake_pwm=80, exhaust_pwm=80, relay=OFF, note=270-300+ min recovery; heater OFF; fans LOW; safe observation after characterization"
2026-07-09T00:39:33.821822+00:00;20615;stage2_characterization_01;2;stage2_live_recovery;stage2_characterization;28;30;27;61.5;26.9;53;26.25;3089;0.1;8.5;0;0;0;80;80;normal;;-34;"firmware=bsf_fw_stage2_live_v1, test=live_media_characterization, duration_plan=5h, target_reference=28-30C, phase=stage2_live_recovery, safety=normal, heater_demand_pct=0.0, intake_pwm=80, exhaust_pwm=80, relay=OFF, note=270-300+ min recovery; heater OFF; fans LOW; safe observation after characterization"
2026-07-09T00:40:04.652424+00:00;20645;stage2_characterization_01;2;stage2_live_recovery;stage2_characterization;28;30;27;61.4;26.9;52.8;26.31;3117;0.1;8.600002;0;0;0;80;80;normal;;-35;"firmware=bsf_fw_stage2_live_v1, test=live_media_characterization, duration_plan=5h, target_reference=28-30C, phase=stage2_live_recovery, safety=normal, heater_demand_pct=0.0, intake_pwm=80, exhaust_pwm=80, relay=OFF, note=270-300+ min recovery; heater OFF; fans LOW; safe observation after characterization"
2026-07-09T00:40:34.626264+00:00;20675;stage2_characterization_01;2;stage2_live_recovery;stage2_characterization;28;30;27;61;26.9;53.3;26.31;3120;0.1;7.700001;0;0;0;80;80;normal;;-33;"firmware=bsf_fw_stage2_live_v1, test=live_media_characterization, duration_plan=5h, target_reference=28-30C, phase=stage2_live_recovery, safety=normal, heater_demand_pct=0.0, intake_pwm=80, exhaust_pwm=80, relay=OFF, note=270-300+ min recovery; heater OFF; fans LOW; safe observation after characterization"
2026-07-09T00:41:04.280783+00:00;20705;stage2_characterization_01;2;stage2_live_recovery;stage2_characterization;28;30;27;61.5;26.9;54.7;26.31;3123;0.1;6.799999;0;0;0;80;80;normal;;-35;"firmware=bsf_fw_stage2_live_v1, test=live_media_characterization, duration_plan=5h, target_reference=28-30C, phase=stage2_live_recovery, safety=normal, heater_demand_pct=0.0, intake_pwm=80, exhaust_pwm=80, relay=OFF, note=270-300+ min recovery; heater OFF; fans LOW; safe observation after characterization"
2026-07-09T00:41:34.231459+00:00;20735;stage2_characterization_01;2;stage2_live_recovery;stage2_characterization;28;30;27;62;26.9;55.4;26.31;3127;0.1;6.599998;0;0;0;80;80;normal;;-33;"firmware=bsf_fw_stage2_live_v1, test=live_media_characterization, duration_plan=5h, target_reference=28-30C, phase=stage2_live_recovery, safety=normal, heater_demand_pct=0.0, intake_pwm=80, exhaust_pwm=80, relay=OFF, note=270-300+ min recovery; heater OFF; fans LOW; safe observation after characterization"
2026-07-09T00:42:04.119033+00:00;20765;stage2_characterization_01;2;stage2_live_recovery;stage2_characterization;28;30;27;62.8;26.9;56.6;26.31;3127;0.1;6.200001;0;0;0;80;80;normal;;-34;"firmware=bsf_fw_stage2_live_v1, test=live_media_characterization, duration_plan=5h, target_reference=28-30C, phase=stage2_live_recovery, safety=normal, heater_demand_pct=0.0, intake_pwm=80, exhaust_pwm=80, relay=OFF, note=270-300+ min recovery; heater OFF; fans LOW; safe observation after characterization"
2026-07-09T00:42:34.688671+00:00;20795;stage2_characterization_01;2;stage2_live_recovery;stage2_characterization;28;30;27;63.5;26.9;56.9;26.31;3123;0.1;6.599998;0;0;0;80;80;normal;;-36;"firmware=bsf_fw_stage2_live_v1, test=live_media_characterization, duration_plan=5h, target_reference=28-30C, phase=stage2_live_recovery, safety=normal, heater_demand_pct=0.0, intake_pwm=80, exhaust_pwm=80, relay=OFF, note=270-300+ min recovery; heater OFF; fans LOW; safe observation after characterization"
2026-07-09T00:43:04.607008+00:00;20825;stage2_characterization_01;2;stage2_live_recovery;stage2_characterization;28;30;27;63.6;27;57.6;26.31;3141;0;6;0;0;0;80;80;normal;;-35;"firmware=bsf_fw_stage2_live_v1, test=live_media_characterization, duration_plan=5h, target_reference=28-30C, phase=stage2_live_recovery, safety=normal, heater_demand_pct=0.0, intake_pwm=80, exhaust_pwm=80, relay=OFF, note=270-300+ min recovery; heater OFF; fans LOW; safe observation after characterization"
2026-07-09T00:43:34.198572+00:00;20855;stage2_characterization_01;2;stage2_live_recovery;stage2_characterization;28;30;27;64.6;27;59.9;26.31;3142;0;4.699997;0;0;0;80;80;normal;;-33;"firmware=bsf_fw_stage2_live_v1, test=live_media_characterization, duration_plan=5h, target_reference=28-30C, phase=stage2_live_recovery, safety=normal, heater_demand_pct=0.0, intake_pwm=80, exhaust_pwm=80, relay=OFF, note=270-300+ min recovery; heater OFF; fans LOW; safe observation after characterization"
2026-07-09T00:44:03.8631+00:00;20885;stage2_characterization_01;2;stage2_live_recovery;stage2_characterization;28;30;27;65.1;27;57.7;26.31;3149;0;7.399998;0;0;0;80;80;normal;;-34;"firmware=bsf_fw_stage2_live_v1, test=live_media_characterization, duration_plan=5h, target_reference=28-30C, phase=stage2_live_recovery, safety=normal, heater_demand_pct=0.0, intake_pwm=80, exhaust_pwm=80, relay=OFF, note=270-300+ min recovery; heater OFF; fans LOW; safe observation after characterization"
2026-07-09T00:44:33.789614+00:00;20915;stage2_characterization_01;2;stage2_live_recovery;stage2_characterization;28;30;27;63.4;27;57.9;26.31;3137;0;5.5;0;0;0;80;80;normal;;-33;"firmware=bsf_fw_stage2_live_v1, test=live_media_characterization, duration_plan=5h, target_reference=28-30C, phase=stage2_live_recovery, safety=normal, heater_demand_pct=0.0, intake_pwm=80, exhaust_pwm=80, relay=OFF, note=270-300+ min recovery; heater OFF; fans LOW; safe observation after characterization"
2026-07-09T00:45:04.251523+00:00;20945;stage2_characterization_01;2;stage2_live_recovery;stage2_characterization;28;30;27;63.6;27;57.4;26.31;3141;0;6.199997;0;0;0;80;80;normal;;-35;"firmware=bsf_fw_stage2_live_v1, test=live_media_characterization, duration_plan=5h, target_reference=28-30C, phase=stage2_live_recovery, safety=normal, heater_demand_pct=0.0, intake_pwm=80, exhaust_pwm=80, relay=OFF, note=270-300+ min recovery; heater OFF; fans LOW; safe observation after characterization"
2026-07-09T00:45:33.839381+00:00;20975;stage2_characterization_01;2;stage2_live_recovery;stage2_characterization;28;30;27;60.1;26.9;54;26.31;3127;0.1;6.099998;0;0;0;80;80;normal;;-33;"firmware=bsf_fw_stage2_live_v1, test=live_media_characterization, duration_plan=5h, target_reference=28-30C, phase=stage2_live_recovery, safety=normal, heater_demand_pct=0.0, intake_pwm=80, exhaust_pwm=80, relay=OFF, note=270-300+ min recovery; heater OFF; fans LOW; safe observation after characterization"
2026-07-09T00:46:04.287892+00:00;21005;stage2_characterization_01;2;stage2_live_recovery;stage2_characterization;28;30;27;61.4;26.9;51.7;26.31;3146;0.1;9.700001;0;0;0;80;80;normal;;-35;"firmware=bsf_fw_stage2_live_v1, test=live_media_characterization, duration_plan=5h, target_reference=28-30C, phase=stage2_live_recovery, safety=normal, heater_demand_pct=0.0, intake_pwm=80, exhaust_pwm=80, relay=OFF, note=270-300+ min recovery; heater OFF; fans LOW; safe observation after characterization"
2026-07-09T00:46:33.906128+00:00;21035;stage2_characterization_01;2;stage2_live_recovery;stage2_characterization;28;30;27;60.8;27;52.2;26.31;3133;0;8.599998;0;0;0;80;80;normal;;-38;"firmware=bsf_fw_stage2_live_v1, test=live_media_characterization, duration_plan=5h, target_reference=28-30C, phase=stage2_live_recovery, safety=normal, heater_demand_pct=0.0, intake_pwm=80, exhaust_pwm=80, relay=OFF, note=270-300+ min recovery; heater OFF; fans LOW; safe observation after characterization"
2026-07-09T00:47:04.633659+00:00;21065;stage2_characterization_01;2;stage2_live_recovery;stage2_characterization;28;30;27;60.7;27;52.7;26.31;3126;0;8;0;0;0;80;80;normal;;-34;"firmware=bsf_fw_stage2_live_v1, test=live_media_characterization, duration_plan=5h, target_reference=28-30C, phase=stage2_live_recovery, safety=normal, heater_demand_pct=0.0, intake_pwm=80, exhaust_pwm=80, relay=OFF, note=270-300+ min recovery; heater OFF; fans LOW; safe observation after characterization"
2026-07-09T00:47:34.452869+00:00;21095;stage2_characterization_01;2;stage2_live_recovery;stage2_characterization;28;30;27.1;63.4;27;59.1;26.31;3136;0.1;4.300003;0.225014;0;0;80;80;normal;;-35;"firmware=bsf_fw_stage2_live_v1, test=live_media_characterization, duration_plan=5h, target_reference=28-30C, phase=stage2_live_recovery, safety=normal, heater_demand_pct=0.0, intake_pwm=80, exhaust_pwm=80, relay=OFF, note=270-300+ min recovery; heater OFF; fans LOW; safe observation after characterization"
2026-07-09T00:48:03.918305+00:00;21125;stage2_characterization_01;2;stage2_live_recovery;stage2_characterization;28;30;27.1;64.9;27;58.1;26.31;3152;0.1;6.800003;0.115036;0;0;80;80;normal;;-34;"firmware=bsf_fw_stage2_live_v1, test=live_media_characterization, duration_plan=5h, target_reference=28-30C, phase=stage2_live_recovery, safety=normal, heater_demand_pct=0.0, intake_pwm=80, exhaust_pwm=80, relay=OFF, note=270-300+ min recovery; heater OFF; fans LOW; safe observation after characterization"
2026-07-09T00:48:34.674401+00:00;21155;stage2_characterization_01;2;stage2_live_recovery;stage2_characterization;28;30;27.1;66.1;27;60;26.38;3135;0.1;6.099998;0.020485;0;0;80;80;normal;;-34;"firmware=bsf_fw_stage2_live_v1, test=live_media_characterization, duration_plan=5h, target_reference=28-30C, phase=stage2_live_recovery, safety=normal, heater_demand_pct=0.0, intake_pwm=80, exhaust_pwm=80, relay=OFF, note=270-300+ min recovery; heater OFF; fans LOW; safe observation after characterization"
2026-07-09T00:49:04.227508+00:00;21185;stage2_characterization_01;2;stage2_live_recovery;stage2_characterization;28;30;27.1;66.6;27;60.3;26.31;3133;0.1;6.299999;0.003639;0;0;80;80;normal;;-35;"firmware=bsf_fw_stage2_live_v1, test=live_media_characterization, duration_plan=5h, target_reference=28-30C, phase=stage2_live_recovery, safety=normal, heater_demand_pct=0.0, intake_pwm=80, exhaust_pwm=80, relay=OFF, note=270-300+ min recovery; heater OFF; fans LOW; safe observation after characterization"
2026-07-09T00:49:34.253019+00:00;21215;stage2_characterization_01;2;stage2_live_recovery;stage2_characterization;28;30;27.1;67.4;27;60.7;26.38;3135;0.1;6.700001;0.000641;0;0;80;80;normal;;-34;"firmware=bsf_fw_stage2_live_v1, test=live_media_characterization, duration_plan=5h, target_reference=28-30C, phase=stage2_live_recovery, safety=normal, heater_demand_pct=0.0, intake_pwm=80, exhaust_pwm=80, relay=OFF, note=270-300+ min recovery; heater OFF; fans LOW; safe observation after characterization"
2026-07-09T00:50:04.58667+00:00;21245;stage2_characterization_01;2;stage2_live_recovery;stage2_characterization;28;30;27.1;67.3;27;59.4;26.44;3158;0.1;7.900002;0.000114;0;0;80;80;normal;;-35;"firmware=bsf_fw_stage2_live_v1, test=live_media_characterization, duration_plan=5h, target_reference=28-30C, phase=stage2_live_recovery, safety=normal, heater_demand_pct=0.0, intake_pwm=80, exhaust_pwm=80, relay=OFF, note=270-300+ min recovery; heater OFF; fans LOW; safe observation after characterization"
2026-07-09T00:50:34.642867+00:00;21275;stage2_characterization_01;2;stage2_live_recovery;stage2_characterization;28;30;27.1;66.3;27;59;26.44;3142;0.1;7.300003;0.000023;0;0;80;80;normal;;-34;"firmware=bsf_fw_stage2_live_v1, test=live_media_characterization, duration_plan=5h, target_reference=28-30C, phase=stage2_live_recovery, safety=normal, heater_demand_pct=0.0, intake_pwm=80, exhaust_pwm=80, relay=OFF, note=270-300+ min recovery; heater OFF; fans LOW; safe observation after characterization"
2026-07-09T00:51:03.842006+00:00;21305;stage2_characterization_01;2;stage2_live_recovery;stage2_characterization;28;30;27.1;66.3;27;59.7;26.38;3120;0.1;6.600002;0;0;0;80;80;normal;;-34;"firmware=bsf_fw_stage2_live_v1, test=live_media_characterization, duration_plan=5h, target_reference=28-30C, phase=stage2_live_recovery, safety=normal, heater_demand_pct=0.0, intake_pwm=80, exhaust_pwm=80, relay=OFF, note=270-300+ min recovery; heater OFF; fans LOW; safe observation after characterization"
2026-07-09T00:51:33.859257+00:00;21335;stage2_characterization_01;2;stage2_live_recovery;stage2_characterization;28;30;27.1;65.9;27;57.4;26.44;3120;0.1;8.5;0;0;0;80;80;normal;;-35;"firmware=bsf_fw_stage2_live_v1, test=live_media_characterization, duration_plan=5h, target_reference=28-30C, phase=stage2_live_recovery, safety=normal, heater_demand_pct=0.0, intake_pwm=80, exhaust_pwm=80, relay=OFF, note=270-300+ min recovery; heater OFF; fans LOW; safe observation after characterization"
2026-07-09T00:52:04.302235+00:00;21365;stage2_characterization_01;2;stage2_live_recovery;stage2_characterization;28;30;27.1;64.4;27;54.7;26.44;3133;0.1;9.700001;0;0;0;80;80;normal;;-36;"firmware=bsf_fw_stage2_live_v1, test=live_media_characterization, duration_plan=5h, target_reference=28-30C, phase=stage2_live_recovery, safety=normal, heater_demand_pct=0.0, intake_pwm=80, exhaust_pwm=80, relay=OFF, note=270-300+ min recovery; heater OFF; fans LOW; safe observation after characterization"
2026-07-09T00:52:34.281289+00:00;21395;stage2_characterization_01;2;stage2_live_recovery;stage2_characterization;28;30;27.1;63.2;26.9;56;26.5;3138;0.200001;7.200001;0;0;0;80;80;normal;;-34;"firmware=bsf_fw_stage2_live_v1, test=live_media_characterization, duration_plan=5h, target_reference=28-30C, phase=stage2_live_recovery, safety=normal, heater_demand_pct=0.0, intake_pwm=80, exhaust_pwm=80, relay=OFF, note=270-300+ min recovery; heater OFF; fans LOW; safe observation after characterization"
2026-07-09T00:53:04.385534+00:00;21425;stage2_characterization_01;2;stage2_live_recovery;stage2_characterization;28;30;27.1;63.7;27;55.6;26.5;3152;0.1;8.100002;0;0;0;80;80;normal;;-33;"firmware=bsf_fw_stage2_live_v1, test=live_media_characterization, duration_plan=5h, target_reference=28-30C, phase=stage2_live_recovery, safety=normal, heater_demand_pct=0.0, intake_pwm=80, exhaust_pwm=80, relay=OFF, note=270-300+ min recovery; heater OFF; fans LOW; safe observation after characterization"
2026-07-09T00:53:34.574131+00:00;21455;stage2_characterization_01;2;stage2_live_recovery;stage2_characterization;28;30;27.1;62.9;27;56.1;26.5;3135;0.1;6.800003;0;0;0;80;80;normal;;-35;"firmware=bsf_fw_stage2_live_v1, test=live_media_characterization, duration_plan=5h, target_reference=28-30C, phase=stage2_live_recovery, safety=normal, heater_demand_pct=0.0, intake_pwm=80, exhaust_pwm=80, relay=OFF, note=270-300+ min recovery; heater OFF; fans LOW; safe observation after characterization"
2026-07-09T00:54:04.619238+00:00;21485;stage2_characterization_01;2;stage2_live_recovery;stage2_characterization;28;30;27.1;63.6;27;56.2;26.5;3140;0.1;7.399998;0;0;0;80;80;normal;;-35;"firmware=bsf_fw_stage2_live_v1, test=live_media_characterization, duration_plan=5h, target_reference=28-30C, phase=stage2_live_recovery, safety=normal, heater_demand_pct=0.0, intake_pwm=80, exhaust_pwm=80, relay=OFF, note=270-300+ min recovery; heater OFF; fans LOW; safe observation after characterization"
2026-07-09T00:54:34.730044+00:00;21515;stage2_characterization_01;2;stage2_live_recovery;stage2_characterization;28;30;27.1;63.8;26.9;55.5;26.5;3135;0.200001;8.299999;0;0;0;80;80;normal;;-36;"firmware=bsf_fw_stage2_live_v1, test=live_media_characterization, duration_plan=5h, target_reference=28-30C, phase=stage2_live_recovery, safety=normal, heater_demand_pct=0.0, intake_pwm=80, exhaust_pwm=80, relay=OFF, note=270-300+ min recovery; heater OFF; fans LOW; safe observation after characterization"
2026-07-09T00:55:04.298993+00:00;21545;stage2_characterization_01;2;stage2_live_recovery;stage2_characterization;28;30;27.1;63.9;26.9;57.1;26.5;3127;0.200001;6.800003;0;0;0;80;80;normal;;-34;"firmware=bsf_fw_stage2_live_v1, test=live_media_characterization, duration_plan=5h, target_reference=28-30C, phase=stage2_live_recovery, safety=normal, heater_demand_pct=0.0, intake_pwm=80, exhaust_pwm=80, relay=OFF, note=270-300+ min recovery; heater OFF; fans LOW; safe observation after characterization"
2026-07-09T00:55:33.891464+00:00;21575;stage2_characterization_01;2;stage2_live_recovery;stage2_characterization;28;30;27.1;64.8;26.9;58.5;26.5;3125;0.200001;6.300003;0;0;0;80;80;normal;;-35;"firmware=bsf_fw_stage2_live_v1, test=live_media_characterization, duration_plan=5h, target_reference=28-30C, phase=stage2_live_recovery, safety=normal, heater_demand_pct=0.0, intake_pwm=80, exhaust_pwm=80, relay=OFF, note=270-300+ min recovery; heater OFF; fans LOW; safe observation after characterization"
2026-07-09T00:56:03.889443+00:00;21605;stage2_characterization_01;2;stage2_live_recovery;stage2_characterization;28;30;27.1;65.6;26.9;58.6;26.5;3109;0.200001;7;0;0;0;80;80;normal;;-34;"firmware=bsf_fw_stage2_live_v1, test=live_media_characterization, duration_plan=5h, target_reference=28-30C, phase=stage2_live_recovery, safety=normal, heater_demand_pct=0.0, intake_pwm=80, exhaust_pwm=80, relay=OFF, note=270-300+ min recovery; heater OFF; fans LOW; safe observation after characterization"
2026-07-09T00:56:33.851436+00:00;21635;stage2_characterization_01;2;stage2_live_recovery;stage2_characterization;28;30;27.1;64.8;27;56.4;26.5;3108;0.1;8.400002;0;0;0;80;80;normal;;-33;"firmware=bsf_fw_stage2_live_v1, test=live_media_characterization, duration_plan=5h, target_reference=28-30C, phase=stage2_live_recovery, safety=normal, heater_demand_pct=0.0, intake_pwm=80, exhaust_pwm=80, relay=OFF, note=270-300+ min recovery; heater OFF; fans LOW; safe observation after characterization"
2026-07-09T00:57:04.264502+00:00;21665;stage2_characterization_01;2;stage2_live_recovery;stage2_characterization;28;30;27.1;64.1;26.9;56.5;26.5;3118;0.200001;7.599998;0;0;0;80;80;normal;;-33;"firmware=bsf_fw_stage2_live_v1, test=live_media_characterization, duration_plan=5h, target_reference=28-30C, phase=stage2_live_recovery, safety=normal, heater_demand_pct=0.0, intake_pwm=80, exhaust_pwm=80, relay=OFF, note=270-300+ min recovery; heater OFF; fans LOW; safe observation after characterization"
2026-07-09T00:57:34.252721+00:00;21695;stage2_characterization_01;2;stage2_live_recovery;stage2_characterization;28;30;27.1;64;26.9;57.3;26.44;3107;0.200001;6.700001;0;0;0;80;80;normal;;-34;"firmware=bsf_fw_stage2_live_v1, test=live_media_characterization, duration_plan=5h, target_reference=28-30C, phase=stage2_live_recovery, safety=normal, heater_demand_pct=0.0, intake_pwm=80, exhaust_pwm=80, relay=OFF, note=270-300+ min recovery; heater OFF; fans LOW; safe observation after characterization"
2026-07-09T00:58:03.807709+00:00;21725;stage2_characterization_01;2;stage2_live_recovery;stage2_characterization;28;30;27.1;64.4;26.9;58.5;26.44;3111;0.200001;5.900002;0;0;0;80;80;normal;;-34;"firmware=bsf_fw_stage2_live_v1, test=live_media_characterization, duration_plan=5h, target_reference=28-30C, phase=stage2_live_recovery, safety=normal, heater_demand_pct=0.0, intake_pwm=80, exhaust_pwm=80, relay=OFF, note=270-300+ min recovery; heater OFF; fans LOW; safe observation after characterization"
2026-07-09T00:58:34.268939+00:00;21755;stage2_characterization_01;2;stage2_live_recovery;stage2_characterization;28;30;27.1;65.4;26.9;59.1;26.5;3125;0.200001;6.300003;0;0;0;80;80;normal;;-33;"firmware=bsf_fw_stage2_live_v1, test=live_media_characterization, duration_plan=5h, target_reference=28-30C, phase=stage2_live_recovery, safety=normal, heater_demand_pct=0.0, intake_pwm=80, exhaust_pwm=80, relay=OFF, note=270-300+ min recovery; heater OFF; fans LOW; safe observation after characterization"
2026-07-09T00:59:03.850991+00:00;21785;stage2_characterization_01;2;stage2_live_recovery;stage2_characterization;28;30;27.1;66.1;27;59.1;26.5;3114;0.1;7;0;0;0;80;80;normal;;-34;"firmware=bsf_fw_stage2_live_v1, test=live_media_characterization, duration_plan=5h, target_reference=28-30C, phase=stage2_live_recovery, safety=normal, heater_demand_pct=0.0, intake_pwm=80, exhaust_pwm=80, relay=OFF, note=270-300+ min recovery; heater OFF; fans LOW; safe observation after characterization"
2026-07-09T00:59:33.810462+00:00;21815;stage2_characterization_01;2;stage2_live_recovery;stage2_characterization;28;30;27.1;66.2;26.9;57.8;26.5;3111;0.200001;8.399998;0;0;0;80;80;normal;;-34;"firmware=bsf_fw_stage2_live_v1, test=live_media_characterization, duration_plan=5h, target_reference=28-30C, phase=stage2_live_recovery, safety=normal, heater_demand_pct=0.0, intake_pwm=80, exhaust_pwm=80, relay=OFF, note=270-300+ min recovery; heater OFF; fans LOW; safe observation after characterization"
2026-07-09T01:00:04.240666+00:00;21845;stage2_characterization_01;2;stage2_live_recovery;stage2_characterization;28;30;27.1;65;27;56.3;26.5;3106;0.1;8.700001;0;0;0;80;80;normal;;-33;"firmware=bsf_fw_stage2_live_v1, test=live_media_characterization, duration_plan=5h, target_reference=28-30C, phase=stage2_live_recovery, safety=normal, heater_demand_pct=0.0, intake_pwm=80, exhaust_pwm=80, relay=OFF, note=270-300+ min recovery; heater OFF; fans LOW; safe observation after characterization"
2026-07-09T01:00:34.897063+00:00;21875;stage2_characterization_01;2;stage2_live_recovery;stage2_characterization;28;30;27.1;64.6;26.9;57.2;26.5;3122;0.200001;7.399998;0;0;0;80;80;normal;;-32;"firmware=bsf_fw_stage2_live_v1, test=live_media_characterization, duration_plan=5h, target_reference=28-30C, phase=stage2_live_recovery, safety=normal, heater_demand_pct=0.0, intake_pwm=80, exhaust_pwm=80, relay=OFF, note=270-300+ min recovery; heater OFF; fans LOW; safe observation after characterization"
2026-07-09T01:01:05.093578+00:00;21905;stage2_characterization_01;2;stage2_live_recovery;stage2_characterization;28;30;27.1;65;27;58.7;26.5;3149;0.1;6.299999;0;0;0;80;80;normal;;-33;"firmware=bsf_fw_stage2_live_v1, test=live_media_characterization, duration_plan=5h, target_reference=28-30C, phase=stage2_live_recovery, safety=normal, heater_demand_pct=0.0, intake_pwm=80, exhaust_pwm=80, relay=OFF, note=270-300+ min recovery; heater OFF; fans LOW; safe observation after characterization"
2026-07-09T01:01:34.182645+00:00;21935;stage2_characterization_01;2;stage2_live_recovery;stage2_characterization;28;30;27.1;65;27;55.6;26.44;3134;0.1;9.400002;0;0;0;80;80;normal;;-34;"firmware=bsf_fw_stage2_live_v1, test=live_media_characterization, duration_plan=5h, target_reference=28-30C, phase=stage2_live_recovery, safety=normal, heater_demand_pct=0.0, intake_pwm=80, exhaust_pwm=80, relay=OFF, note=270-300+ min recovery; heater OFF; fans LOW; safe observation after characterization"
2026-07-09T01:02:04.675152+00:00;21965;stage2_characterization_01;2;stage2_live_recovery;stage2_characterization;28;30;27.1;64;26.9;55.7;26.5;3147;0.200001;8.299999;0;0;0;80;80;normal;;-35;"firmware=bsf_fw_stage2_live_v1, test=live_media_characterization, duration_plan=5h, target_reference=28-30C, phase=stage2_live_recovery, safety=normal, heater_demand_pct=0.0, intake_pwm=80, exhaust_pwm=80, relay=OFF, note=270-300+ min recovery; heater OFF; fans LOW; safe observation after characterization"
2026-07-09T01:02:34.693241+00:00;21995;stage2_characterization_01;2;stage2_live_recovery;stage2_characterization;28;30;27.1;63.1;26.9;56.6;26.5;3133;0.200001;6.5;0;0;0;80;80;normal;;-33;"firmware=bsf_fw_stage2_live_v1, test=live_media_characterization, duration_plan=5h, target_reference=28-30C, phase=stage2_live_recovery, safety=normal, heater_demand_pct=0.0, intake_pwm=80, exhaust_pwm=80, relay=OFF, note=270-300+ min recovery; heater OFF; fans LOW; safe observation after characterization"
2026-07-09T01:03:04.767614+00:00;22025;stage2_characterization_01;2;stage2_live_recovery;stage2_characterization;28;30;27.1;63.9;26.9;56.9;26.5;3188;0.200001;7;0;0;0;80;80;normal;;-34;"firmware=bsf_fw_stage2_live_v1, test=live_media_characterization, duration_plan=5h, target_reference=28-30C, phase=stage2_live_recovery, safety=normal, heater_demand_pct=0.0, intake_pwm=80, exhaust_pwm=80, relay=OFF, note=270-300+ min recovery; heater OFF; fans LOW; safe observation after characterization"
2026-07-09T01:03:34.291105+00:00;22055;stage2_characterization_01;2;stage2_live_recovery;stage2_characterization;28;30;27.1;64.6;26.9;54.7;26.56;3118;0.200001;9.899998;0;0;0;80;80;normal;;-34;"firmware=bsf_fw_stage2_live_v1, test=live_media_characterization, duration_plan=5h, target_reference=28-30C, phase=stage2_live_recovery, safety=normal, heater_demand_pct=0.0, intake_pwm=80, exhaust_pwm=80, relay=OFF, note=270-300+ min recovery; heater OFF; fans LOW; safe observation after characterization"
2026-07-09T01:04:04.7345+00:00;22085;stage2_characterization_01;2;stage2_live_recovery;stage2_characterization;28;30;27.1;62.9;26.9;55.3;26.5;3113;0.200001;7.600002;0;0;0;80;80;normal;;-34;"firmware=bsf_fw_stage2_live_v1, test=live_media_characterization, duration_plan=5h, target_reference=28-30C, phase=stage2_live_recovery, safety=normal, heater_demand_pct=0.0, intake_pwm=80, exhaust_pwm=80, relay=OFF, note=270-300+ min recovery; heater OFF; fans LOW; safe observation after characterization"
2026-07-09T01:04:34.767869+00:00;22115;stage2_characterization_01;2;stage2_live_recovery;stage2_characterization;28;30;27.1;63.1;26.9;53.7;26.5;3109;0.200001;9.399998;0;0;0;80;80;normal;;-34;"firmware=bsf_fw_stage2_live_v1, test=live_media_characterization, duration_plan=5h, target_reference=28-30C, phase=stage2_live_recovery, safety=normal, heater_demand_pct=0.0, intake_pwm=80, exhaust_pwm=80, relay=OFF, note=270-300+ min recovery; heater OFF; fans LOW; safe observation after characterization"
2026-07-09T01:05:04.429986+00:00;22145;stage2_characterization_01;2;stage2_live_recovery;stage2_characterization;28;30;27.1;62.2;26.9;53.7;26.5;3127;0.200001;8.5;0;0;0;80;80;normal;;-33;"firmware=bsf_fw_stage2_live_v1, test=live_media_characterization, duration_plan=5h, target_reference=28-30C, phase=stage2_live_recovery, safety=normal, heater_demand_pct=0.0, intake_pwm=80, exhaust_pwm=80, relay=OFF, note=270-300+ min recovery; heater OFF; fans LOW; safe observation after characterization"
2026-07-09T01:05:35.201487+00:00;22175;stage2_characterization_01;2;stage2_live_recovery;stage2_characterization;28;30;27.1;62.2;26.9;53.9;26.44;3151;0.200001;8.299999;0;0;0;80;80;normal;;-34;"firmware=bsf_fw_stage2_live_v1, test=live_media_characterization, duration_plan=5h, target_reference=28-30C, phase=stage2_live_recovery, safety=normal, heater_demand_pct=0.0, intake_pwm=80, exhaust_pwm=80, relay=OFF, note=270-300+ min recovery; heater OFF; fans LOW; safe observation after characterization"
2026-07-09T01:06:04.301501+00:00;22205;stage2_characterization_01;2;stage2_live_recovery;stage2_characterization;28;30;27.1;62.1;27;54.6;26.44;3158;0.1;7.5;0;0;0;80;80;normal;;-35;"firmware=bsf_fw_stage2_live_v1, test=live_media_characterization, duration_plan=5h, target_reference=28-30C, phase=stage2_live_recovery, safety=normal, heater_demand_pct=0.0, intake_pwm=80, exhaust_pwm=80, relay=OFF, note=270-300+ min recovery; heater OFF; fans LOW; safe observation after characterization"
2026-07-09T01:06:34.380657+00:00;22235;stage2_characterization_01;2;stage2_live_recovery;stage2_characterization;28;30;27.1;61.7;27;53.9;26.44;3133;0.1;7.799999;0;0;0;80;80;normal;;-33;"firmware=bsf_fw_stage2_live_v1, test=live_media_characterization, duration_plan=5h, target_reference=28-30C, phase=stage2_live_recovery, safety=normal, heater_demand_pct=0.0, intake_pwm=80, exhaust_pwm=80, relay=OFF, note=270-300+ min recovery; heater OFF; fans LOW; safe observation after characterization"
2026-07-09T01:07:04.195389+00:00;22265;stage2_characterization_01;2;stage2_live_recovery;stage2_characterization;28;30;27.1;62;27;53.5;26.44;3125;0.1;8.5;0;0;0;80;80;normal;;-41;"firmware=bsf_fw_stage2_live_v1, test=live_media_characterization, duration_plan=5h, target_reference=28-30C, phase=stage2_live_recovery, safety=normal, heater_demand_pct=0.0, intake_pwm=80, exhaust_pwm=80, relay=OFF, note=270-300+ min recovery; heater OFF; fans LOW; safe observation after characterization"
2026-07-09T01:07:35.147282+00:00;22295;stage2_characterization_01;2;stage2_live_recovery;stage2_characterization;28;30;27.1;61.9;27.1;53.2;26.44;3130;0;8.700001;0;0;0;80;80;normal;;-40;"firmware=bsf_fw_stage2_live_v1, test=live_media_characterization, duration_plan=5h, target_reference=28-30C, phase=stage2_live_recovery, safety=normal, heater_demand_pct=0.0, intake_pwm=80, exhaust_pwm=80, relay=OFF, note=270-300+ min recovery; heater OFF; fans LOW; safe observation after characterization"
2026-07-09T01:08:04.138339+00:00;22325;stage2_characterization_01;2;stage2_live_recovery;stage2_characterization;28;30;27.1;60.9;27;52.9;26.44;3131;0.1;8;0;0;0;80;80;normal;;-41;"firmware=bsf_fw_stage2_live_v1, test=live_media_characterization, duration_plan=5h, target_reference=28-30C, phase=stage2_live_recovery, safety=normal, heater_demand_pct=0.0, intake_pwm=80, exhaust_pwm=80, relay=OFF, note=270-300+ min recovery; heater OFF; fans LOW; safe observation after characterization"
2026-07-09T01:08:34.708145+00:00;22355;stage2_characterization_01;2;stage2_live_recovery;stage2_characterization;28;30;27.1;61.2;27;52.5;26.44;3119;0.1;8.700001;0;0;0;80;80;normal;;-38;"firmware=bsf_fw_stage2_live_v1, test=live_media_characterization, duration_plan=5h, target_reference=28-30C, phase=stage2_live_recovery, safety=normal, heater_demand_pct=0.0, intake_pwm=80, exhaust_pwm=80, relay=OFF, note=270-300+ min recovery; heater OFF; fans LOW; safe observation after characterization"
2026-07-09T01:09:04.682617+00:00;22385;stage2_characterization_01;2;stage2_live_recovery;stage2_characterization;28;30;27.1;61.4;27.1;53;26.44;3129;0;8.400002;0;0;0;80;80;normal;;-40;"firmware=bsf_fw_stage2_live_v1, test=live_media_characterization, duration_plan=5h, target_reference=28-30C, phase=stage2_live_recovery, safety=normal, heater_demand_pct=0.0, intake_pwm=80, exhaust_pwm=80, relay=OFF, note=270-300+ min recovery; heater OFF; fans LOW; safe observation after characterization"
2026-07-09T01:09:34.926823+00:00;22415;stage2_characterization_01;2;stage2_live_recovery;stage2_characterization;28;30;27.1;60.9;27.1;52.3;26.44;3123;0;8.600002;0;0;0;80;80;normal;;-39;"firmware=bsf_fw_stage2_live_v1, test=live_media_characterization, duration_plan=5h, target_reference=28-30C, phase=stage2_live_recovery, safety=normal, heater_demand_pct=0.0, intake_pwm=80, exhaust_pwm=80, relay=OFF, note=270-300+ min recovery; heater OFF; fans LOW; safe observation after characterization"
2026-07-09T01:10:04.762357+00:00;22445;stage2_characterization_01;2;stage2_live_recovery;stage2_characterization;28;30;27.1;61;27.1;52.8;26.44;3135;0;8.200001;0;0;0;80;80;normal;;-40;"firmware=bsf_fw_stage2_live_v1, test=live_media_characterization, duration_plan=5h, target_reference=28-30C, phase=stage2_live_recovery, safety=normal, heater_demand_pct=0.0, intake_pwm=80, exhaust_pwm=80, relay=OFF, note=270-300+ min recovery; heater OFF; fans LOW; safe observation after characterization"
2026-07-09T01:10:34.523699+00:00;22475;stage2_characterization_01;2;stage2_live_recovery;stage2_characterization;28;30;27.1;61.2;27;52.7;26.44;3117;0.1;8.5;0;0;0;80;80;normal;;-39;"firmware=bsf_fw_stage2_live_v1, test=live_media_characterization, duration_plan=5h, target_reference=28-30C, phase=stage2_live_recovery, safety=normal, heater_demand_pct=0.0, intake_pwm=80, exhaust_pwm=80, relay=OFF, note=270-300+ min recovery; heater OFF; fans LOW; safe observation after characterization"
2026-07-09T01:11:04.330543+00:00;22505;stage2_characterization_01;2;stage2_live_recovery;stage2_characterization;28;30;27.1;60.6;27.1;52.6;26.44;3115;0;8;0;0;0;80;80;normal;;-40;"firmware=bsf_fw_stage2_live_v1, test=live_media_characterization, duration_plan=5h, target_reference=28-30C, phase=stage2_live_recovery, safety=normal, heater_demand_pct=0.0, intake_pwm=80, exhaust_pwm=80, relay=OFF, note=270-300+ min recovery; heater OFF; fans LOW; safe observation after characterization"
2026-07-09T01:11:34.73783+00:00;22535;stage2_characterization_01;2;stage2_live_recovery;stage2_characterization;28;30;27.1;61.1;27.1;52.6;26.44;3115;0;8.5;0;0;0;80;80;normal;;-37;"firmware=bsf_fw_stage2_live_v1, test=live_media_characterization, duration_plan=5h, target_reference=28-30C, phase=stage2_live_recovery, safety=normal, heater_demand_pct=0.0, intake_pwm=80, exhaust_pwm=80, relay=OFF, note=270-300+ min recovery; heater OFF; fans LOW; safe observation after characterization"
2026-07-09T01:12:04.256956+00:00;22565;stage2_characterization_01;2;stage2_live_recovery;stage2_characterization;28;30;27.1;60.8;27.1;52.8;26.44;3115;0;8;0;0;0;80;80;normal;;-38;"firmware=bsf_fw_stage2_live_v1, test=live_media_characterization, duration_plan=5h, target_reference=28-30C, phase=stage2_live_recovery, safety=normal, heater_demand_pct=0.0, intake_pwm=80, exhaust_pwm=80, relay=OFF, note=270-300+ min recovery; heater OFF; fans LOW; safe observation after characterization"
2026-07-09T01:12:34.634032+00:00;22595;stage2_characterization_01;2;stage2_live_recovery;stage2_characterization;28;30;27.1;61.4;27.1;52.5;26.44;3110;0;8.900002;0;0;0;80;80;normal;;-40;"firmware=bsf_fw_stage2_live_v1, test=live_media_characterization, duration_plan=5h, target_reference=28-30C, phase=stage2_live_recovery, safety=normal, heater_demand_pct=0.0, intake_pwm=80, exhaust_pwm=80, relay=OFF, note=270-300+ min recovery; heater OFF; fans LOW; safe observation after characterization"
2026-07-09T01:13:04.700828+00:00;22625;stage2_characterization_01;2;stage2_live_recovery;stage2_characterization;28;30;27.1;61.4;27.1;53.2;26.5;3120;0;8.200001;0;0;0;80;80;normal;;-39;"firmware=bsf_fw_stage2_live_v1, test=live_media_characterization, duration_plan=5h, target_reference=28-30C, phase=stage2_live_recovery, safety=normal, heater_demand_pct=0.0, intake_pwm=80, exhaust_pwm=80, relay=OFF, note=270-300+ min recovery; heater OFF; fans LOW; safe observation after characterization"
2026-07-09T01:13:34.247129+00:00;22655;stage2_characterization_01;2;stage2_live_recovery;stage2_characterization;28;30;27.1;61.2;27.1;52.8;26.44;3107;0;8.400002;-0.098621;0;0;80;80;normal;;-38;"firmware=bsf_fw_stage2_live_v1, test=live_media_characterization, duration_plan=5h, target_reference=28-30C, phase=stage2_live_recovery, safety=normal, heater_demand_pct=0.0, intake_pwm=80, exhaust_pwm=80, relay=OFF, note=270-300+ min recovery; heater OFF; fans LOW; safe observation after characterization"
2026-07-09T01:14:04.749373+00:00;22685;stage2_characterization_01;2;stage2_live_recovery;stage2_characterization;28;30;27.1;61.3;27.1;52.9;26.5;3125;0;8.399998;-0.0738;0;0;80;80;normal;;-39;"firmware=bsf_fw_stage2_live_v1, test=live_media_characterization, duration_plan=5h, target_reference=28-30C, phase=stage2_live_recovery, safety=normal, heater_demand_pct=0.0, intake_pwm=80, exhaust_pwm=80, relay=OFF, note=270-300+ min recovery; heater OFF; fans LOW; safe observation after characterization"
2026-07-09T01:14:34.305477+00:00;22715;stage2_characterization_01;2;stage2_live_recovery;stage2_characterization;28;30;27.2;61.5;27.2;53.4;26.5;3123;0;8.099998;0.131882;0;0;80;80;normal;;-39;"firmware=bsf_fw_stage2_live_v1, test=live_media_characterization, duration_plan=5h, target_reference=28-30C, phase=stage2_live_recovery, safety=normal, heater_demand_pct=0.0, intake_pwm=80, exhaust_pwm=80, relay=OFF, note=270-300+ min recovery; heater OFF; fans LOW; safe observation after characterization"
2026-07-09T01:15:04.787927+00:00;22745;stage2_characterization_01;2;stage2_live_recovery;stage2_characterization;28;30;27.2;61.1;27.2;53.7;26.5;3125;0;7.399998;0.023483;0;0;80;80;normal;;-39;"firmware=bsf_fw_stage2_live_v1, test=live_media_characterization, duration_plan=5h, target_reference=28-30C, phase=stage2_live_recovery, safety=normal, heater_demand_pct=0.0, intake_pwm=80, exhaust_pwm=80, relay=OFF, note=270-300+ min recovery; heater OFF; fans LOW; safe observation after characterization"
2026-07-09T01:15:35.143383+00:00;22775;stage2_characterization_01;2;stage2_live_recovery;stage2_characterization;28;30;27.2;61.5;27.2;53.8;26.5;3194;0;7.700001;0.004166;0;0;80;80;normal;;-38;"firmware=bsf_fw_stage2_live_v1, test=live_media_characterization, duration_plan=5h, target_reference=28-30C, phase=stage2_live_recovery, safety=normal, heater_demand_pct=0.0, intake_pwm=80, exhaust_pwm=80, relay=OFF, note=270-300+ min recovery; heater OFF; fans LOW; safe observation after characterization"
2026-07-09T01:16:04.63858+00:00;22805;stage2_characterization_01;2;stage2_live_recovery;stage2_characterization;28;30;27.2;61.8;27.2;54.3;26.5;3123;0;7.5;0.000732;0;0;80;80;normal;;-38;"firmware=bsf_fw_stage2_live_v1, test=live_media_characterization, duration_plan=5h, target_reference=28-30C, phase=stage2_live_recovery, safety=normal, heater_demand_pct=0.0, intake_pwm=80, exhaust_pwm=80, relay=OFF, note=270-300+ min recovery; heater OFF; fans LOW; safe observation after characterization"
2026-07-09T01:16:34.232958+00:00;22835;stage2_characterization_01;2;stage2_live_recovery;stage2_characterization;28;30;27.2;62.3;27.2;54.4;26.5;3125;0;7.899998;0.000137;0;0;80;80;normal;;-37;"firmware=bsf_fw_stage2_live_v1, test=live_media_characterization, duration_plan=5h, target_reference=28-30C, phase=stage2_live_recovery, safety=normal, heater_demand_pct=0.0, intake_pwm=80, exhaust_pwm=80, relay=OFF, note=270-300+ min recovery; heater OFF; fans LOW; safe observation after characterization"
2026-07-09T01:17:04.267148+00:00;22865;stage2_characterization_01;2;stage2_live_recovery;stage2_characterization;28;30;27.2;62.4;27.2;54.8;26.5;3132;0;7.600002;0.000023;0;0;80;80;normal;;-39;"firmware=bsf_fw_stage2_live_v1, test=live_media_characterization, duration_plan=5h, target_reference=28-30C, phase=stage2_live_recovery, safety=normal, heater_demand_pct=0.0, intake_pwm=80, exhaust_pwm=80, relay=OFF, note=270-300+ min recovery; heater OFF; fans LOW; safe observation after characterization"
2026-07-09T01:17:33.850345+00:00;22895;stage2_characterization_01;2;stage2_live_recovery;stage2_characterization;28;30;27.2;63.2;27.2;56.3;26.5;3127;0;6.900002;0;0;0;80;80;normal;;-38;"firmware=bsf_fw_stage2_live_v1, test=live_media_characterization, duration_plan=5h, target_reference=28-30C, phase=stage2_live_recovery, safety=normal, heater_demand_pct=0.0, intake_pwm=80, exhaust_pwm=80, relay=OFF, note=270-300+ min recovery; heater OFF; fans LOW; safe observation after characterization"
2026-07-09T01:18:03.867103+00:00;22925;stage2_characterization_01;2;stage2_live_recovery;stage2_characterization;28;30;27.2;64.1;27.2;56.9;26.5;3124;0;7.199997;0;0;0;80;80;normal;;-39;"firmware=bsf_fw_stage2_live_v1, test=live_media_characterization, duration_plan=5h, target_reference=28-30C, phase=stage2_live_recovery, safety=normal, heater_demand_pct=0.0, intake_pwm=80, exhaust_pwm=80, relay=OFF, note=270-300+ min recovery; heater OFF; fans LOW; safe observation after characterization"
2026-07-09T01:18:34.715616+00:00;22955;stage2_characterization_01;2;stage2_live_recovery;stage2_characterization;28;30;27.2;64.7;27.2;58;26.5;3125;0;6.699997;0;0;0;80;80;normal;;-39;"firmware=bsf_fw_stage2_live_v1, test=live_media_characterization, duration_plan=5h, target_reference=28-30C, phase=stage2_live_recovery, safety=normal, heater_demand_pct=0.0, intake_pwm=80, exhaust_pwm=80, relay=OFF, note=270-300+ min recovery; heater OFF; fans LOW; safe observation after characterization"
2026-07-09T01:19:04.21955+00:00;22985;stage2_characterization_01;2;stage2_live_recovery;stage2_characterization;28;30;27.2;65;27.1;58.4;26.5;3155;0.1;6.599998;0;0;0;80;80;normal;;-39;"firmware=bsf_fw_stage2_live_v1, test=live_media_characterization, duration_plan=5h, target_reference=28-30C, phase=stage2_live_recovery, safety=normal, heater_demand_pct=0.0, intake_pwm=80, exhaust_pwm=80, relay=OFF, note=270-300+ min recovery; heater OFF; fans LOW; safe observation after characterization"
2026-07-09T01:19:35.03867+00:00;23015;stage2_characterization_01;2;stage2_live_recovery;stage2_characterization;28;30;27.2;65.4;27.1;58.8;26.5;3133;0.1;6.600002;0;0;0;80;80;normal;;-39;"firmware=bsf_fw_stage2_live_v1, test=live_media_characterization, duration_plan=5h, target_reference=28-30C, phase=stage2_live_recovery, safety=normal, heater_demand_pct=0.0, intake_pwm=80, exhaust_pwm=80, relay=OFF, note=270-300+ min recovery; heater OFF; fans LOW; safe observation after characterization"
2026-07-09T01:20:04.284148+00:00;23045;stage2_characterization_01;2;stage2_live_recovery;stage2_characterization;28;30;27.2;66;27.2;58.8;26.5;3126;0;7.200001;0;0;0;80;80;normal;;-39;"firmware=bsf_fw_stage2_live_v1, test=live_media_characterization, duration_plan=5h, target_reference=28-30C, phase=stage2_live_recovery, safety=normal, heater_demand_pct=0.0, intake_pwm=80, exhaust_pwm=80, relay=OFF, note=270-300+ min recovery; heater OFF; fans LOW; safe observation after characterization"
2026-07-09T01:20:35.087045+00:00;23075;stage2_characterization_01;2;stage2_live_recovery;stage2_characterization;28;30;27.2;65.9;27.1;57.6;26.5;3137;0.1;8.300003;0;0;0;80;80;normal;;-37;"firmware=bsf_fw_stage2_live_v1, test=live_media_characterization, duration_plan=5h, target_reference=28-30C, phase=stage2_live_recovery, safety=normal, heater_demand_pct=0.0, intake_pwm=80, exhaust_pwm=80, relay=OFF, note=270-300+ min recovery; heater OFF; fans LOW; safe observation after characterization"
2026-07-09T01:21:04.699619+00:00;23105;stage2_characterization_01;2;stage2_live_recovery;stage2_characterization;28;30;27.2;65.4;27.1;57.5;26.56;3129;0.1;7.900002;0;0;0;80;80;normal;;-40;"firmware=bsf_fw_stage2_live_v1, test=live_media_characterization, duration_plan=5h, target_reference=28-30C, phase=stage2_live_recovery, safety=normal, heater_demand_pct=0.0, intake_pwm=80, exhaust_pwm=80, relay=OFF, note=270-300+ min recovery; heater OFF; fans LOW; safe observation after characterization"
2026-07-09T01:21:33.886327+00:00;23135;stage2_characterization_01;2;stage2_live_recovery;stage2_characterization;28;30;27.2;65;27.1;57.3;26.56;3131;0.1;7.700001;0;0;0;80;80;normal;;-38;"firmware=bsf_fw_stage2_live_v1, test=live_media_characterization, duration_plan=5h, target_reference=28-30C, phase=stage2_live_recovery, safety=normal, heater_demand_pct=0.0, intake_pwm=80, exhaust_pwm=80, relay=OFF, note=270-300+ min recovery; heater OFF; fans LOW; safe observation after characterization"
2026-07-09T01:22:05.15461+00:00;23165;stage2_characterization_01;2;stage2_live_recovery;stage2_characterization;28;30;27.2;65.2;27.1;57.7;26.5;3110;0.1;7.499996;0;0;0;80;80;normal;;-40;"firmware=bsf_fw_stage2_live_v1, test=live_media_characterization, duration_plan=5h, target_reference=28-30C, phase=stage2_live_recovery, safety=normal, heater_demand_pct=0.0, intake_pwm=80, exhaust_pwm=80, relay=OFF, note=270-300+ min recovery; heater OFF; fans LOW; safe observation after characterization"
2026-07-09T01:22:33.902934+00:00;23195;stage2_characterization_01;2;stage2_live_recovery;stage2_characterization;28;30;27.2;65.3;27.1;57.8;26.56;3120;0.1;7.500004;0;0;0;80;80;normal;;-38;"firmware=bsf_fw_stage2_live_v1, test=live_media_characterization, duration_plan=5h, target_reference=28-30C, phase=stage2_live_recovery, safety=normal, heater_demand_pct=0.0, intake_pwm=80, exhaust_pwm=80, relay=OFF, note=270-300+ min recovery; heater OFF; fans LOW; safe observation after characterization"
2026-07-09T01:23:04.352177+00:00;23225;stage2_characterization_01;2;stage2_live_recovery;stage2_characterization;28;30;27.2;65.5;27.1;57.2;26.56;3177;0.1;8.299999;0;0;0;80;80;normal;;-39;"firmware=bsf_fw_stage2_live_v1, test=live_media_characterization, duration_plan=5h, target_reference=28-30C, phase=stage2_live_recovery, safety=normal, heater_demand_pct=0.0, intake_pwm=80, exhaust_pwm=80, relay=OFF, note=270-300+ min recovery; heater OFF; fans LOW; safe observation after characterization"
2026-07-09T01:23:34.336376+00:00;23255;stage2_characterization_01;2;stage2_live_recovery;stage2_characterization;28;30;27.2;65.1;27.1;57;26.56;3130;0.1;8.099998;0;0;0;80;80;normal;;-38;"firmware=bsf_fw_stage2_live_v1, test=live_media_characterization, duration_plan=5h, target_reference=28-30C, phase=stage2_live_recovery, safety=normal, heater_demand_pct=0.0, intake_pwm=80, exhaust_pwm=80, relay=OFF, note=270-300+ min recovery; heater OFF; fans LOW; safe observation after characterization"
2026-07-09T01:24:04.934219+00:00;23285;stage2_characterization_01;2;stage2_live_recovery;stage2_characterization;28;30;27.2;65;27.1;57.1;26.63;3127;0.1;7.900002;0;0;0;80;80;normal;;-38;"firmware=bsf_fw_stage2_live_v1, test=live_media_characterization, duration_plan=5h, target_reference=28-30C, phase=stage2_live_recovery, safety=normal, heater_demand_pct=0.0, intake_pwm=80, exhaust_pwm=80, relay=OFF, note=270-300+ min recovery; heater OFF; fans LOW; safe observation after characterization"
2026-07-09T01:24:33.836417+00:00;23315;stage2_characterization_01;2;stage2_live_recovery;stage2_characterization;28;30;27.2;64.9;27;56.4;26.56;3129;0.200001;8.5;0;0;0;80;80;normal;;-41;"firmware=bsf_fw_stage2_live_v1, test=live_media_characterization, duration_plan=5h, target_reference=28-30C, phase=stage2_live_recovery, safety=normal, heater_demand_pct=0.0, intake_pwm=80, exhaust_pwm=80, relay=OFF, note=270-300+ min recovery; heater OFF; fans LOW; safe observation after characterization"
2026-07-09T01:25:04.737344+00:00;23345;stage2_characterization_01;2;stage2_live_recovery;stage2_characterization;28;30;27.2;64.6;27;57.5;26.63;3133;0.200001;7.099998;0;0;0;80;80;normal;;-38;"firmware=bsf_fw_stage2_live_v1, test=live_media_characterization, duration_plan=5h, target_reference=28-30C, phase=stage2_live_recovery, safety=normal, heater_demand_pct=0.0, intake_pwm=80, exhaust_pwm=80, relay=OFF, note=270-300+ min recovery; heater OFF; fans LOW; safe observation after characterization"
2026-07-09T01:25:33.891311+00:00;23375;stage2_characterization_01;2;stage2_live_recovery;stage2_characterization;28;30;27.2;65;27;58.2;26.56;3125;0.200001;6.799999;0;0;0;80;80;normal;;-39;"firmware=bsf_fw_stage2_live_v1, test=live_media_characterization, duration_plan=5h, target_reference=28-30C, phase=stage2_live_recovery, safety=normal, heater_demand_pct=0.0, intake_pwm=80, exhaust_pwm=80, relay=OFF, note=270-300+ min recovery; heater OFF; fans LOW; safe observation after characterization"
2026-07-09T01:26:03.914754+00:00;23405;stage2_characterization_01;2;stage2_live_recovery;stage2_characterization;28;30;27.2;65.5;27;58.2;26.63;3125;0.200001;7.299999;0;0;0;80;80;normal;;-38;"firmware=bsf_fw_stage2_live_v1, test=live_media_characterization, duration_plan=5h, target_reference=28-30C, phase=stage2_live_recovery, safety=normal, heater_demand_pct=0.0, intake_pwm=80, exhaust_pwm=80, relay=OFF, note=270-300+ min recovery; heater OFF; fans LOW; safe observation after characterization"
2026-07-09T01:26:34.767096+00:00;23435;stage2_characterization_01;2;stage2_live_recovery;stage2_characterization;28;30;27.2;65.4;27;57.6;26.56;3137;0.200001;7.800003;0;0;0;80;80;normal;;-41;"firmware=bsf_fw_stage2_live_v1, test=live_media_characterization, duration_plan=5h, target_reference=28-30C, phase=stage2_live_recovery, safety=normal, heater_demand_pct=0.0, intake_pwm=80, exhaust_pwm=80, relay=OFF, note=270-300+ min recovery; heater OFF; fans LOW; safe observation after characterization"
2026-07-09T01:27:03.874801+00:00;23465;stage2_characterization_01;2;stage2_live_recovery;stage2_characterization;28;30;27.2;65.4;27;57.5;26.56;3123;0.200001;7.900002;0;0;0;80;80;normal;;-40;"firmware=bsf_fw_stage2_live_v1, test=live_media_characterization, duration_plan=5h, target_reference=28-30C, phase=stage2_live_recovery, safety=normal, heater_demand_pct=0.0, intake_pwm=80, exhaust_pwm=80, relay=OFF, note=270-300+ min recovery; heater OFF; fans LOW; safe observation after characterization"
2026-07-09T01:27:34.302219+00:00;23495;stage2_characterization_01;2;stage2_live_recovery;stage2_characterization;28;30;27.2;65.3;27.1;57.4;26.63;3123;0.1;7.900002;0;0;0;80;80;normal;;-41;"firmware=bsf_fw_stage2_live_v1, test=live_media_characterization, duration_plan=5h, target_reference=28-30C, phase=stage2_live_recovery, safety=normal, heater_demand_pct=0.0, intake_pwm=80, exhaust_pwm=80, relay=OFF, note=270-300+ min recovery; heater OFF; fans LOW; safe observation after characterization"
2026-07-09T01:28:05.041004+00:00;23525;stage2_characterization_01;2;stage2_live_recovery;stage2_characterization;28;30;27.2;65.4;27.1;57.6;26.63;3167;0.1;7.800003;0;0;0;80;80;normal;;-39;"firmware=bsf_fw_stage2_live_v1, test=live_media_characterization, duration_plan=5h, target_reference=28-30C, phase=stage2_live_recovery, safety=normal, heater_demand_pct=0.0, intake_pwm=80, exhaust_pwm=80, relay=OFF, note=270-300+ min recovery; heater OFF; fans LOW; safe observation after characterization"
2026-07-09T01:28:35.930385+00:00;23555;stage2_characterization_01;2;stage2_live_recovery;stage2_characterization;28;30;27.2;65.3;27.1;57.3;26.63;3141;0.1;8.000004;0;0;0;80;80;normal;;-41;"firmware=bsf_fw_stage2_live_v1, test=live_media_characterization, duration_plan=5h, target_reference=28-30C, phase=stage2_live_recovery, safety=normal, heater_demand_pct=0.0, intake_pwm=80, exhaust_pwm=80, relay=OFF, note=270-300+ min recovery; heater OFF; fans LOW; safe observation after characterization"
2026-07-09T01:29:03.863045+00:00;23585;stage2_characterization_01;2;stage2_live_recovery;stage2_characterization;28;30;27.2;65.6;27.1;57.7;26.56;3152;0.1;7.899998;0;0;0;80;80;normal;;-37;"firmware=bsf_fw_stage2_live_v1, test=live_media_characterization, duration_plan=5h, target_reference=28-30C, phase=stage2_live_recovery, safety=normal, heater_demand_pct=0.0, intake_pwm=80, exhaust_pwm=80, relay=OFF, note=270-300+ min recovery; heater OFF; fans LOW; safe observation after characterization"
2026-07-09T01:29:33.891271+00:00;23615;stage2_characterization_01;2;stage2_live_recovery;stage2_characterization;28;30;27.2;65.7;27;57.7;26.63;3165;0.200001;7.999996;0;0;0;80;80;normal;;-42;"firmware=bsf_fw_stage2_live_v1, test=live_media_characterization, duration_plan=5h, target_reference=28-30C, phase=stage2_live_recovery, safety=normal, heater_demand_pct=0.0, intake_pwm=80, exhaust_pwm=80, relay=OFF, note=270-300+ min recovery; heater OFF; fans LOW; safe observation after characterization"
2026-07-09T01:30:05.077494+00:00;23645;stage2_characterization_01;2;stage2_live_recovery;stage2_characterization;28;30;27.2;65.1;27;57.9;26.63;3163;0.200001;7.199997;0;0;0;80;80;normal;;-39;"firmware=bsf_fw_stage2_live_v1, test=live_media_characterization, duration_plan=5h, target_reference=28-30C, phase=stage2_live_recovery, safety=normal, heater_demand_pct=0.0, intake_pwm=80, exhaust_pwm=80, relay=OFF, note=270-300+ min recovery; heater OFF; fans LOW; safe observation after characterization"
